pair_id,round_idx,side,runs,seed,left,right,p1_wins,p2_wins,draws,mapped_a_wins,mapped_b_wins,games,avg_ms
AIFBotMCTS_vs_Sakkirina,0,LEFT_A,4,8499750808649741722,grpc:AIFBotMCTS,Sakkirina,2,2,0,2,2,4,
AIFBotMCTS_vs_Sakkirina,0,LEFT_B,4,11586371780982595902,Sakkirina,grpc:AIFBotMCTS,3,1,0,1,3,4,
AIFBotMCTS_vs_Sakkirina,1,LEFT_A,4,17473754479478651019,grpc:AIFBotMCTS,Sakkirina,1,3,0,1,3,4,
AIFBotMCTS_vs_Sakkirina,1,LEFT_B,4,16146312746891460933,Sakkirina,grpc:AIFBotMCTS,3,1,0,1,3,4,
AIFBotMCTS_vs_Sakkirina,2,LEFT_A,4,17907596606787409610,grpc:AIFBotMCTS,Sakkirina,1,3,0,1,3,4,
AIFBotMCTS_vs_Sakkirina,2,LEFT_B,4,6849144727151229349,Sakkirina,grpc:AIFBotMCTS,3,1,0,1,3,4,
AIFBotMCTS_vs_Sakkirina,3,LEFT_A,4,3802183618126534536,grpc:AIFBotMCTS,Sakkirina,2,2,0,2,2,4,
AIFBotMCTS_vs_Sakkirina,3,LEFT_B,4,14592924432775295142,Sakkirina,grpc:AIFBotMCTS,3,1,0,1,3,4,
AIFBotMCTS_vs_Sakkirina,4,LEFT_A,4,10748469058310063906,grpc:AIFBotMCTS,Sakkirina,2,2,0,2,2,4,
AIFBotMCTS_vs_Sakkirina,4,LEFT_B,4,17205921497174794627,Sakkirina,grpc:AIFBotMCTS,3,1,0,1,3,4,
AIFBotMCTS_vs_Sakkirina,5,LEFT_A,4,293103277841142267,grpc:AIFBotMCTS,Sakkirina,1,3,0,1,3,4,
AIFBotMCTS_vs_Sakkirina,5,LEFT_B,4,14631699535382380905,Sakkirina,grpc:AIFBotMCTS,3,1,0,1,3,4,
AIFBotMCTS_vs_Sakkirina,6,LEFT_A,4,3311472388760392632,grpc:AIFBotMCTS,Sakkirina,0,4,0,0,4,4,
AIFBotMCTS_vs_Sakkirina,6,LEFT_B,4,14742122941384271000,Sakkirina,grpc:AIFBotMCTS,3,1,0,1,3,4,
AIFBotMCTS_vs_Sakkirina,7,LEFT_A,4,14683658996851976579,grpc:AIFBotMCTS,Sakkirina,2,2,0,2,2,4,
AIFBotMCTS_vs_Sakkirina,7,LEFT_B,4,1314588239384006763,Sakkirina,grpc:AIFBotMCTS,3,1,0,1,3,4,
AIFBotMCTS_vs_Sakkirina,8,LEFT_A,4,1844787316686122964,grpc:AIFBotMCTS,Sakkirina,1,3,0,1,3,4,
AIFBotMCTS_vs_Sakkirina,8,LEFT_B,4,10470285186274700953,Sakkirina,grpc:AIFBotMCTS,4,0,0,0,4,4,
AIFBotMCTS_vs_Sakkirina,9,LEFT_A,4,12916636129269922579,grpc:AIFBotMCTS,Sakkirina,2,2,0,2,2,4,
AIFBotMCTS_vs_Sakkirina,9,LEFT_B,4,12972861081700518904,Sakkirina,grpc:AIFBotMCTS,2,2,0,2,2,4,
AIFBotMCTS_vs_Sakkirina,10,LEFT_A,4,2238490902105213911,grpc:AIFBotMCTS,Sakkirina,1,3,0,1,3,4,
AIFBotMCTS_vs_Sakkirina,10,LEFT_B,4,14994355729244198505,Sakkirina,grpc:AIFBotMCTS,3,1,0,1,3,4,
AIFBotMCTS_vs_Sakkirina,11,LEFT_A,4,12302719672567390061,grpc:AIFBotMCTS,Sakkirina,1,3,0,1,3,4,
AIFBotMCTS_vs_Sakkirina,11,LEFT_B,4,12022734109842295844,Sakkirina,grpc:AIFBotMCTS,3,1,0,1,3,4,
AIFBotMCTS_vs_Sakkirina,12,LEFT_A,4,16456849473140640040,grpc:AIFBotMCTS,Sakkirina,1,3,0,1,3,4,
AIFBotMCTS_vs_Sakkirina,12,LEFT_B,4,17686363875015534980,Sakkirina,grpc:AIFBotMCTS,3,1,0,1,3,4,
AIFBotMCTS_vs_Sakkirina,13,LEFT_A,4,7841284279536851928,grpc:AIFBotMCTS,Sakkirina,3,1,0,3,1,4,
AIFBotMCTS_vs_Sakkirina,13,LEFT_B,4,4674467016511652478,Sakkirina,grpc:AIFBotMCTS,3,1,0,1,3,4,
AIFBotMCTS_vs_Sakkirina,14,LEFT_A,4,6738700709979551202,grpc:AIFBotMCTS,Sakkirina,2,2,0,2,2,4,
AIFBotMCTS_vs_Sakkirina,14,LEFT_B,4,10091917066310741969,Sakkirina,grpc:AIFBotMCTS,4,0,0,0,4,4,
AIFBotMCTS_vs_Sakkirina,15,LEFT_A,4,8325126916712037021,grpc:AIFBotMCTS,Sakkirina,2,2,0,2,2,4,
AIFBotMCTS_vs_Sakkirina,15,LEFT_B,4,12072478446713235260,Sakkirina,grpc:AIFBotMCTS,3,1,0,1,3,4,
AIFBotMCTS_vs_Sakkirina,16,LEFT_A,4,18370444301731436878,grpc:AIFBotMCTS,Sakkirina,0,4,0,0,4,4,
AIFBotMCTS_vs_Sakkirina,16,LEFT_B,4,12195505286192882989,Sakkirina,grpc:AIFBotMCTS,3,1,0,1,3,4,
AIFBotMCTS_vs_Sakkirina,17,LEFT_A,4,3436457993837224289,grpc:AIFBotMCTS,Sakkirina,0,4,0,0,4,4,
AIFBotMCTS_vs_Sakkirina,17,LEFT_B,4,2495080127312883422,Sakkirina,grpc:AIFBotMCTS,4,0,0,0,4,4,
AIFBotMCTS_vs_Sakkirina,18,LEFT_A,4,18204825656338833963,grpc:AIFBotMCTS,Sakkirina,1,3,0,1,3,4,
AIFBotMCTS_vs_Sakkirina,18,LEFT_B,4,897474793494709590,Sakkirina,grpc:AIFBotMCTS,3,1,0,1,3,4,
AIFBotMCTS_vs_Sakkirina,19,LEFT_A,4,6623510505306817706,grpc:AIFBotMCTS,Sakkirina,1,3,0,1,3,4,
AIFBotMCTS_vs_Sakkirina,19,LEFT_B,4,13008135446892659469,Sakkirina,grpc:AIFBotMCTS,3,1,0,1,3,4,
AIFBotMCTS_vs_Sakkirina,20,LEFT_A,4,4317544180501911907,grpc:AIFBotMCTS,Sakkirina,1,3,0,1,3,4,
AIFBotMCTS_vs_Sakkirina,20,LEFT_B,4,12564347093654427006,Sakkirina,grpc:AIFBotMCTS,3,1,0,1,3,4,
AIFBotMCTS_vs_Sakkirina,21,LEFT_A,4,17789015524582884931,grpc:AIFBotMCTS,Sakkirina,2,2,0,2,2,4,
AIFBotMCTS_vs_Sakkirina,21,LEFT_B,4,13994163044268939208,Sakkirina,grpc:AIFBotMCTS,3,1,0,1,3,4,
AIFBotMCTS_vs_Sakkirina,22,LEFT_A,4,8760948763151458092,grpc:AIFBotMCTS,Sakkirina,3,1,0,3,1,4,
AIFBotMCTS_vs_Sakkirina,22,LEFT_B,4,5380593416334220219,Sakkirina,grpc:AIFBotMCTS,4,0,0,0,4,4,
AIFBotMCTS_vs_Sakkirina,23,LEFT_A,4,1245520129698492670,grpc:AIFBotMCTS,Sakkirina,0,4,0,0,4,4,
AIFBotMCTS_vs_Sakkirina,23,LEFT_B,4,14345865152025815976,Sakkirina,grpc:AIFBotMCTS,3,1,0,1,3,4,
AIFBotMCTS_vs_Sakkirina,24,LEFT_A,4,14073682262694145893,grpc:AIFBotMCTS,Sakkirina,0,4,0,0,4,4,
AIFBotMCTS_vs_Sakkirina,24,LEFT_B,4,13842922540365130176,Sakkirina,grpc:AIFBotMCTS,2,2,0,2,2,4,
AIFBotMCTS_vs_Sakkirina,25,LEFT_A,4,9697160343316197244,grpc:AIFBotMCTS,Sakkirina,3,1,0,3,1,4,
AIFBotMCTS_vs_Sakkirina,25,LEFT_B,4,7478070450796858549,Sakkirina,grpc:AIFBotMCTS,2,2,0,2,2,4,
AIFBotMCTS_vs_Sakkirina,26,LEFT_A,4,11004494247806715662,grpc:AIFBotMCTS,Sakkirina,2,2,0,2,2,4,
AIFBotMCTS_vs_Sakkirina,26,LEFT_B,4,1456584613589419269,Sakkirina,grpc:AIFBotMCTS,4,0,0,0,4,4,
AIFBotMCTS_vs_Sakkirina,27,LEFT_A,4,5704859976788416002,grpc:AIFBotMCTS,Sakkirina,2,2,0,2,2,4,
AIFBotMCTS_vs_Sakkirina,27,LEFT_B,4,814140513487223190,Sakkirina,grpc:AIFBotMCTS,4,0,0,0,4,4,
AIFBotMCTS_vs_Sakkirina,28,LEFT_A,4,6839434757666821760,grpc:AIFBotMCTS,Sakkirina,2,2,0,2,2,4,
AIFBotMCTS_vs_Sakkirina,28,LEFT_B,4,5925832461675385662,Sakkirina,grpc:AIFBotMCTS,4,0,0,0,4,4,
AIFBotMCTS_vs_Sakkirina,29,LEFT_A,4,4231128590842582875,grpc:AIFBotMCTS,Sakkirina,1,3,0,1,3,4,
AIFBotMCTS_vs_Sakkirina,29,LEFT_B,4,2566873519125325660,Sakkirina,grpc:AIFBotMCTS,2,2,0,2,2,4,
AIFBotMCTS_vs_Sakkirina,30,LEFT_A,4,7512594157289326341,grpc:AIFBotMCTS,Sakkirina,3,1,0,3,1,4,
AIFBotMCTS_vs_Sakkirina,30,LEFT_B,4,16135145248119078801,Sakkirina,grpc:AIFBotMCTS,3,1,0,1,3,4,
AIFBotMCTS_vs_Sakkirina,31,LEFT_A,4,14349176214131001076,grpc:AIFBotMCTS,Sakkirina,1,3,0,1,3,4,
AIFBotMCTS_vs_Sakkirina,31,LEFT_B,4,7701321828987452119,Sakkirina,grpc:AIFBotMCTS,1,3,0,3,1,4,
AIFBotMCTS_vs_Sakkirina,32,LEFT_A,4,2677721359130132104,grpc:AIFBotMCTS,Sakkirina,1,3,0,1,3,4,
AIFBotMCTS_vs_Sakkirina,32,LEFT_B,4,8924645836158248492,Sakkirina,grpc:AIFBotMCTS,2,2,0,2,2,4,
AIFBotMCTS_vs_Sakkirina,33,LEFT_A,4,5731601714792232538,grpc:AIFBotMCTS,Sakkirina,3,1,0,3,1,4,
AIFBotMCTS_vs_Sakkirina,33,LEFT_B,4,14823086221564376745,Sakkirina,grpc:AIFBotMCTS,4,0,0,0,4,4,
AIFBotMCTS_vs_Sakkirina,34,LEFT_A,4,9766922547661922573,grpc:AIFBotMCTS,Sakkirina,1,3,0,1,3,4,
AIFBotMCTS_vs_Sakkirina,34,LEFT_B,4,14510051505607273825,Sakkirina,grpc:AIFBotMCTS,3,1,0,1,3,4,
AIFBotMCTS_vs_Sakkirina,35,LEFT_A,4,7636207300638357975,grpc:AIFBotMCTS,Sakkirina,3,1,0,3,1,4,
AIFBotMCTS_vs_Sakkirina,35,LEFT_B,4,5306018337357576196,Sakkirina,grpc:AIFBotMCTS,4,0,0,0,4,4,
