pair_id,round_idx,side,runs,seed,left,right,p1_wins,p2_wins,draws,mapped_a_wins,mapped_b_wins,games,avg_ms
AIFBotMCTS_vs_Nangert_submission_v4,0,LEFT_A,4,5593208083717242678,grpc:AIFBotMCTS,grpc:Nangert_submission_v4,4,0,0,4,0,4,
AIFBotMCTS_vs_Nangert_submission_v4,0,LEFT_B,4,9521611981933955762,grpc:Nangert_submission_v4,grpc:AIFBotMCTS,4,0,0,0,4,4,
AIFBotMCTS_vs_Nangert_submission_v4,1,LEFT_A,4,12132953928520167923,grpc:AIFBotMCTS,grpc:Nangert_submission_v4,4,0,0,4,0,4,
AIFBotMCTS_vs_Nangert_submission_v4,1,LEFT_B,4,4618342115052194780,grpc:Nangert_submission_v4,grpc:AIFBotMCTS,2,2,0,2,2,4,
AIFBotMCTS_vs_Nangert_submission_v4,2,LEFT_A,4,4703004496814383023,grpc:AIFBotMCTS,grpc:Nangert_submission_v4,1,3,0,1,3,4,
AIFBotMCTS_vs_Nangert_submission_v4,2,LEFT_B,4,5269756390947053749,grpc:Nangert_submission_v4,grpc:AIFBotMCTS,2,2,0,2,2,4,
AIFBotMCTS_vs_Nangert_submission_v4,3,LEFT_A,4,16895632664609361500,grpc:AIFBotMCTS,grpc:Nangert_submission_v4,3,1,0,3,1,4,
AIFBotMCTS_vs_Nangert_submission_v4,3,LEFT_B,4,6090674026297349856,grpc:Nangert_submission_v4,grpc:AIFBotMCTS,3,1,0,1,3,4,
AIFBotMCTS_vs_Nangert_submission_v4,4,LEFT_A,4,5628448491090403037,grpc:AIFBotMCTS,grpc:Nangert_submission_v4,2,2,0,2,2,4,
AIFBotMCTS_vs_Nangert_submission_v4,4,LEFT_B,4,11092735011117711640,grpc:Nangert_submission_v4,grpc:AIFBotMCTS,3,1,0,1,3,4,
AIFBotMCTS_vs_Nangert_submission_v4,5,LEFT_A,4,13694095365155827059,grpc:AIFBotMCTS,grpc:Nangert_submission_v4,4,0,0,4,0,4,
AIFBotMCTS_vs_Nangert_submission_v4,5,LEFT_B,4,14157773671563766773,grpc:Nangert_submission_v4,grpc:AIFBotMCTS,3,1,0,1,3,4,
AIFBotMCTS_vs_Nangert_submission_v4,6,LEFT_A,4,3825136338286801854,grpc:AIFBotMCTS,grpc:Nangert_submission_v4,4,0,0,4,0,4,
AIFBotMCTS_vs_Nangert_submission_v4,6,LEFT_B,4,17800913593091279990,grpc:Nangert_submission_v4,grpc:AIFBotMCTS,4,0,0,0,4,4,
AIFBotMCTS_vs_Nangert_submission_v4,7,LEFT_A,4,2647032225612576882,grpc:AIFBotMCTS,grpc:Nangert_submission_v4,2,2,0,2,2,4,
AIFBotMCTS_vs_Nangert_submission_v4,7,LEFT_B,4,12019609576285872372,grpc:Nangert_submission_v4,grpc:AIFBotMCTS,2,2,0,2,2,4,
AIFBotMCTS_vs_Nangert_submission_v4,8,LEFT_A,4,16564158319265133152,grpc:AIFBotMCTS,grpc:Nangert_submission_v4,3,1,0,3,1,4,
AIFBotMCTS_vs_Nangert_submission_v4,8,LEFT_B,4,10440747124937555323,grpc:Nangert_submission_v4,grpc:AIFBotMCTS,3,1,0,1,3,4,
AIFBotMCTS_vs_Nangert_submission_v4,9,LEFT_A,4,2451535620549396676,grpc:AIFBotMCTS,grpc:Nangert_submission_v4,4,0,0,4,0,4,
AIFBotMCTS_vs_Nangert_submission_v4,9,LEFT_B,4,11047516395426102434,grpc:Nangert_submission_v4,grpc:AIFBotMCTS,2,2,0,2,2,4,
AIFBotMCTS_vs_Nangert_submission_v4,10,LEFT_A,4,2699675329106055409,grpc:AIFBotMCTS,grpc:Nangert_submission_v4,2,2,0,2,2,4,
AIFBotMCTS_vs_Nangert_submission_v4,10,LEFT_B,4,8972546694823577503,grpc:Nangert_submission_v4,grpc:AIFBotMCTS,2,2,0,2,2,4,
AIFBotMCTS_vs_Nangert_submission_v4,11,LEFT_A,4,8672544691716073360,grpc:AIFBotMCTS,grpc:Nangert_submission_v4,4,0,0,4,0,4,
AIFBotMCTS_vs_Nangert_submission_v4,11,LEFT_B,4,11939629146294033836,grpc:Nangert_submission_v4,grpc:AIFBotMCTS,2,2,0,2,2,4,
AIFBotMCTS_vs_Nangert_submission_v4,12,LEFT_A,4,1159314032709157520,grpc:AIFBotMCTS,grpc:Nangert_submission_v4,3,1,0,3,1,4,
AIFBotMCTS_vs_Nangert_submission_v4,12,LEFT_B,4,4820408027563228510,grpc:Nangert_submission_v4,grpc:AIFBotMCTS,3,1,0,1,3,4,
AIFBotMCTS_vs_Nangert_submission_v4,13,LEFT_A,4,15369778966134890475,grpc:AIFBotMCTS,grpc:Nangert_submission_v4,4,0,0,4,0,4,
AIFBotMCTS_vs_Nangert_submission_v4,13,LEFT_B,4,5550887324670591201,grpc:Nangert_submission_v4,grpc:AIFBotMCTS,3,1,0,1,3,4,
AIFBotMCTS_vs_Nangert_submission_v4,14,LEFT_A,4,6682693004496186379,grpc:AIFBotMCTS,grpc:Nangert_submission_v4,3,1,0,3,1,4,
AIFBotMCTS_vs_Nangert_submission_v4,14,LEFT_B,4,5607976812449226857,grpc:Nangert_submission_v4,grpc:AIFBotMCTS,0,4,0,4,0,4,
AIFBotMCTS_vs_Nangert_submission_v4,15,LEFT_A,4,10097842348912169791,grpc:AIFBotMCTS,grpc:Nangert_submission_v4,4,0,0,4,0,4,
AIFBotMCTS_vs_Nangert_submission_v4,15,LEFT_B,4,10349053653140577805,grpc:Nangert_submission_v4,grpc:AIFBotMCTS,2,2,0,2,2,4,
AIFBotMCTS_vs_Nangert_submission_v4,16,LEFT_A,4,8048543542197783089,grpc:AIFBotMCTS,grpc:Nangert_submission_v4,4,0,0,4,0,4,
AIFBotMCTS_vs_Nangert_submission_v4,16,LEFT_B,4,14847656368317946173,grpc:Nangert_submission_v4,grpc:AIFBotMCTS,4,0,0,0,4,4,
AIFBotMCTS_vs_Nangert_submission_v4,17,LEFT_A,4,16419661092402721794,grpc:AIFBotMCTS,grpc:Nangert_submission_v4,4,0,0,4,0,4,
AIFBotMCTS_vs_Nangert_submission_v4,17,LEFT_B,4,18261134235117383003,grpc:Nangert_submission_v4,grpc:AIFBotMCTS,2,2,0,2,2,4,
AIFBotMCTS_vs_Nangert_submission_v4,18,LEFT_A,4,1824232150935291354,grpc:AIFBotMCTS,grpc:Nangert_submission_v4,3,1,0,3,1,4,
AIFBotMCTS_vs_Nangert_submission_v4,18,LEFT_B,4,9666026544545057650,grpc:Nangert_submission_v4,grpc:AIFBotMCTS,2,2,0,2,2,4,
AIFBotMCTS_vs_Nangert_submission_v4,19,LEFT_A,4,5009163601698353505,grpc:AIFBotMCTS,grpc:Nangert_submission_v4,3,1,0,3,1,4,
AIFBotMCTS_vs_Nangert_submission_v4,19,LEFT_B,4,6825888520289830993,grpc:Nangert_submission_v4,grpc:AIFBotMCTS,1,3,0,3,1,4,
AIFBotMCTS_vs_Nangert_submission_v4,20,LEFT_A,4,13058805098979645021,grpc:AIFBotMCTS,grpc:Nangert_submission_v4,3,1,0,3,1,4,
AIFBotMCTS_vs_Nangert_submission_v4,20,LEFT_B,4,9130847037269793958,grpc:Nangert_submission_v4,grpc:AIFBotMCTS,2,2,0,2,2,4,
AIFBotMCTS_vs_Nangert_submission_v4,21,LEFT_A,4,6451163157173885361,grpc:AIFBotMCTS,grpc:Nangert_submission_v4,3,1,0,3,1,4,
AIFBotMCTS_vs_Nangert_submission_v4,21,LEFT_B,4,17953668586730089763,grpc:Nangert_submission_v4,grpc:AIFBotMCTS,2,2,0,2,2,4,
AIFBotMCTS_vs_Nangert_submission_v4,22,LEFT_A,4,15205792470323585547,grpc:AIFBotMCTS,grpc:Nangert_submission_v4,4,0,0,4,0,4,
AIFBotMCTS_vs_Nangert_submission_v4,22,LEFT_B,4,15036285810005868584,grpc:Nangert_submission_v4,grpc:AIFBotMCTS,3,1,0,1,3,4,
AIFBotMCTS_vs_Nangert_submission_v4,23,LEFT_A,4,15502063217916494368,grpc:AIFBotMCTS,grpc:Nangert_submission_v4,2,2,0,2,2,4,
AIFBotMCTS_vs_Nangert_submission_v4,23,LEFT_B,4,18327678305211949782,grpc:Nangert_submission_v4,grpc:AIFBotMCTS,0,4,0,4,0,4,
AIFBotMCTS_vs_Nangert_submission_v4,24,LEFT_A,4,10770889738354089243,grpc:AIFBotMCTS,grpc:Nangert_submission_v4,3,1,0,3,1,4,
AIFBotMCTS_vs_Nangert_submission_v4,24,LEFT_B,4,841573941146547826,grpc:Nangert_submission_v4,grpc:AIFBotMCTS,2,2,0,2,2,4,
AIFBotMCTS_vs_Nangert_submission_v4,25,LEFT_A,4,12175093432116241438,grpc:AIFBotMCTS,grpc:Nangert_submission_v4,3,1,0,3,1,4,
AIFBotMCTS_vs_Nangert_submission_v4,25,LEFT_B,4,16968479912035427862,grpc:Nangert_submission_v4,grpc:AIFBotMCTS,3,1,0,1,3,4,
AIFBotMCTS_vs_Nangert_submission_v4,26,LEFT_A,4,8720419126749479844,grpc:AIFBotMCTS,grpc:Nangert_submission_v4,3,1,0,3,1,4,
AIFBotMCTS_vs_Nangert_submission_v4,26,LEFT_B,4,10284849426040626496,grpc:Nangert_submission_v4,grpc:AIFBotMCTS,3,1,0,1,3,4,
AIFBotMCTS_vs_Nangert_submission_v4,27,LEFT_A,4,18019462929388543321,grpc:AIFBotMCTS,grpc:Nangert_submission_v4,2,2,0,2,2,4,
AIFBotMCTS_vs_Nangert_submission_v4,27,LEFT_B,4,2157423417151252425,grpc:Nangert_submission_v4,grpc:AIFBotMCTS,4,0,0,0,4,4,
AIFBotMCTS_vs_Nangert_submission_v4,28,LEFT_A,4,3316742719481253119,grpc:AIFBotMCTS,grpc:Nangert_submission_v4,1,3,0,1,3,4,
AIFBotMCTS_vs_Nangert_submission_v4,28,LEFT_B,4,8865151843180062753,grpc:Nangert_submission_v4,grpc:AIFBotMCTS,4,0,0,0,4,4,
AIFBotMCTS_vs_Nangert_submission_v4,29,LEFT_A,4,7249021267672273628,grpc:AIFBotMCTS,grpc:Nangert_submission_v4,3,1,0,3,1,4,
AIFBotMCTS_vs_Nangert_submission_v4,29,LEFT_B,4,10504609479386644908,grpc:Nangert_submission_v4,grpc:AIFBotMCTS,3,1,0,1,3,4,
AIFBotMCTS_vs_Nangert_submission_v4,30,LEFT_A,4,7508656641903538898,grpc:AIFBotMCTS,grpc:Nangert_submission_v4,1,3,0,1,3,4,
AIFBotMCTS_vs_Nangert_submission_v4,30,LEFT_B,4,12782705399925899402,grpc:Nangert_submission_v4,grpc:AIFBotMCTS,1,3,0,3,1,4,
AIFBotMCTS_vs_Nangert_submission_v4,31,LEFT_A,4,3796845371168229399,grpc:AIFBotMCTS,grpc:Nangert_submission_v4,4,0,0,4,0,4,
AIFBotMCTS_vs_Nangert_submission_v4,31,LEFT_B,4,2745062487232190039,grpc:Nangert_submission_v4,grpc:AIFBotMCTS,1,3,0,3,1,4,
AIFBotMCTS_vs_Nangert_submission_v4,32,LEFT_A,4,17830204782258643123,grpc:AIFBotMCTS,grpc:Nangert_submission_v4,3,1,0,3,1,4,
AIFBotMCTS_vs_Nangert_submission_v4,32,LEFT_B,4,6144455613244302782,grpc:Nangert_submission_v4,grpc:AIFBotMCTS,3,1,0,1,3,4,
AIFBotMCTS_vs_Nangert_submission_v4,33,LEFT_A,4,5224731126262722528,grpc:AIFBotMCTS,grpc:Nangert_submission_v4,3,1,0,3,1,4,
AIFBotMCTS_vs_Nangert_submission_v4,33,LEFT_B,4,1986355040928964617,grpc:Nangert_submission_v4,grpc:AIFBotMCTS,3,1,0,1,3,4,
AIFBotMCTS_vs_Nangert_submission_v4,34,LEFT_A,4,8242853070869759381,grpc:AIFBotMCTS,grpc:Nangert_submission_v4,2,2,0,2,2,4,
AIFBotMCTS_vs_Nangert_submission_v4,34,LEFT_B,4,13499678232709377306,grpc:Nangert_submission_v4,grpc:AIFBotMCTS,1,3,0,3,1,4,
AIFBotMCTS_vs_Nangert_submission_v4,35,LEFT_A,4,182468958687022117,grpc:AIFBotMCTS,grpc:Nangert_submission_v4,1,3,0,1,3,4,
AIFBotMCTS_vs_Nangert_submission_v4,35,LEFT_B,4,17504982503136380066,grpc:Nangert_submission_v4,grpc:AIFBotMCTS,1,3,0,3,1,4,
