pair_id,round_idx,side,runs,seed,left,right,p1_wins,p2_wins,draws,mapped_a_wins,mapped_b_wins,games,avg_ms
AIFBotMCTS_vs_ZMyBot,0,LEFT_A,4,11300845423782573922,grpc:AIFBotMCTS,grpc:ZMyBot,3,1,0,3,1,4,
AIFBotMCTS_vs_ZMyBot,0,LEFT_B,4,10667490635752210335,grpc:ZMyBot,grpc:AIFBotMCTS,3,1,0,1,3,4,
AIFBotMCTS_vs_ZMyBot,1,LEFT_A,4,18026872701133989204,grpc:AIFBotMCTS,grpc:ZMyBot,4,0,0,4,0,4,
AIFBotMCTS_vs_ZMyBot,1,LEFT_B,4,14790893355995712124,grpc:ZMyBot,grpc:AIFBotMCTS,0,4,0,4,0,4,
AIFBotMCTS_vs_ZMyBot,2,LEFT_A,4,16325188518145390820,grpc:AIFBotMCTS,grpc:ZMyBot,4,0,0,4,0,4,
AIFBotMCTS_vs_ZMyBot,2,LEFT_B,4,17891438421882496368,grpc:ZMyBot,grpc:AIFBotMCTS,1,3,0,3,1,4,
AIFBotMCTS_vs_ZMyBot,3,LEFT_A,4,15763014212509189974,grpc:AIFBotMCTS,grpc:ZMyBot,4,0,0,4,0,4,
AIFBotMCTS_vs_ZMyBot,3,LEFT_B,4,2372330397965454102,grpc:ZMyBot,grpc:AIFBotMCTS,0,4,0,4,0,4,
AIFBotMCTS_vs_ZMyBot,4,LEFT_A,4,5687704947366119792,grpc:AIFBotMCTS,grpc:ZMyBot,4,0,0,4,0,4,
AIFBotMCTS_vs_ZMyBot,4,LEFT_B,4,16420883585551476374,grpc:ZMyBot,grpc:AIFBotMCTS,1,3,0,3,1,4,
AIFBotMCTS_vs_ZMyBot,5,LEFT_A,4,13331180364849665759,grpc:AIFBotMCTS,grpc:ZMyBot,4,0,0,4,0,4,
AIFBotMCTS_vs_ZMyBot,5,LEFT_B,4,7748780722589804300,grpc:ZMyBot,grpc:AIFBotMCTS,4,0,0,0,4,4,
AIFBotMCTS_vs_ZMyBot,6,LEFT_A,4,2004649460329740981,grpc:AIFBotMCTS,grpc:ZMyBot,2,2,0,2,2,4,
AIFBotMCTS_vs_ZMyBot,6,LEFT_B,4,12088994214516356382,grpc:ZMyBot,grpc:AIFBotMCTS,0,4,0,4,0,4,
AIFBotMCTS_vs_ZMyBot,7,LEFT_A,4,15881786135929665704,grpc:AIFBotMCTS,grpc:ZMyBot,4,0,0,4,0,4,
AIFBotMCTS_vs_ZMyBot,7,LEFT_B,4,101274271371729943,grpc:ZMyBot,grpc:AIFBotMCTS,2,2,0,2,2,4,
AIFBotMCTS_vs_ZMyBot,8,LEFT_A,4,13919204665545998836,grpc:AIFBotMCTS,grpc:ZMyBot,3,1,0,3,1,4,
AIFBotMCTS_vs_ZMyBot,8,LEFT_B,4,8985210578128416922,grpc:ZMyBot,grpc:AIFBotMCTS,1,3,0,3,1,4,
AIFBotMCTS_vs_ZMyBot,9,LEFT_A,4,8508989216544111124,grpc:AIFBotMCTS,grpc:ZMyBot,3,1,0,3,1,4,
AIFBotMCTS_vs_ZMyBot,9,LEFT_B,4,3831746494866879834,grpc:ZMyBot,grpc:AIFBotMCTS,0,4,0,4,0,4,
AIFBotMCTS_vs_ZMyBot,10,LEFT_A,4,1045906338376278875,grpc:AIFBotMCTS,grpc:ZMyBot,4,0,0,4,0,4,
AIFBotMCTS_vs_ZMyBot,10,LEFT_B,4,11340853132763874215,grpc:ZMyBot,grpc:AIFBotMCTS,2,2,0,2,2,4,
AIFBotMCTS_vs_ZMyBot,11,LEFT_A,4,4963453702556803710,grpc:AIFBotMCTS,grpc:ZMyBot,4,0,0,4,0,4,
AIFBotMCTS_vs_ZMyBot,11,LEFT_B,4,13182432861364339399,grpc:ZMyBot,grpc:AIFBotMCTS,0,4,0,4,0,4,
AIFBotMCTS_vs_ZMyBot,12,LEFT_A,4,12684719325980522083,grpc:AIFBotMCTS,grpc:ZMyBot,4,0,0,4,0,4,
AIFBotMCTS_vs_ZMyBot,12,LEFT_B,4,5005277096341326345,grpc:ZMyBot,grpc:AIFBotMCTS,1,3,0,3,1,4,
AIFBotMCTS_vs_ZMyBot,13,LEFT_A,4,5831126702132474625,grpc:AIFBotMCTS,grpc:ZMyBot,4,0,0,4,0,4,
AIFBotMCTS_vs_ZMyBot,13,LEFT_B,4,18340996267287308095,grpc:ZMyBot,grpc:AIFBotMCTS,0,4,0,4,0,4,
AIFBotMCTS_vs_ZMyBot,14,LEFT_A,4,3792347972154268194,grpc:AIFBotMCTS,grpc:ZMyBot,3,1,0,3,1,4,
AIFBotMCTS_vs_ZMyBot,14,LEFT_B,4,14407789734897427874,grpc:ZMyBot,grpc:AIFBotMCTS,2,2,0,2,2,4,
AIFBotMCTS_vs_ZMyBot,15,LEFT_A,4,4674739243180897748,grpc:AIFBotMCTS,grpc:ZMyBot,3,1,0,3,1,4,
AIFBotMCTS_vs_ZMyBot,15,LEFT_B,4,11355162403131994355,grpc:ZMyBot,grpc:AIFBotMCTS,0,4,0,4,0,4,
AIFBotMCTS_vs_ZMyBot,16,LEFT_A,4,633601838833376274,grpc:AIFBotMCTS,grpc:ZMyBot,3,1,0,3,1,4,
AIFBotMCTS_vs_ZMyBot,16,LEFT_B,4,9531620482321290061,grpc:ZMyBot,grpc:AIFBotMCTS,2,2,0,2,2,4,
AIFBotMCTS_vs_ZMyBot,17,LEFT_A,4,13411245824156830009,grpc:AIFBotMCTS,grpc:ZMyBot,4,0,0,4,0,4,
AIFBotMCTS_vs_ZMyBot,17,LEFT_B,4,3426701310489582325,grpc:ZMyBot,grpc:AIFBotMCTS,0,4,0,4,0,4,
AIFBotMCTS_vs_ZMyBot,18,LEFT_A,4,18243921815844379832,grpc:AIFBotMCTS,grpc:ZMyBot,3,1,0,3,1,4,
AIFBotMCTS_vs_ZMyBot,18,LEFT_B,4,4462973548319184308,grpc:ZMyBot,grpc:AIFBotMCTS,1,3,0,3,1,4,
AIFBotMCTS_vs_ZMyBot,19,LEFT_A,4,901746897003058229,grpc:AIFBotMCTS,grpc:ZMyBot,3,1,0,3,1,4,
AIFBotMCTS_vs_ZMyBot,19,LEFT_B,4,6862205213550538689,grpc:ZMyBot,grpc:AIFBotMCTS,0,4,0,4,0,4,
AIFBotMCTS_vs_ZMyBot,20,LEFT_A,4,17717743207780423378,grpc:AIFBotMCTS,grpc:ZMyBot,3,1,0,3,1,4,
AIFBotMCTS_vs_ZMyBot,20,LEFT_B,4,1282693740406024700,grpc:ZMyBot,grpc:AIFBotMCTS,1,3,0,3,1,4,
AIFBotMCTS_vs_ZMyBot,21,LEFT_A,4,1088846151820692258,grpc:AIFBotMCTS,grpc:ZMyBot,2,2,0,2,2,4,
AIFBotMCTS_vs_ZMyBot,21,LEFT_B,4,13868126790309196307,grpc:ZMyBot,grpc:AIFBotMCTS,1,3,0,3,1,4,
AIFBotMCTS_vs_ZMyBot,22,LEFT_A,4,12532957878280967955,grpc:AIFBotMCTS,grpc:ZMyBot,4,0,0,4,0,4,
AIFBotMCTS_vs_ZMyBot,22,LEFT_B,4,3555074863017880406,grpc:ZMyBot,grpc:AIFBotMCTS,1,3,0,3,1,4,
AIFBotMCTS_vs_ZMyBot,23,LEFT_A,4,4018957056811762147,grpc:AIFBotMCTS,grpc:ZMyBot,3,1,0,3,1,4,
AIFBotMCTS_vs_ZMyBot,23,LEFT_B,4,9135425541392578772,grpc:ZMyBot,grpc:AIFBotMCTS,2,2,0,2,2,4,
AIFBotMCTS_vs_ZMyBot,24,LEFT_A,4,6934325462913894202,grpc:AIFBotMCTS,grpc:ZMyBot,4,0,0,4,0,4,
AIFBotMCTS_vs_ZMyBot,24,LEFT_B,4,2732563746013191638,grpc:ZMyBot,grpc:AIFBotMCTS,2,2,0,2,2,4,
AIFBotMCTS_vs_ZMyBot,25,LEFT_A,4,17369127063636936246,grpc:AIFBotMCTS,grpc:ZMyBot,2,2,0,2,2,4,
AIFBotMCTS_vs_ZMyBot,25,LEFT_B,4,11923020306994303198,grpc:ZMyBot,grpc:AIFBotMCTS,1,3,0,3,1,4,
AIFBotMCTS_vs_ZMyBot,26,LEFT_A,4,9953104445725254715,grpc:AIFBotMCTS,grpc:ZMyBot,4,0,0,4,0,4,
AIFBotMCTS_vs_ZMyBot,26,LEFT_B,4,18326087870698043265,grpc:ZMyBot,grpc:AIFBotMCTS,1,3,0,3,1,4,
AIFBotMCTS_vs_ZMyBot,27,LEFT_A,4,9514028804830625404,grpc:AIFBotMCTS,grpc:ZMyBot,4,0,0,4,0,4,
AIFBotMCTS_vs_ZMyBot,27,LEFT_B,4,15271783026084691033,grpc:ZMyBot,grpc:AIFBotMCTS,1,3,0,3,1,4,
AIFBotMCTS_vs_ZMyBot,28,LEFT_A,4,10175655715959810120,grpc:AIFBotMCTS,grpc:ZMyBot,3,1,0,3,1,4,
AIFBotMCTS_vs_ZMyBot,28,LEFT_B,4,5281185896850342378,grpc:ZMyBot,grpc:AIFBotMCTS,1,3,0,3,1,4,
AIFBotMCTS_vs_ZMyBot,29,LEFT_A,4,7008283798674654536,grpc:AIFBotMCTS,grpc:ZMyBot,4,0,0,4,0,4,
AIFBotMCTS_vs_ZMyBot,29,LEFT_B,4,6918180728534046333,grpc:ZMyBot,grpc:AIFBotMCTS,1,3,0,3,1,4,
AIFBotMCTS_vs_ZMyBot,30,LEFT_A,4,11497772102576876764,grpc:AIFBotMCTS,grpc:ZMyBot,3,1,0,3,1,4,
AIFBotMCTS_vs_ZMyBot,30,LEFT_B,4,14063467980875655573,grpc:ZMyBot,grpc:AIFBotMCTS,1,3,0,3,1,4,
AIFBotMCTS_vs_ZMyBot,31,LEFT_A,4,14916625526673225778,grpc:AIFBotMCTS,grpc:ZMyBot,2,2,0,2,2,4,
AIFBotMCTS_vs_ZMyBot,31,LEFT_B,4,15179327370913216355,grpc:ZMyBot,grpc:AIFBotMCTS,1,3,0,3,1,4,
AIFBotMCTS_vs_ZMyBot,32,LEFT_A,4,17430371037234289182,grpc:AIFBotMCTS,grpc:ZMyBot,4,0,0,4,0,4,
AIFBotMCTS_vs_ZMyBot,32,LEFT_B,4,3599955241185929949,grpc:ZMyBot,grpc:AIFBotMCTS,1,3,0,3,1,4,
AIFBotMCTS_vs_ZMyBot,33,LEFT_A,4,3223829474194287365,grpc:AIFBotMCTS,grpc:ZMyBot,4,0,0,4,0,4,
AIFBotMCTS_vs_ZMyBot,33,LEFT_B,4,3631028952727324520,grpc:ZMyBot,grpc:AIFBotMCTS,1,3,0,3,1,4,
AIFBotMCTS_vs_ZMyBot,34,LEFT_A,4,16212988923660338616,grpc:AIFBotMCTS,grpc:ZMyBot,4,0,0,4,0,4,
AIFBotMCTS_vs_ZMyBot,34,LEFT_B,4,1305814093179306517,grpc:ZMyBot,grpc:AIFBotMCTS,2,2,0,2,2,4,
AIFBotMCTS_vs_ZMyBot,35,LEFT_A,4,16851408577327970553,grpc:AIFBotMCTS,grpc:ZMyBot,4,0,0,4,0,4,
AIFBotMCTS_vs_ZMyBot,35,LEFT_B,4,827058795382267716,grpc:ZMyBot,grpc:AIFBotMCTS,0,4,0,4,0,4,
