pair_id,round_idx,side,runs,seed,left,right,p1_wins,p2_wins,draws,mapped_a_wins,mapped_b_wins,games,avg_ms
AIFBotMCTS_vs_BestMCTS3,0,LEFT_A,4,7929293473927174360,grpc:AIFBotMCTS,BestMCTS3,1,3,0,1,3,4,
AIFBotMCTS_vs_BestMCTS3,0,LEFT_B,4,6508344831377167333,BestMCTS3,grpc:AIFBotMCTS,3,1,0,1,3,4,
AIFBotMCTS_vs_BestMCTS3,1,LEFT_A,4,16771016624444873894,grpc:AIFBotMCTS,BestMCTS3,3,1,0,3,1,4,
AIFBotMCTS_vs_BestMCTS3,1,LEFT_B,4,18408826923726532755,BestMCTS3,grpc:AIFBotMCTS,4,0,0,0,4,4,
AIFBotMCTS_vs_BestMCTS3,2,LEFT_A,4,13856571821316872072,grpc:AIFBotMCTS,BestMCTS3,2,2,0,2,2,4,
AIFBotMCTS_vs_BestMCTS3,2,LEFT_B,4,18407590855781369452,BestMCTS3,grpc:AIFBotMCTS,3,1,0,1,3,4,
AIFBotMCTS_vs_BestMCTS3,3,LEFT_A,4,11381111982485176262,grpc:AIFBotMCTS,BestMCTS3,3,1,0,3,1,4,
AIFBotMCTS_vs_BestMCTS3,3,LEFT_B,4,17831195202641727159,BestMCTS3,grpc:AIFBotMCTS,4,0,0,0,4,4,
AIFBotMCTS_vs_BestMCTS3,4,LEFT_A,4,7064538731959125097,grpc:AIFBotMCTS,BestMCTS3,2,2,0,2,2,4,
AIFBotMCTS_vs_BestMCTS3,4,LEFT_B,4,16218942591754697390,BestMCTS3,grpc:AIFBotMCTS,2,2,0,2,2,4,
AIFBotMCTS_vs_BestMCTS3,5,LEFT_A,4,4155078621546028671,grpc:AIFBotMCTS,BestMCTS3,2,2,0,2,2,4,
AIFBotMCTS_vs_BestMCTS3,5,LEFT_B,4,4650937357084367213,BestMCTS3,grpc:AIFBotMCTS,3,1,0,1,3,4,
AIFBotMCTS_vs_BestMCTS3,6,LEFT_A,4,4638958399268096617,grpc:AIFBotMCTS,BestMCTS3,0,4,0,0,4,4,
AIFBotMCTS_vs_BestMCTS3,6,LEFT_B,4,14071724353432399029,BestMCTS3,grpc:AIFBotMCTS,3,1,0,1,3,4,
AIFBotMCTS_vs_BestMCTS3,7,LEFT_A,4,16907975265798635535,grpc:AIFBotMCTS,BestMCTS3,0,4,0,0,4,4,
AIFBotMCTS_vs_BestMCTS3,7,LEFT_B,4,11640945571750096168,BestMCTS3,grpc:AIFBotMCTS,2,2,0,2,2,4,
AIFBotMCTS_vs_BestMCTS3,8,LEFT_A,4,13573032366246227039,grpc:AIFBotMCTS,BestMCTS3,1,3,0,1,3,4,
AIFBotMCTS_vs_BestMCTS3,8,LEFT_B,4,4964261651742720591,BestMCTS3,grpc:AIFBotMCTS,3,1,0,1,3,4,
AIFBotMCTS_vs_BestMCTS3,9,LEFT_A,4,4634107208044711967,grpc:AIFBotMCTS,BestMCTS3,2,2,0,2,2,4,
AIFBotMCTS_vs_BestMCTS3,9,LEFT_B,4,14161301383765675939,BestMCTS3,grpc:AIFBotMCTS,3,1,0,1,3,4,
AIFBotMCTS_vs_BestMCTS3,10,LEFT_A,4,16056541949890460153,grpc:AIFBotMCTS,BestMCTS3,2,2,0,2,2,4,
AIFBotMCTS_vs_BestMCTS3,10,LEFT_B,4,11165125156296032545,BestMCTS3,grpc:AIFBotMCTS,4,0,0,0,4,4,
AIFBotMCTS_vs_BestMCTS3,11,LEFT_A,4,2323430351941288877,grpc:AIFBotMCTS,BestMCTS3,1,3,0,1,3,4,
AIFBotMCTS_vs_BestMCTS3,11,LEFT_B,4,16291650272030286523,BestMCTS3,grpc:AIFBotMCTS,4,0,0,0,4,4,
AIFBotMCTS_vs_BestMCTS3,12,LEFT_A,4,14739506912191374650,grpc:AIFBotMCTS,BestMCTS3,3,1,0,3,1,4,
AIFBotMCTS_vs_BestMCTS3,12,LEFT_B,4,12352221806190925309,BestMCTS3,grpc:AIFBotMCTS,4,0,0,0,4,4,
AIFBotMCTS_vs_BestMCTS3,13,LEFT_A,4,2417279437289956384,grpc:AIFBotMCTS,BestMCTS3,3,1,0,3,1,4,
AIFBotMCTS_vs_BestMCTS3,13,LEFT_B,4,9920418421847250777,BestMCTS3,grpc:AIFBotMCTS,2,2,0,2,2,4,
AIFBotMCTS_vs_BestMCTS3,14,LEFT_A,4,18426268260979609221,grpc:AIFBotMCTS,BestMCTS3,0,4,0,0,4,4,
AIFBotMCTS_vs_BestMCTS3,14,LEFT_B,4,5289194123313209905,BestMCTS3,grpc:AIFBotMCTS,3,1,0,1,3,4,
AIFBotMCTS_vs_BestMCTS3,15,LEFT_A,4,13689215681843688954,grpc:AIFBotMCTS,BestMCTS3,1,3,0,1,3,4,
AIFBotMCTS_vs_BestMCTS3,15,LEFT_B,4,402953240555365878,BestMCTS3,grpc:AIFBotMCTS,3,1,0,1,3,4,
AIFBotMCTS_vs_BestMCTS3,16,LEFT_A,4,2166036621174657295,grpc:AIFBotMCTS,BestMCTS3,1,3,0,1,3,4,
AIFBotMCTS_vs_BestMCTS3,16,LEFT_B,4,15912975431110025446,BestMCTS3,grpc:AIFBotMCTS,3,1,0,1,3,4,
AIFBotMCTS_vs_BestMCTS3,17,LEFT_A,4,2668368725908765150,grpc:AIFBotMCTS,BestMCTS3,1,3,0,1,3,4,
AIFBotMCTS_vs_BestMCTS3,17,LEFT_B,4,18291407493497683649,BestMCTS3,grpc:AIFBotMCTS,4,0,0,0,4,4,
AIFBotMCTS_vs_BestMCTS3,18,LEFT_A,4,18250717387535090402,grpc:AIFBotMCTS,BestMCTS3,1,3,0,1,3,4,
AIFBotMCTS_vs_BestMCTS3,18,LEFT_B,4,2182447064644491507,BestMCTS3,grpc:AIFBotMCTS,4,0,0,0,4,4,
AIFBotMCTS_vs_BestMCTS3,19,LEFT_A,4,4317742789589614535,grpc:AIFBotMCTS,BestMCTS3,3,1,0,3,1,4,
AIFBotMCTS_vs_BestMCTS3,19,LEFT_B,4,14360857595300550816,BestMCTS3,grpc:AIFBotMCTS,3,1,0,1,3,4,
AIFBotMCTS_vs_BestMCTS3,20,LEFT_A,4,11496395961233691401,grpc:AIFBotMCTS,BestMCTS3,3,1,0,3,1,4,
AIFBotMCTS_vs_BestMCTS3,20,LEFT_B,4,11733435955800422491,BestMCTS3,grpc:AIFBotMCTS,3,1,0,1,3,4,
AIFBotMCTS_vs_BestMCTS3,21,LEFT_A,4,10892679851239170248,grpc:AIFBotMCTS,BestMCTS3,1,3,0,1,3,4,
AIFBotMCTS_vs_BestMCTS3,21,LEFT_B,4,15708774685981098269,BestMCTS3,grpc:AIFBotMCTS,4,0,0,0,4,4,
AIFBotMCTS_vs_BestMCTS3,22,LEFT_A,4,1724252952012841325,grpc:AIFBotMCTS,BestMCTS3,1,3,0,1,3,4,
AIFBotMCTS_vs_BestMCTS3,22,LEFT_B,4,18156044926331966493,BestMCTS3,grpc:AIFBotMCTS,4,0,0,0,4,4,
AIFBotMCTS_vs_BestMCTS3,23,LEFT_A,4,11274550956371812666,grpc:AIFBotMCTS,BestMCTS3,1,3,0,1,3,4,
AIFBotMCTS_vs_BestMCTS3,23,LEFT_B,4,1949409307302749876,BestMCTS3,grpc:AIFBotMCTS,3,1,0,1,3,4,
AIFBotMCTS_vs_BestMCTS3,24,LEFT_A,4,16370972911834146549,grpc:AIFBotMCTS,BestMCTS3,0,4,0,0,4,4,
AIFBotMCTS_vs_BestMCTS3,24,LEFT_B,4,202714651121712827,BestMCTS3,grpc:AIFBotMCTS,4,0,0,0,4,4,
AIFBotMCTS_vs_BestMCTS3,25,LEFT_A,4,14357994972030311937,grpc:AIFBotMCTS,BestMCTS3,3,1,0,3,1,4,
AIFBotMCTS_vs_BestMCTS3,25,LEFT_B,4,12130844377185914086,BestMCTS3,grpc:AIFBotMCTS,0,0,0,0,0,0,
AIFBotMCTS_vs_BestMCTS3,26,LEFT_A,4,3689082960618438669,grpc:AIFBotMCTS,BestMCTS3,1,3,0,1,3,4,
AIFBotMCTS_vs_BestMCTS3,26,LEFT_B,4,13477295885943670280,BestMCTS3,grpc:AIFBotMCTS,4,0,0,0,4,4,
AIFBotMCTS_vs_BestMCTS3,27,LEFT_A,4,4331678550669725049,grpc:AIFBotMCTS,BestMCTS3,1,3,0,1,3,4,
AIFBotMCTS_vs_BestMCTS3,27,LEFT_B,4,10821295224598353937,BestMCTS3,grpc:AIFBotMCTS,3,1,0,1,3,4,
AIFBotMCTS_vs_BestMCTS3,28,LEFT_A,4,11672554427828760737,grpc:AIFBotMCTS,BestMCTS3,0,4,0,0,4,4,
AIFBotMCTS_vs_BestMCTS3,28,LEFT_B,4,347947802396399714,BestMCTS3,grpc:AIFBotMCTS,3,1,0,1,3,4,
AIFBotMCTS_vs_BestMCTS3,29,LEFT_A,4,12266629481714249777,grpc:AIFBotMCTS,BestMCTS3,1,3,0,1,3,4,
AIFBotMCTS_vs_BestMCTS3,29,LEFT_B,4,17747294177056895347,BestMCTS3,grpc:AIFBotMCTS,3,1,0,1,3,4,
AIFBotMCTS_vs_BestMCTS3,30,LEFT_A,4,8088869659877660546,grpc:AIFBotMCTS,BestMCTS3,0,4,0,0,4,4,
AIFBotMCTS_vs_BestMCTS3,30,LEFT_B,4,9413956810531598967,BestMCTS3,grpc:AIFBotMCTS,4,0,0,0,4,4,
AIFBotMCTS_vs_BestMCTS3,31,LEFT_A,4,6204647601172352721,grpc:AIFBotMCTS,BestMCTS3,3,1,0,3,1,4,
AIFBotMCTS_vs_BestMCTS3,31,LEFT_B,4,10136030882898997432,BestMCTS3,grpc:AIFBotMCTS,2,2,0,2,2,4,
AIFBotMCTS_vs_BestMCTS3,32,LEFT_A,4,10816501107769689095,grpc:AIFBotMCTS,BestMCTS3,1,3,0,1,3,4,
AIFBotMCTS_vs_BestMCTS3,32,LEFT_B,4,5756964188421279732,BestMCTS3,grpc:AIFBotMCTS,4,0,0,0,4,4,
AIFBotMCTS_vs_BestMCTS3,33,LEFT_A,4,17254004981021313553,grpc:AIFBotMCTS,BestMCTS3,2,2,0,2,2,4,
AIFBotMCTS_vs_BestMCTS3,33,LEFT_B,4,9383021893246627859,BestMCTS3,grpc:AIFBotMCTS,3,1,0,1,3,4,
AIFBotMCTS_vs_BestMCTS3,34,LEFT_A,4,17658492705467320276,grpc:AIFBotMCTS,BestMCTS3,1,3,0,1,3,4,
AIFBotMCTS_vs_BestMCTS3,34,LEFT_B,4,12903582607658812330,BestMCTS3,grpc:AIFBotMCTS,4,0,0,0,4,4,
AIFBotMCTS_vs_BestMCTS3,35,LEFT_A,4,686268979661567827,grpc:AIFBotMCTS,BestMCTS3,1,3,0,1,3,4,
AIFBotMCTS_vs_BestMCTS3,35,LEFT_B,4,17772334151259116212,BestMCTS3,grpc:AIFBotMCTS,3,1,0,1,3,4,
AIFBotMCTS_vs_BestMCTS3,36,LEFT_A,4,67322378531801477,grpc:AIFBotMCTS,BestMCTS3,1,3,0,1,3,4,
AIFBotMCTS_vs_BestMCTS3,36,LEFT_B,4,3028659675744464013,BestMCTS3,grpc:AIFBotMCTS,3,1,0,1,3,4,
