pair_id,round_idx,side,runs,seed,left,right,p1_wins,p2_wins,draws,mapped_a_wins,mapped_b_wins,games,avg_ms
AIFBotMCTS_vs_MaltheMCTS,0,LEFT_A,4,7216237670191670045,grpc:AIFBotMCTS,MaltheMCTS,4,0,0,4,0,4,
AIFBotMCTS_vs_MaltheMCTS,0,LEFT_B,4,16370006191908839219,MaltheMCTS,grpc:AIFBotMCTS,0,4,0,4,0,4,
AIFBotMCTS_vs_MaltheMCTS,1,LEFT_A,4,12154313636012710770,grpc:AIFBotMCTS,MaltheMCTS,4,0,0,4,0,4,
AIFBotMCTS_vs_MaltheMCTS,1,LEFT_B,4,12174344439993025682,MaltheMCTS,grpc:AIFBotMCTS,0,4,0,4,0,4,
AIFBotMCTS_vs_MaltheMCTS,2,LEFT_A,4,10184985172735833775,grpc:AIFBotMCTS,MaltheMCTS,4,0,0,4,0,4,
AIFBotMCTS_vs_MaltheMCTS,2,LEFT_B,4,9735687323858927536,MaltheMCTS,grpc:AIFBotMCTS,1,3,0,3,1,4,
AIFBotMCTS_vs_MaltheMCTS,3,LEFT_A,4,11073146443099939061,grpc:AIFBotMCTS,MaltheMCTS,4,0,0,4,0,4,
AIFBotMCTS_vs_MaltheMCTS,3,LEFT_B,4,7564626065229485139,MaltheMCTS,grpc:AIFBotMCTS,0,4,0,4,0,4,
AIFBotMCTS_vs_MaltheMCTS,4,LEFT_A,4,11069690236549863715,grpc:AIFBotMCTS,MaltheMCTS,4,0,0,4,0,4,
AIFBotMCTS_vs_MaltheMCTS,4,LEFT_B,4,612064532877019782,MaltheMCTS,grpc:AIFBotMCTS,1,3,0,3,1,4,
AIFBotMCTS_vs_MaltheMCTS,5,LEFT_A,4,5326230467898209111,grpc:AIFBotMCTS,MaltheMCTS,4,0,0,4,0,4,
AIFBotMCTS_vs_MaltheMCTS,5,LEFT_B,4,3203253318357321700,MaltheMCTS,grpc:AIFBotMCTS,1,3,0,3,1,4,
AIFBotMCTS_vs_MaltheMCTS,6,LEFT_A,4,10459951382257909823,grpc:AIFBotMCTS,MaltheMCTS,4,0,0,4,0,4,
AIFBotMCTS_vs_MaltheMCTS,6,LEFT_B,4,1040659034508965723,MaltheMCTS,grpc:AIFBotMCTS,0,4,0,4,0,4,
AIFBotMCTS_vs_MaltheMCTS,7,LEFT_A,4,11073333254027720752,grpc:AIFBotMCTS,MaltheMCTS,4,0,0,4,0,4,
AIFBotMCTS_vs_MaltheMCTS,7,LEFT_B,4,5013763692305643863,MaltheMCTS,grpc:AIFBotMCTS,1,3,0,3,1,4,
AIFBotMCTS_vs_MaltheMCTS,8,LEFT_A,4,1092063203585388466,grpc:AIFBotMCTS,MaltheMCTS,4,0,0,4,0,4,
AIFBotMCTS_vs_MaltheMCTS,8,LEFT_B,4,18023609894225545465,MaltheMCTS,grpc:AIFBotMCTS,1,3,0,3,1,4,
AIFBotMCTS_vs_MaltheMCTS,9,LEFT_A,4,3839141516022548826,grpc:AIFBotMCTS,MaltheMCTS,3,1,0,3,1,4,
AIFBotMCTS_vs_MaltheMCTS,9,LEFT_B,4,117513033547631391,MaltheMCTS,grpc:AIFBotMCTS,1,3,0,3,1,4,
AIFBotMCTS_vs_MaltheMCTS,10,LEFT_A,4,12558661678737839217,grpc:AIFBotMCTS,MaltheMCTS,3,1,0,3,1,4,
AIFBotMCTS_vs_MaltheMCTS,10,LEFT_B,4,14883320573707484848,MaltheMCTS,grpc:AIFBotMCTS,1,3,0,3,1,4,
AIFBotMCTS_vs_MaltheMCTS,11,LEFT_A,4,18088404697652209805,grpc:AIFBotMCTS,MaltheMCTS,4,0,0,4,0,4,
AIFBotMCTS_vs_MaltheMCTS,11,LEFT_B,4,2732948892080493581,MaltheMCTS,grpc:AIFBotMCTS,1,3,0,3,1,4,
AIFBotMCTS_vs_MaltheMCTS,12,LEFT_A,4,2157357014826680557,grpc:AIFBotMCTS,MaltheMCTS,4,0,0,4,0,4,
AIFBotMCTS_vs_MaltheMCTS,12,LEFT_B,4,10360783439915451115,MaltheMCTS,grpc:AIFBotMCTS,1,3,0,3,1,4,
AIFBotMCTS_vs_MaltheMCTS,13,LEFT_A,4,8368317724125009891,grpc:AIFBotMCTS,MaltheMCTS,4,0,0,4,0,4,
AIFBotMCTS_vs_MaltheMCTS,13,LEFT_B,4,5773933449153963773,MaltheMCTS,grpc:AIFBotMCTS,1,3,0,3,1,4,
AIFBotMCTS_vs_MaltheMCTS,14,LEFT_A,4,4371009147161744481,grpc:AIFBotMCTS,MaltheMCTS,2,2,0,2,2,4,
AIFBotMCTS_vs_MaltheMCTS,14,LEFT_B,4,17560911729245853584,MaltheMCTS,grpc:AIFBotMCTS,1,3,0,3,1,4,
AIFBotMCTS_vs_MaltheMCTS,15,LEFT_A,4,10661648305539755440,grpc:AIFBotMCTS,MaltheMCTS,3,1,0,3,1,4,
AIFBotMCTS_vs_MaltheMCTS,15,LEFT_B,4,1163997346427397277,MaltheMCTS,grpc:AIFBotMCTS,1,3,0,3,1,4,
AIFBotMCTS_vs_MaltheMCTS,16,LEFT_A,4,15219440030813386859,grpc:AIFBotMCTS,MaltheMCTS,4,0,0,4,0,4,
AIFBotMCTS_vs_MaltheMCTS,16,LEFT_B,4,6244028688480513686,MaltheMCTS,grpc:AIFBotMCTS,1,3,0,3,1,4,
AIFBotMCTS_vs_MaltheMCTS,17,LEFT_A,4,2814263152497509495,grpc:AIFBotMCTS,MaltheMCTS,4,0,0,4,0,4,
AIFBotMCTS_vs_MaltheMCTS,17,LEFT_B,4,13228765494284771739,MaltheMCTS,grpc:AIFBotMCTS,0,4,0,4,0,4,
AIFBotMCTS_vs_MaltheMCTS,18,LEFT_A,4,10233828751317820855,grpc:AIFBotMCTS,MaltheMCTS,2,2,0,2,2,4,
AIFBotMCTS_vs_MaltheMCTS,18,LEFT_B,4,11062264780122571171,MaltheMCTS,grpc:AIFBotMCTS,3,1,0,1,3,4,
AIFBotMCTS_vs_MaltheMCTS,19,LEFT_A,4,14050672080737063500,grpc:AIFBotMCTS,MaltheMCTS,3,1,0,3,1,4,
AIFBotMCTS_vs_MaltheMCTS,19,LEFT_B,4,10944970161714974411,MaltheMCTS,grpc:AIFBotMCTS,0,4,0,4,0,4,
AIFBotMCTS_vs_MaltheMCTS,20,LEFT_A,4,9168805860214523925,grpc:AIFBotMCTS,MaltheMCTS,4,0,0,4,0,4,
AIFBotMCTS_vs_MaltheMCTS,20,LEFT_B,4,14883535356764725729,MaltheMCTS,grpc:AIFBotMCTS,0,4,0,4,0,4,
AIFBotMCTS_vs_MaltheMCTS,21,LEFT_A,4,13008420791516517066,grpc:AIFBotMCTS,MaltheMCTS,3,1,0,3,1,4,
AIFBotMCTS_vs_MaltheMCTS,21,LEFT_B,4,2513197148739310426,MaltheMCTS,grpc:AIFBotMCTS,1,3,0,3,1,4,
AIFBotMCTS_vs_MaltheMCTS,22,LEFT_A,4,13417917754977674689,grpc:AIFBotMCTS,MaltheMCTS,4,0,0,4,0,4,
AIFBotMCTS_vs_MaltheMCTS,22,LEFT_B,4,5297046172693122942,MaltheMCTS,grpc:AIFBotMCTS,0,4,0,4,0,4,
AIFBotMCTS_vs_MaltheMCTS,23,LEFT_A,4,12528431291703660265,grpc:AIFBotMCTS,MaltheMCTS,4,0,0,4,0,4,
AIFBotMCTS_vs_MaltheMCTS,23,LEFT_B,4,2208932773709672697,MaltheMCTS,grpc:AIFBotMCTS,0,4,0,4,0,4,
AIFBotMCTS_vs_MaltheMCTS,24,LEFT_A,4,3447111215548121702,grpc:AIFBotMCTS,MaltheMCTS,4,0,0,4,0,4,
AIFBotMCTS_vs_MaltheMCTS,24,LEFT_B,4,17505930432266176554,MaltheMCTS,grpc:AIFBotMCTS,0,4,0,4,0,4,
AIFBotMCTS_vs_MaltheMCTS,25,LEFT_A,4,11358324756246068101,grpc:AIFBotMCTS,MaltheMCTS,4,0,0,4,0,4,
AIFBotMCTS_vs_MaltheMCTS,25,LEFT_B,4,3071804435322754427,MaltheMCTS,grpc:AIFBotMCTS,0,4,0,4,0,4,
AIFBotMCTS_vs_MaltheMCTS,26,LEFT_A,4,7386874488178654652,grpc:AIFBotMCTS,MaltheMCTS,4,0,0,4,0,4,
AIFBotMCTS_vs_MaltheMCTS,26,LEFT_B,4,14621898712027378207,MaltheMCTS,grpc:AIFBotMCTS,1,3,0,3,1,4,
AIFBotMCTS_vs_MaltheMCTS,27,LEFT_A,4,17164481587970228226,grpc:AIFBotMCTS,MaltheMCTS,3,1,0,3,1,4,
AIFBotMCTS_vs_MaltheMCTS,27,LEFT_B,4,1749057140206455147,MaltheMCTS,grpc:AIFBotMCTS,0,4,0,4,0,4,
AIFBotMCTS_vs_MaltheMCTS,28,LEFT_A,4,11152469096140715130,grpc:AIFBotMCTS,MaltheMCTS,4,0,0,4,0,4,
AIFBotMCTS_vs_MaltheMCTS,28,LEFT_B,4,1824335466438942503,MaltheMCTS,grpc:AIFBotMCTS,1,3,0,3,1,4,
AIFBotMCTS_vs_MaltheMCTS,29,LEFT_A,4,4332321802211148043,grpc:AIFBotMCTS,MaltheMCTS,4,0,0,4,0,4,
AIFBotMCTS_vs_MaltheMCTS,29,LEFT_B,4,15635821362104747969,MaltheMCTS,grpc:AIFBotMCTS,1,3,0,3,1,4,
AIFBotMCTS_vs_MaltheMCTS,30,LEFT_A,4,17370527173000756516,grpc:AIFBotMCTS,MaltheMCTS,4,0,0,4,0,4,
AIFBotMCTS_vs_MaltheMCTS,30,LEFT_B,4,8094956361860590871,MaltheMCTS,grpc:AIFBotMCTS,1,3,0,3,1,4,
AIFBotMCTS_vs_MaltheMCTS,31,LEFT_A,4,12617787870561878577,grpc:AIFBotMCTS,MaltheMCTS,3,1,0,3,1,4,
AIFBotMCTS_vs_MaltheMCTS,31,LEFT_B,4,7800164404218054840,MaltheMCTS,grpc:AIFBotMCTS,1,3,0,3,1,4,
AIFBotMCTS_vs_MaltheMCTS,32,LEFT_A,4,17272630976021687079,grpc:AIFBotMCTS,MaltheMCTS,4,0,0,4,0,4,
AIFBotMCTS_vs_MaltheMCTS,32,LEFT_B,4,16453414911297966656,MaltheMCTS,grpc:AIFBotMCTS,0,4,0,4,0,4,
AIFBotMCTS_vs_MaltheMCTS,33,LEFT_A,4,14594189964056160659,grpc:AIFBotMCTS,MaltheMCTS,4,0,0,4,0,4,
AIFBotMCTS_vs_MaltheMCTS,33,LEFT_B,4,14035162675971662466,MaltheMCTS,grpc:AIFBotMCTS,0,4,0,4,0,4,
AIFBotMCTS_vs_MaltheMCTS,34,LEFT_A,4,11135227677814708163,grpc:AIFBotMCTS,MaltheMCTS,4,0,0,4,0,4,
AIFBotMCTS_vs_MaltheMCTS,34,LEFT_B,4,15824972258977309719,MaltheMCTS,grpc:AIFBotMCTS,2,2,0,2,2,4,
AIFBotMCTS_vs_MaltheMCTS,35,LEFT_A,4,2316965388369515513,grpc:AIFBotMCTS,MaltheMCTS,4,0,0,4,0,4,
AIFBotMCTS_vs_MaltheMCTS,35,LEFT_B,4,14531140225076394804,MaltheMCTS,grpc:AIFBotMCTS,1,3,0,3,1,4,
