pair_id,round_idx,side,runs,seed,left,right,p1_wins,p2_wins,draws,mapped_a_wins,mapped_b_wins,games,avg_ms
AIFBotMCTS_vs_Council_of_two_bot,0,LEFT_A,4,1137152315034864991,grpc:AIFBotMCTS,grpc:Council_of_two_bot,4,0,0,4,0,4,
AIFBotMCTS_vs_Council_of_two_bot,0,LEFT_B,4,16998528488006869632,grpc:Council_of_two_bot,grpc:AIFBotMCTS,0,4,0,4,0,4,
AIFBotMCTS_vs_Council_of_two_bot,1,LEFT_A,4,14919736246147135243,grpc:AIFBotMCTS,grpc:Council_of_two_bot,2,2,0,2,2,4,
AIFBotMCTS_vs_Council_of_two_bot,1,LEFT_B,4,8858787477220209455,grpc:Council_of_two_bot,grpc:AIFBotMCTS,1,3,0,3,1,4,
AIFBotMCTS_vs_Council_of_two_bot,2,LEFT_A,4,4070208863133656797,grpc:AIFBotMCTS,grpc:Council_of_two_bot,4,0,0,4,0,4,
AIFBotMCTS_vs_Council_of_two_bot,2,LEFT_B,4,4305305180328777698,grpc:Council_of_two_bot,grpc:AIFBotMCTS,1,3,0,3,1,4,
AIFBotMCTS_vs_Council_of_two_bot,3,LEFT_A,4,5938246606785856295,grpc:AIFBotMCTS,grpc:Council_of_two_bot,3,1,0,3,1,4,
AIFBotMCTS_vs_Council_of_two_bot,3,LEFT_B,4,3004727959584747396,grpc:Council_of_two_bot,grpc:AIFBotMCTS,1,3,0,3,1,4,
AIFBotMCTS_vs_Council_of_two_bot,4,LEFT_A,4,15785681547816174209,grpc:AIFBotMCTS,grpc:Council_of_two_bot,4,0,0,4,0,4,
AIFBotMCTS_vs_Council_of_two_bot,4,LEFT_B,4,11047736335434535252,grpc:Council_of_two_bot,grpc:AIFBotMCTS,0,4,0,4,0,4,
AIFBotMCTS_vs_Council_of_two_bot,5,LEFT_A,4,6593135585538683975,grpc:AIFBotMCTS,grpc:Council_of_two_bot,4,0,0,4,0,4,
AIFBotMCTS_vs_Council_of_two_bot,5,LEFT_B,4,4556386172312613846,grpc:Council_of_two_bot,grpc:AIFBotMCTS,0,4,0,4,0,4,
AIFBotMCTS_vs_Council_of_two_bot,6,LEFT_A,4,18446240019654631987,grpc:AIFBotMCTS,grpc:Council_of_two_bot,3,1,0,3,1,4,
AIFBotMCTS_vs_Council_of_two_bot,6,LEFT_B,4,9540488985713815363,grpc:Council_of_two_bot,grpc:AIFBotMCTS,0,4,0,4,0,4,
AIFBotMCTS_vs_Council_of_two_bot,7,LEFT_A,4,15208339650512402093,grpc:AIFBotMCTS,grpc:Council_of_two_bot,3,1,0,3,1,4,
AIFBotMCTS_vs_Council_of_two_bot,7,LEFT_B,4,17701928301464533496,grpc:Council_of_two_bot,grpc:AIFBotMCTS,2,2,0,2,2,4,
AIFBotMCTS_vs_Council_of_two_bot,8,LEFT_A,4,1745670745681519608,grpc:AIFBotMCTS,grpc:Council_of_two_bot,4,0,0,4,0,4,
AIFBotMCTS_vs_Council_of_two_bot,8,LEFT_B,4,15138752439423910471,grpc:Council_of_two_bot,grpc:AIFBotMCTS,2,2,0,2,2,4,
AIFBotMCTS_vs_Council_of_two_bot,9,LEFT_A,4,13463043757340668687,grpc:AIFBotMCTS,grpc:Council_of_two_bot,3,1,0,3,1,4,
AIFBotMCTS_vs_Council_of_two_bot,9,LEFT_B,4,1447858767016961029,grpc:Council_of_two_bot,grpc:AIFBotMCTS,1,3,0,3,1,4,
AIFBotMCTS_vs_Council_of_two_bot,10,LEFT_A,4,8804219054552218039,grpc:AIFBotMCTS,grpc:Council_of_two_bot,3,1,0,3,1,4,
AIFBotMCTS_vs_Council_of_two_bot,10,LEFT_B,4,4967608468621334323,grpc:Council_of_two_bot,grpc:AIFBotMCTS,0,4,0,4,0,4,
AIFBotMCTS_vs_Council_of_two_bot,11,LEFT_A,4,2563572840065522041,grpc:AIFBotMCTS,grpc:Council_of_two_bot,4,0,0,4,0,4,
AIFBotMCTS_vs_Council_of_two_bot,11,LEFT_B,4,451980578770556499,grpc:Council_of_two_bot,grpc:AIFBotMCTS,1,3,0,3,1,4,
AIFBotMCTS_vs_Council_of_two_bot,12,LEFT_A,4,8460136141285895913,grpc:AIFBotMCTS,grpc:Council_of_two_bot,4,0,0,4,0,4,
AIFBotMCTS_vs_Council_of_two_bot,12,LEFT_B,4,6615101044677051215,grpc:Council_of_two_bot,grpc:AIFBotMCTS,1,3,0,3,1,4,
AIFBotMCTS_vs_Council_of_two_bot,13,LEFT_A,4,4992570347454112909,grpc:AIFBotMCTS,grpc:Council_of_two_bot,4,0,0,4,0,4,
AIFBotMCTS_vs_Council_of_two_bot,13,LEFT_B,4,7506827936593986101,grpc:Council_of_two_bot,grpc:AIFBotMCTS,1,3,0,3,1,4,
AIFBotMCTS_vs_Council_of_two_bot,14,LEFT_A,4,11086395798222526937,grpc:AIFBotMCTS,grpc:Council_of_two_bot,4,0,0,4,0,4,
AIFBotMCTS_vs_Council_of_two_bot,14,LEFT_B,4,6681118112048054743,grpc:Council_of_two_bot,grpc:AIFBotMCTS,2,2,0,2,2,4,
AIFBotMCTS_vs_Council_of_two_bot,15,LEFT_A,4,8502674300205874566,grpc:AIFBotMCTS,grpc:Council_of_two_bot,4,0,0,4,0,4,
AIFBotMCTS_vs_Council_of_two_bot,15,LEFT_B,4,18002170714315438000,grpc:Council_of_two_bot,grpc:AIFBotMCTS,1,3,0,3,1,4,
AIFBotMCTS_vs_Council_of_two_bot,16,LEFT_A,4,4001121181149325267,grpc:AIFBotMCTS,grpc:Council_of_two_bot,4,0,0,4,0,4,
AIFBotMCTS_vs_Council_of_two_bot,16,LEFT_B,4,10299188964344361788,grpc:Council_of_two_bot,grpc:AIFBotMCTS,1,3,0,3,1,4,
AIFBotMCTS_vs_Council_of_two_bot,17,LEFT_A,4,6949862216696810441,grpc:AIFBotMCTS,grpc:Council_of_two_bot,4,0,0,4,0,4,
AIFBotMCTS_vs_Council_of_two_bot,17,LEFT_B,4,13222194053709228675,grpc:Council_of_two_bot,grpc:AIFBotMCTS,3,1,0,1,3,4,
AIFBotMCTS_vs_Council_of_two_bot,18,LEFT_A,4,15180740161420584737,grpc:AIFBotMCTS,grpc:Council_of_two_bot,2,2,0,2,2,4,
AIFBotMCTS_vs_Council_of_two_bot,18,LEFT_B,4,17846633264345107600,grpc:Council_of_two_bot,grpc:AIFBotMCTS,0,4,0,4,0,4,
AIFBotMCTS_vs_Council_of_two_bot,19,LEFT_A,4,7275641065309161241,grpc:AIFBotMCTS,grpc:Council_of_two_bot,3,1,0,3,1,4,
AIFBotMCTS_vs_Council_of_two_bot,19,LEFT_B,4,9672260882971680605,grpc:Council_of_two_bot,grpc:AIFBotMCTS,2,2,0,2,2,4,
AIFBotMCTS_vs_Council_of_two_bot,20,LEFT_A,4,18012240676864590800,grpc:AIFBotMCTS,grpc:Council_of_two_bot,4,0,0,4,0,4,
AIFBotMCTS_vs_Council_of_two_bot,20,LEFT_B,4,17803950652210951258,grpc:Council_of_two_bot,grpc:AIFBotMCTS,1,3,0,3,1,4,
AIFBotMCTS_vs_Council_of_two_bot,21,LEFT_A,4,16304678075884015489,grpc:AIFBotMCTS,grpc:Council_of_two_bot,4,0,0,4,0,4,
AIFBotMCTS_vs_Council_of_two_bot,21,LEFT_B,4,3938239929506545290,grpc:Council_of_two_bot,grpc:AIFBotMCTS,3,1,0,1,3,4,
AIFBotMCTS_vs_Council_of_two_bot,22,LEFT_A,4,15581567765646476814,grpc:AIFBotMCTS,grpc:Council_of_two_bot,3,1,0,3,1,4,
AIFBotMCTS_vs_Council_of_two_bot,22,LEFT_B,4,8425054341842513037,grpc:Council_of_two_bot,grpc:AIFBotMCTS,1,3,0,3,1,4,
AIFBotMCTS_vs_Council_of_two_bot,23,LEFT_A,4,8808392175417208391,grpc:AIFBotMCTS,grpc:Council_of_two_bot,4,0,0,4,0,4,
AIFBotMCTS_vs_Council_of_two_bot,23,LEFT_B,4,13416239303943303177,grpc:Council_of_two_bot,grpc:AIFBotMCTS,1,3,0,3,1,4,
AIFBotMCTS_vs_Council_of_two_bot,24,LEFT_A,4,9874518893051133694,grpc:AIFBotMCTS,grpc:Council_of_two_bot,4,0,0,4,0,4,
AIFBotMCTS_vs_Council_of_two_bot,24,LEFT_B,4,17721326161540517056,grpc:Council_of_two_bot,grpc:AIFBotMCTS,1,3,0,3,1,4,
AIFBotMCTS_vs_Council_of_two_bot,25,LEFT_A,4,6816300188494027193,grpc:AIFBotMCTS,grpc:Council_of_two_bot,2,2,0,2,2,4,
AIFBotMCTS_vs_Council_of_two_bot,25,LEFT_B,4,1430981852584529212,grpc:Council_of_two_bot,grpc:AIFBotMCTS,1,3,0,3,1,4,
AIFBotMCTS_vs_Council_of_two_bot,26,LEFT_A,4,14968724460255474349,grpc:AIFBotMCTS,grpc:Council_of_two_bot,4,0,0,4,0,4,
AIFBotMCTS_vs_Council_of_two_bot,26,LEFT_B,4,13358827177898644466,grpc:Council_of_two_bot,grpc:AIFBotMCTS,1,3,0,3,1,4,
AIFBotMCTS_vs_Council_of_two_bot,27,LEFT_A,4,3856638377008497355,grpc:AIFBotMCTS,grpc:Council_of_two_bot,3,1,0,3,1,4,
AIFBotMCTS_vs_Council_of_two_bot,27,LEFT_B,4,1971927835506378621,grpc:Council_of_two_bot,grpc:AIFBotMCTS,0,4,0,4,0,4,
AIFBotMCTS_vs_Council_of_two_bot,28,LEFT_A,4,14997780090907818042,grpc:AIFBotMCTS,grpc:Council_of_two_bot,4,0,0,4,0,4,
AIFBotMCTS_vs_Council_of_two_bot,28,LEFT_B,4,11655025584024581216,grpc:Council_of_two_bot,grpc:AIFBotMCTS,0,4,0,4,0,4,
AIFBotMCTS_vs_Council_of_two_bot,29,LEFT_A,4,1128873202539708384,grpc:AIFBotMCTS,grpc:Council_of_two_bot,3,1,0,3,1,4,
AIFBotMCTS_vs_Council_of_two_bot,29,LEFT_B,4,2193804823918625117,grpc:Council_of_two_bot,grpc:AIFBotMCTS,1,3,0,3,1,4,
AIFBotMCTS_vs_Council_of_two_bot,30,LEFT_A,4,6973171095201308740,grpc:AIFBotMCTS,grpc:Council_of_two_bot,2,2,0,2,2,4,
AIFBotMCTS_vs_Council_of_two_bot,30,LEFT_B,4,2262809844794104184,grpc:Council_of_two_bot,grpc:AIFBotMCTS,2,2,0,2,2,4,
AIFBotMCTS_vs_Council_of_two_bot,31,LEFT_A,4,8472055441208812208,grpc:AIFBotMCTS,grpc:Council_of_two_bot,3,1,0,3,1,4,
AIFBotMCTS_vs_Council_of_two_bot,31,LEFT_B,4,13180365574527283550,grpc:Council_of_two_bot,grpc:AIFBotMCTS,0,4,0,4,0,4,
AIFBotMCTS_vs_Council_of_two_bot,32,LEFT_A,4,8694152893352529678,grpc:AIFBotMCTS,grpc:Council_of_two_bot,4,0,0,4,0,4,
AIFBotMCTS_vs_Council_of_two_bot,32,LEFT_B,4,5681100067643254554,grpc:Council_of_two_bot,grpc:AIFBotMCTS,2,2,0,2,2,4,
AIFBotMCTS_vs_Council_of_two_bot,33,LEFT_A,4,17842844213766666581,grpc:AIFBotMCTS,grpc:Council_of_two_bot,4,0,0,4,0,4,
AIFBotMCTS_vs_Council_of_two_bot,33,LEFT_B,4,8057000872881978032,grpc:Council_of_two_bot,grpc:AIFBotMCTS,0,4,0,4,0,4,
AIFBotMCTS_vs_Council_of_two_bot,34,LEFT_A,4,5228731939000969361,grpc:AIFBotMCTS,grpc:Council_of_two_bot,4,0,0,4,0,4,
AIFBotMCTS_vs_Council_of_two_bot,34,LEFT_B,4,15849961585684375275,grpc:Council_of_two_bot,grpc:AIFBotMCTS,1,3,0,3,1,4,
AIFBotMCTS_vs_Council_of_two_bot,35,LEFT_A,4,11096693449010964166,grpc:AIFBotMCTS,grpc:Council_of_two_bot,2,2,0,2,2,4,
AIFBotMCTS_vs_Council_of_two_bot,35,LEFT_B,4,12039496401142715358,grpc:Council_of_two_bot,grpc:AIFBotMCTS,2,2,0,2,2,4,
