pair_id,round_idx,side,runs,seed,left,right,p1_wins,p2_wins,draws,mapped_a_wins,mapped_b_wins,games,avg_ms
AIFBotMCTS_vs_SakkirinaSolo,0,LEFT_A,4,297139899947449419,grpc:AIFBotMCTS,SakkirinaSolo,1,3,0,1,3,4,
AIFBotMCTS_vs_SakkirinaSolo,0,LEFT_B,4,5381846180400300398,SakkirinaSolo,grpc:AIFBotMCTS,2,2,0,2,2,4,
AIFBotMCTS_vs_SakkirinaSolo,1,LEFT_A,4,16541819223285549727,grpc:AIFBotMCTS,SakkirinaSolo,0,4,0,0,4,4,
AIFBotMCTS_vs_SakkirinaSolo,1,LEFT_B,4,14845619743391265745,SakkirinaSolo,grpc:AIFBotMCTS,3,1,0,1,3,4,
AIFBotMCTS_vs_SakkirinaSolo,2,LEFT_A,4,3341902183152431552,grpc:AIFBotMCTS,SakkirinaSolo,2,2,0,2,2,4,
AIFBotMCTS_vs_SakkirinaSolo,2,LEFT_B,4,11219365418426764420,SakkirinaSolo,grpc:AIFBotMCTS,4,0,0,0,4,4,
AIFBotMCTS_vs_SakkirinaSolo,3,LEFT_A,4,13407051714205028039,grpc:AIFBotMCTS,SakkirinaSolo,2,2,0,2,2,4,
AIFBotMCTS_vs_SakkirinaSolo,3,LEFT_B,4,4900800527284042832,SakkirinaSolo,grpc:AIFBotMCTS,3,1,0,1,3,4,
AIFBotMCTS_vs_SakkirinaSolo,4,LEFT_A,4,4379974337294328906,grpc:AIFBotMCTS,SakkirinaSolo,2,2,0,2,2,4,
AIFBotMCTS_vs_SakkirinaSolo,4,LEFT_B,4,9418118975517231885,SakkirinaSolo,grpc:AIFBotMCTS,4,0,0,0,4,4,
AIFBotMCTS_vs_SakkirinaSolo,5,LEFT_A,4,5481420825638308077,grpc:AIFBotMCTS,SakkirinaSolo,1,3,0,1,3,4,
AIFBotMCTS_vs_SakkirinaSolo,5,LEFT_B,4,7323359040660877493,SakkirinaSolo,grpc:AIFBotMCTS,4,0,0,0,4,4,
AIFBotMCTS_vs_SakkirinaSolo,6,LEFT_A,4,10100805529283315574,grpc:AIFBotMCTS,SakkirinaSolo,2,2,0,2,2,4,
AIFBotMCTS_vs_SakkirinaSolo,6,LEFT_B,4,14589288624540876730,SakkirinaSolo,grpc:AIFBotMCTS,3,1,0,1,3,4,
AIFBotMCTS_vs_SakkirinaSolo,7,LEFT_A,4,8518562527964294762,grpc:AIFBotMCTS,SakkirinaSolo,1,3,0,1,3,4,
AIFBotMCTS_vs_SakkirinaSolo,7,LEFT_B,4,2952753634552809359,SakkirinaSolo,grpc:AIFBotMCTS,3,1,0,1,3,4,
AIFBotMCTS_vs_SakkirinaSolo,8,LEFT_A,4,14542497447563209530,grpc:AIFBotMCTS,SakkirinaSolo,4,0,0,4,0,4,
AIFBotMCTS_vs_SakkirinaSolo,8,LEFT_B,4,7286275219116756390,SakkirinaSolo,grpc:AIFBotMCTS,3,1,0,1,3,4,
AIFBotMCTS_vs_SakkirinaSolo,9,LEFT_A,4,8512777900767388729,grpc:AIFBotMCTS,SakkirinaSolo,1,3,0,1,3,4,
AIFBotMCTS_vs_SakkirinaSolo,9,LEFT_B,4,16492989004622170862,SakkirinaSolo,grpc:AIFBotMCTS,3,1,0,1,3,4,
AIFBotMCTS_vs_SakkirinaSolo,10,LEFT_A,4,7376099858724266621,grpc:AIFBotMCTS,SakkirinaSolo,3,1,0,3,1,4,
AIFBotMCTS_vs_SakkirinaSolo,10,LEFT_B,4,8274228052612981542,SakkirinaSolo,grpc:AIFBotMCTS,3,1,0,1,3,4,
AIFBotMCTS_vs_SakkirinaSolo,11,LEFT_A,4,3823722399444886808,grpc:AIFBotMCTS,SakkirinaSolo,2,2,0,2,2,4,
AIFBotMCTS_vs_SakkirinaSolo,11,LEFT_B,4,17250012193327704243,SakkirinaSolo,grpc:AIFBotMCTS,2,2,0,2,2,4,
AIFBotMCTS_vs_SakkirinaSolo,12,LEFT_A,4,17067317821022257843,grpc:AIFBotMCTS,SakkirinaSolo,2,2,0,2,2,4,
AIFBotMCTS_vs_SakkirinaSolo,12,LEFT_B,4,9810499011306385469,SakkirinaSolo,grpc:AIFBotMCTS,3,1,0,1,3,4,
AIFBotMCTS_vs_SakkirinaSolo,13,LEFT_A,4,16777568304721800740,grpc:AIFBotMCTS,SakkirinaSolo,1,3,0,1,3,4,
AIFBotMCTS_vs_SakkirinaSolo,13,LEFT_B,4,12795910421295043052,SakkirinaSolo,grpc:AIFBotMCTS,3,1,0,1,3,4,
AIFBotMCTS_vs_SakkirinaSolo,14,LEFT_A,4,14158905040126446117,grpc:AIFBotMCTS,SakkirinaSolo,2,2,0,2,2,4,
AIFBotMCTS_vs_SakkirinaSolo,14,LEFT_B,4,15267047392980439462,SakkirinaSolo,grpc:AIFBotMCTS,3,1,0,1,3,4,
AIFBotMCTS_vs_SakkirinaSolo,15,LEFT_A,4,8429071343552817505,grpc:AIFBotMCTS,SakkirinaSolo,2,2,0,2,2,4,
AIFBotMCTS_vs_SakkirinaSolo,15,LEFT_B,4,9645520871474424563,SakkirinaSolo,grpc:AIFBotMCTS,3,1,0,1,3,4,
AIFBotMCTS_vs_SakkirinaSolo,16,LEFT_A,4,6562117899315583931,grpc:AIFBotMCTS,SakkirinaSolo,1,3,0,1,3,4,
AIFBotMCTS_vs_SakkirinaSolo,16,LEFT_B,4,4555826800499753904,SakkirinaSolo,grpc:AIFBotMCTS,4,0,0,0,4,4,
AIFBotMCTS_vs_SakkirinaSolo,17,LEFT_A,4,14881889038015023082,grpc:AIFBotMCTS,SakkirinaSolo,1,3,0,1,3,4,
AIFBotMCTS_vs_SakkirinaSolo,17,LEFT_B,4,9829072085792631053,SakkirinaSolo,grpc:AIFBotMCTS,2,2,0,2,2,4,
AIFBotMCTS_vs_SakkirinaSolo,18,LEFT_A,4,2015488145606413552,grpc:AIFBotMCTS,SakkirinaSolo,1,3,0,1,3,4,
AIFBotMCTS_vs_SakkirinaSolo,18,LEFT_B,4,1192303554461625383,SakkirinaSolo,grpc:AIFBotMCTS,4,0,0,0,4,4,
AIFBotMCTS_vs_SakkirinaSolo,19,LEFT_A,4,15432685955820778453,grpc:AIFBotMCTS,SakkirinaSolo,1,3,0,1,3,4,
AIFBotMCTS_vs_SakkirinaSolo,19,LEFT_B,4,12723812632129859100,SakkirinaSolo,grpc:AIFBotMCTS,3,1,0,1,3,4,
AIFBotMCTS_vs_SakkirinaSolo,20,LEFT_A,4,11123540711865756003,grpc:AIFBotMCTS,SakkirinaSolo,2,2,0,2,2,4,
AIFBotMCTS_vs_SakkirinaSolo,20,LEFT_B,4,11625014939153010276,SakkirinaSolo,grpc:AIFBotMCTS,2,2,0,2,2,4,
AIFBotMCTS_vs_SakkirinaSolo,21,LEFT_A,4,12698029831442292390,grpc:AIFBotMCTS,SakkirinaSolo,3,1,0,3,1,4,
AIFBotMCTS_vs_SakkirinaSolo,21,LEFT_B,4,8829524920687373073,SakkirinaSolo,grpc:AIFBotMCTS,3,1,0,1,3,4,
AIFBotMCTS_vs_SakkirinaSolo,22,LEFT_A,4,2199998576603122096,grpc:AIFBotMCTS,SakkirinaSolo,2,2,0,2,2,4,
AIFBotMCTS_vs_SakkirinaSolo,22,LEFT_B,4,11664407853897658369,SakkirinaSolo,grpc:AIFBotMCTS,2,2,0,2,2,4,
AIFBotMCTS_vs_SakkirinaSolo,23,LEFT_A,4,7994476370322970326,grpc:AIFBotMCTS,SakkirinaSolo,1,3,0,1,3,4,
AIFBotMCTS_vs_SakkirinaSolo,23,LEFT_B,4,15370594461684543099,SakkirinaSolo,grpc:AIFBotMCTS,3,1,0,1,3,4,
AIFBotMCTS_vs_SakkirinaSolo,24,LEFT_A,4,14927569725228275053,grpc:AIFBotMCTS,SakkirinaSolo,1,3,0,1,3,4,
AIFBotMCTS_vs_SakkirinaSolo,24,LEFT_B,4,14949549131387281738,SakkirinaSolo,grpc:AIFBotMCTS,3,1,0,1,3,4,
AIFBotMCTS_vs_SakkirinaSolo,25,LEFT_A,4,2965949775615125588,grpc:AIFBotMCTS,SakkirinaSolo,1,3,0,1,3,4,
AIFBotMCTS_vs_SakkirinaSolo,25,LEFT_B,4,16352034055299743251,SakkirinaSolo,grpc:AIFBotMCTS,4,0,0,0,4,4,
AIFBotMCTS_vs_SakkirinaSolo,26,LEFT_A,4,17084196846392011272,grpc:AIFBotMCTS,SakkirinaSolo,1,3,0,1,3,4,
AIFBotMCTS_vs_SakkirinaSolo,26,LEFT_B,4,10950405983914024485,SakkirinaSolo,grpc:AIFBotMCTS,4,0,0,0,4,4,
AIFBotMCTS_vs_SakkirinaSolo,27,LEFT_A,4,1071114075944057176,grpc:AIFBotMCTS,SakkirinaSolo,2,2,0,2,2,4,
AIFBotMCTS_vs_SakkirinaSolo,27,LEFT_B,4,13093424881365872221,SakkirinaSolo,grpc:AIFBotMCTS,2,2,0,2,2,4,
AIFBotMCTS_vs_SakkirinaSolo,28,LEFT_A,4,11563085761119814136,grpc:AIFBotMCTS,SakkirinaSolo,1,3,0,1,3,4,
AIFBotMCTS_vs_SakkirinaSolo,28,LEFT_B,4,12854504779025488646,SakkirinaSolo,grpc:AIFBotMCTS,2,2,0,2,2,4,
AIFBotMCTS_vs_SakkirinaSolo,29,LEFT_A,4,7119832619226145975,grpc:AIFBotMCTS,SakkirinaSolo,4,0,0,4,0,4,
AIFBotMCTS_vs_SakkirinaSolo,29,LEFT_B,4,14758795423783548955,SakkirinaSolo,grpc:AIFBotMCTS,3,1,0,1,3,4,
AIFBotMCTS_vs_SakkirinaSolo,30,LEFT_A,4,1893627434663326066,grpc:AIFBotMCTS,SakkirinaSolo,2,2,0,2,2,4,
AIFBotMCTS_vs_SakkirinaSolo,30,LEFT_B,4,8855789600488099716,SakkirinaSolo,grpc:AIFBotMCTS,3,1,0,1,3,4,
AIFBotMCTS_vs_SakkirinaSolo,31,LEFT_A,4,12001919711227156902,grpc:AIFBotMCTS,SakkirinaSolo,1,3,0,1,3,4,
AIFBotMCTS_vs_SakkirinaSolo,31,LEFT_B,4,7465731416417615608,SakkirinaSolo,grpc:AIFBotMCTS,4,0,0,0,4,4,
AIFBotMCTS_vs_SakkirinaSolo,32,LEFT_A,4,12342313050968870998,grpc:AIFBotMCTS,SakkirinaSolo,0,4,0,0,4,4,
AIFBotMCTS_vs_SakkirinaSolo,32,LEFT_B,4,17904776713791231817,SakkirinaSolo,grpc:AIFBotMCTS,3,1,0,1,3,4,
AIFBotMCTS_vs_SakkirinaSolo,33,LEFT_A,4,4567456207684569918,grpc:AIFBotMCTS,SakkirinaSolo,0,4,0,0,4,4,
AIFBotMCTS_vs_SakkirinaSolo,33,LEFT_B,4,7548932248575030337,SakkirinaSolo,grpc:AIFBotMCTS,4,0,0,0,4,4,
AIFBotMCTS_vs_SakkirinaSolo,34,LEFT_A,4,17755935092389900150,grpc:AIFBotMCTS,SakkirinaSolo,2,2,0,2,2,4,
AIFBotMCTS_vs_SakkirinaSolo,34,LEFT_B,4,6821899587028819194,SakkirinaSolo,grpc:AIFBotMCTS,4,0,0,0,4,4,
AIFBotMCTS_vs_SakkirinaSolo,35,LEFT_A,4,14858267354217536394,grpc:AIFBotMCTS,SakkirinaSolo,1,3,0,1,3,4,
AIFBotMCTS_vs_SakkirinaSolo,35,LEFT_B,4,1666035833243327572,SakkirinaSolo,grpc:AIFBotMCTS,1,3,0,3,1,4,
