pair_id,round_idx,side,runs,seed,left,right,p1_wins,p2_wins,draws,mapped_a_wins,mapped_b_wins,games,avg_ms
AIFBotMCTS_vs_HQL_Plus_BOT,0,LEFT_A,4,18115592870352203028,grpc:AIFBotMCTS,HQL_Plus_BOT,1,3,0,1,3,4,
AIFBotMCTS_vs_HQL_Plus_BOT,0,LEFT_B,4,10168509565433218139,HQL_Plus_BOT,grpc:AIFBotMCTS,4,0,0,0,4,4,
AIFBotMCTS_vs_HQL_Plus_BOT,1,LEFT_A,4,4257493034475881352,grpc:AIFBotMCTS,HQL_Plus_BOT,1,3,0,1,3,4,
AIFBotMCTS_vs_HQL_Plus_BOT,1,LEFT_B,4,7833299151242660310,HQL_Plus_BOT,grpc:AIFBotMCTS,3,1,0,1,3,4,
AIFBotMCTS_vs_HQL_Plus_BOT,2,LEFT_A,4,5382872063100615106,grpc:AIFBotMCTS,HQL_Plus_BOT,0,4,0,0,4,4,
AIFBotMCTS_vs_HQL_Plus_BOT,2,LEFT_B,4,17125477123302322708,HQL_Plus_BOT,grpc:AIFBotMCTS,4,0,0,0,4,4,
AIFBotMCTS_vs_HQL_Plus_BOT,3,LEFT_A,4,4764552666965334797,grpc:AIFBotMCTS,HQL_Plus_BOT,1,3,0,1,3,4,
AIFBotMCTS_vs_HQL_Plus_BOT,3,LEFT_B,4,1028691511295779366,HQL_Plus_BOT,grpc:AIFBotMCTS,3,1,0,1,3,4,
AIFBotMCTS_vs_HQL_Plus_BOT,4,LEFT_A,4,2114649871464583967,grpc:AIFBotMCTS,HQL_Plus_BOT,2,2,0,2,2,4,
AIFBotMCTS_vs_HQL_Plus_BOT,4,LEFT_B,4,3548242448848219258,HQL_Plus_BOT,grpc:AIFBotMCTS,4,0,0,0,4,4,
AIFBotMCTS_vs_HQL_Plus_BOT,5,LEFT_A,4,9579998331253668371,grpc:AIFBotMCTS,HQL_Plus_BOT,1,3,0,1,3,4,
AIFBotMCTS_vs_HQL_Plus_BOT,5,LEFT_B,4,17260921669742274988,HQL_Plus_BOT,grpc:AIFBotMCTS,3,1,0,1,3,4,
AIFBotMCTS_vs_HQL_Plus_BOT,6,LEFT_A,4,16912220533929538974,grpc:AIFBotMCTS,HQL_Plus_BOT,1,3,0,1,3,4,
AIFBotMCTS_vs_HQL_Plus_BOT,6,LEFT_B,4,12322480604862841992,HQL_Plus_BOT,grpc:AIFBotMCTS,3,1,0,1,3,4,
AIFBotMCTS_vs_HQL_Plus_BOT,7,LEFT_A,4,6652218742597460659,grpc:AIFBotMCTS,HQL_Plus_BOT,1,3,0,1,3,4,
AIFBotMCTS_vs_HQL_Plus_BOT,7,LEFT_B,4,15998162368144434432,HQL_Plus_BOT,grpc:AIFBotMCTS,3,1,0,1,3,4,
AIFBotMCTS_vs_HQL_Plus_BOT,8,LEFT_A,4,16588895090299912936,grpc:AIFBotMCTS,HQL_Plus_BOT,2,2,0,2,2,4,
AIFBotMCTS_vs_HQL_Plus_BOT,8,LEFT_B,4,10446099395222817405,HQL_Plus_BOT,grpc:AIFBotMCTS,4,0,0,0,4,4,
AIFBotMCTS_vs_HQL_Plus_BOT,9,LEFT_A,4,12538544966483642750,grpc:AIFBotMCTS,HQL_Plus_BOT,1,3,0,1,3,4,
AIFBotMCTS_vs_HQL_Plus_BOT,9,LEFT_B,4,4629625602700576577,HQL_Plus_BOT,grpc:AIFBotMCTS,4,0,0,0,4,4,
AIFBotMCTS_vs_HQL_Plus_BOT,10,LEFT_A,4,11849229213866575736,grpc:AIFBotMCTS,HQL_Plus_BOT,0,4,0,0,4,4,
AIFBotMCTS_vs_HQL_Plus_BOT,10,LEFT_B,4,10247579919123291847,HQL_Plus_BOT,grpc:AIFBotMCTS,4,0,0,0,4,4,
AIFBotMCTS_vs_HQL_Plus_BOT,11,LEFT_A,4,11053797337379816513,grpc:AIFBotMCTS,HQL_Plus_BOT,1,3,0,1,3,4,
AIFBotMCTS_vs_HQL_Plus_BOT,11,LEFT_B,4,5673155964343793610,HQL_Plus_BOT,grpc:AIFBotMCTS,4,0,0,0,4,4,
AIFBotMCTS_vs_HQL_Plus_BOT,12,LEFT_A,4,8660154050831864486,grpc:AIFBotMCTS,HQL_Plus_BOT,0,4,0,0,4,4,
AIFBotMCTS_vs_HQL_Plus_BOT,12,LEFT_B,4,17962702604652338758,HQL_Plus_BOT,grpc:AIFBotMCTS,3,1,0,1,3,4,
AIFBotMCTS_vs_HQL_Plus_BOT,13,LEFT_A,4,10604161908448066327,grpc:AIFBotMCTS,HQL_Plus_BOT,0,4,0,0,4,4,
AIFBotMCTS_vs_HQL_Plus_BOT,13,LEFT_B,4,14078136524874132437,HQL_Plus_BOT,grpc:AIFBotMCTS,4,0,0,0,4,4,
AIFBotMCTS_vs_HQL_Plus_BOT,14,LEFT_A,4,9762371467554291668,grpc:AIFBotMCTS,HQL_Plus_BOT,1,3,0,1,3,4,
AIFBotMCTS_vs_HQL_Plus_BOT,14,LEFT_B,4,9301583517612519394,HQL_Plus_BOT,grpc:AIFBotMCTS,2,2,0,2,2,4,
AIFBotMCTS_vs_HQL_Plus_BOT,15,LEFT_A,4,11591093681589911242,grpc:AIFBotMCTS,HQL_Plus_BOT,1,3,0,1,3,4,
AIFBotMCTS_vs_HQL_Plus_BOT,15,LEFT_B,4,7580780602112406989,HQL_Plus_BOT,grpc:AIFBotMCTS,2,2,0,2,2,4,
AIFBotMCTS_vs_HQL_Plus_BOT,16,LEFT_A,4,547999741729707447,grpc:AIFBotMCTS,HQL_Plus_BOT,1,3,0,1,3,4,
AIFBotMCTS_vs_HQL_Plus_BOT,16,LEFT_B,4,17406816243602664944,HQL_Plus_BOT,grpc:AIFBotMCTS,3,1,0,1,3,4,
AIFBotMCTS_vs_HQL_Plus_BOT,17,LEFT_A,4,16359708030002561622,grpc:AIFBotMCTS,HQL_Plus_BOT,2,2,0,2,2,4,
AIFBotMCTS_vs_HQL_Plus_BOT,17,LEFT_B,4,3666384292530521383,HQL_Plus_BOT,grpc:AIFBotMCTS,4,0,0,0,4,4,
AIFBotMCTS_vs_HQL_Plus_BOT,18,LEFT_A,4,9010957308855356206,grpc:AIFBotMCTS,HQL_Plus_BOT,0,4,0,0,4,4,
AIFBotMCTS_vs_HQL_Plus_BOT,18,LEFT_B,4,12547710727962843323,HQL_Plus_BOT,grpc:AIFBotMCTS,4,0,0,0,4,4,
AIFBotMCTS_vs_HQL_Plus_BOT,19,LEFT_A,4,771936164381397928,grpc:AIFBotMCTS,HQL_Plus_BOT,2,2,0,2,2,4,
AIFBotMCTS_vs_HQL_Plus_BOT,19,LEFT_B,4,5088828787153856919,HQL_Plus_BOT,grpc:AIFBotMCTS,3,1,0,1,3,4,
AIFBotMCTS_vs_HQL_Plus_BOT,20,LEFT_A,4,14351806108964217543,grpc:AIFBotMCTS,HQL_Plus_BOT,3,1,0,3,1,4,
AIFBotMCTS_vs_HQL_Plus_BOT,20,LEFT_B,4,8782717322686324663,HQL_Plus_BOT,grpc:AIFBotMCTS,2,2,0,2,2,4,
AIFBotMCTS_vs_HQL_Plus_BOT,21,LEFT_A,4,8940619482208968086,grpc:AIFBotMCTS,HQL_Plus_BOT,2,2,0,2,2,4,
AIFBotMCTS_vs_HQL_Plus_BOT,21,LEFT_B,4,12322454915646327055,HQL_Plus_BOT,grpc:AIFBotMCTS,1,3,0,3,1,4,
AIFBotMCTS_vs_HQL_Plus_BOT,22,LEFT_A,4,6076716397836536200,grpc:AIFBotMCTS,HQL_Plus_BOT,3,1,0,3,1,4,
AIFBotMCTS_vs_HQL_Plus_BOT,22,LEFT_B,4,3019045278657646639,HQL_Plus_BOT,grpc:AIFBotMCTS,3,1,0,1,3,4,
AIFBotMCTS_vs_HQL_Plus_BOT,23,LEFT_A,4,15367573359296446598,grpc:AIFBotMCTS,HQL_Plus_BOT,0,4,0,0,4,4,
AIFBotMCTS_vs_HQL_Plus_BOT,23,LEFT_B,4,10251979152289949712,HQL_Plus_BOT,grpc:AIFBotMCTS,3,1,0,1,3,4,
AIFBotMCTS_vs_HQL_Plus_BOT,24,LEFT_A,4,16963006067032680104,grpc:AIFBotMCTS,HQL_Plus_BOT,1,3,0,1,3,4,
AIFBotMCTS_vs_HQL_Plus_BOT,24,LEFT_B,4,6385106778940636508,HQL_Plus_BOT,grpc:AIFBotMCTS,0,4,0,4,0,4,
AIFBotMCTS_vs_HQL_Plus_BOT,25,LEFT_A,4,2570428023889066765,grpc:AIFBotMCTS,HQL_Plus_BOT,1,3,0,1,3,4,
AIFBotMCTS_vs_HQL_Plus_BOT,25,LEFT_B,4,8881111838995963957,HQL_Plus_BOT,grpc:AIFBotMCTS,4,0,0,0,4,4,
AIFBotMCTS_vs_HQL_Plus_BOT,26,LEFT_A,4,12104809437171526874,grpc:AIFBotMCTS,HQL_Plus_BOT,1,3,0,1,3,4,
AIFBotMCTS_vs_HQL_Plus_BOT,26,LEFT_B,4,12200564212654366737,HQL_Plus_BOT,grpc:AIFBotMCTS,3,1,0,1,3,4,
AIFBotMCTS_vs_HQL_Plus_BOT,27,LEFT_A,4,8002523695809592036,grpc:AIFBotMCTS,HQL_Plus_BOT,2,2,0,2,2,4,
AIFBotMCTS_vs_HQL_Plus_BOT,27,LEFT_B,4,2214118446497756979,HQL_Plus_BOT,grpc:AIFBotMCTS,4,0,0,0,4,4,
AIFBotMCTS_vs_HQL_Plus_BOT,28,LEFT_A,4,13450448554133329315,grpc:AIFBotMCTS,HQL_Plus_BOT,0,4,0,0,4,4,
AIFBotMCTS_vs_HQL_Plus_BOT,28,LEFT_B,4,17452462303640977882,HQL_Plus_BOT,grpc:AIFBotMCTS,2,2,0,2,2,4,
AIFBotMCTS_vs_HQL_Plus_BOT,29,LEFT_A,4,4169960744663938433,grpc:AIFBotMCTS,HQL_Plus_BOT,0,4,0,0,4,4,
AIFBotMCTS_vs_HQL_Plus_BOT,29,LEFT_B,4,14588664724518409739,HQL_Plus_BOT,grpc:AIFBotMCTS,2,2,0,2,2,4,
AIFBotMCTS_vs_HQL_Plus_BOT,30,LEFT_A,4,16179233472421089775,grpc:AIFBotMCTS,HQL_Plus_BOT,3,1,0,3,1,4,
AIFBotMCTS_vs_HQL_Plus_BOT,30,LEFT_B,4,1371279313187302331,HQL_Plus_BOT,grpc:AIFBotMCTS,2,2,0,2,2,4,
AIFBotMCTS_vs_HQL_Plus_BOT,31,LEFT_A,4,8503096309746945909,grpc:AIFBotMCTS,HQL_Plus_BOT,1,3,0,1,3,4,
AIFBotMCTS_vs_HQL_Plus_BOT,31,LEFT_B,4,4827229454850587998,HQL_Plus_BOT,grpc:AIFBotMCTS,4,0,0,0,4,4,
AIFBotMCTS_vs_HQL_Plus_BOT,32,LEFT_A,4,15036804395484731442,grpc:AIFBotMCTS,HQL_Plus_BOT,2,2,0,2,2,4,
AIFBotMCTS_vs_HQL_Plus_BOT,32,LEFT_B,4,5213251548340336375,HQL_Plus_BOT,grpc:AIFBotMCTS,2,2,0,2,2,4,
AIFBotMCTS_vs_HQL_Plus_BOT,33,LEFT_A,4,1006219825616116299,grpc:AIFBotMCTS,HQL_Plus_BOT,1,3,0,1,3,4,
AIFBotMCTS_vs_HQL_Plus_BOT,33,LEFT_B,4,7145205391209776045,HQL_Plus_BOT,grpc:AIFBotMCTS,1,3,0,3,1,4,
AIFBotMCTS_vs_HQL_Plus_BOT,34,LEFT_A,4,8174490169372691885,grpc:AIFBotMCTS,HQL_Plus_BOT,2,2,0,2,2,4,
AIFBotMCTS_vs_HQL_Plus_BOT,34,LEFT_B,4,10180234625035461800,HQL_Plus_BOT,grpc:AIFBotMCTS,4,0,0,0,4,4,
AIFBotMCTS_vs_HQL_Plus_BOT,35,LEFT_A,4,12445583072149320651,grpc:AIFBotMCTS,HQL_Plus_BOT,2,2,0,2,2,4,
AIFBotMCTS_vs_HQL_Plus_BOT,35,LEFT_B,4,11832367053052319971,HQL_Plus_BOT,grpc:AIFBotMCTS,2,2,0,2,2,4,
