pair_id,round_idx,side,runs,seed,left,right,p1_wins,p2_wins,draws,mapped_a_wins,mapped_b_wins,games,avg_ms
AIFBotMCTS_vs_EBot_F,0,LEFT_A,4,9335900926679585844,grpc:AIFBotMCTS,EBot_F,1,3,0,1,3,4,
AIFBotMCTS_vs_EBot_F,0,LEFT_B,4,13941382173757523452,EBot_F,grpc:AIFBotMCTS,2,2,0,2,2,4,
AIFBotMCTS_vs_EBot_F,1,LEFT_A,4,536085513664831971,grpc:AIFBotMCTS,EBot_F,3,1,0,3,1,4,
AIFBotMCTS_vs_EBot_F,1,LEFT_B,4,14254516946482648188,EBot_F,grpc:AIFBotMCTS,4,0,0,0,4,4,
AIFBotMCTS_vs_EBot_F,2,LEFT_A,4,13765950153432660327,grpc:AIFBotMCTS,EBot_F,4,0,0,4,0,4,
AIFBotMCTS_vs_EBot_F,2,LEFT_B,4,5890032372792004304,EBot_F,grpc:AIFBotMCTS,3,1,0,1,3,4,
AIFBotMCTS_vs_EBot_F,3,LEFT_A,4,15729221744260651756,grpc:AIFBotMCTS,EBot_F,3,1,0,3,1,4,
AIFBotMCTS_vs_EBot_F,3,LEFT_B,4,13368050853820979942,EBot_F,grpc:AIFBotMCTS,3,1,0,1,3,4,
AIFBotMCTS_vs_EBot_F,4,LEFT_A,4,885069138389208275,grpc:AIFBotMCTS,EBot_F,1,3,0,1,3,4,
AIFBotMCTS_vs_EBot_F,4,LEFT_B,4,13338646975049621337,EBot_F,grpc:AIFBotMCTS,2,2,0,2,2,4,
AIFBotMCTS_vs_EBot_F,5,LEFT_A,4,15869863635457190075,grpc:AIFBotMCTS,EBot_F,3,1,0,3,1,4,
AIFBotMCTS_vs_EBot_F,5,LEFT_B,4,1691855421545734427,EBot_F,grpc:AIFBotMCTS,2,2,0,2,2,4,
AIFBotMCTS_vs_EBot_F,6,LEFT_A,4,11539187642594895123,grpc:AIFBotMCTS,EBot_F,1,3,0,1,3,4,
AIFBotMCTS_vs_EBot_F,6,LEFT_B,4,4932042830323253965,EBot_F,grpc:AIFBotMCTS,2,2,0,2,2,4,
AIFBotMCTS_vs_EBot_F,7,LEFT_A,4,2954724943563664536,grpc:AIFBotMCTS,EBot_F,2,2,0,2,2,4,
AIFBotMCTS_vs_EBot_F,7,LEFT_B,4,4166496898044230128,EBot_F,grpc:AIFBotMCTS,0,4,0,4,0,4,
AIFBotMCTS_vs_EBot_F,8,LEFT_A,4,16159627532014208622,grpc:AIFBotMCTS,EBot_F,3,1,0,3,1,4,
AIFBotMCTS_vs_EBot_F,8,LEFT_B,4,10248733969680839896,EBot_F,grpc:AIFBotMCTS,3,1,0,1,3,4,
AIFBotMCTS_vs_EBot_F,9,LEFT_A,4,11312216246669096472,grpc:AIFBotMCTS,EBot_F,1,3,0,1,3,4,
AIFBotMCTS_vs_EBot_F,9,LEFT_B,4,9526829535523878103,EBot_F,grpc:AIFBotMCTS,3,1,0,1,3,4,
AIFBotMCTS_vs_EBot_F,10,LEFT_A,4,17821315207269787372,grpc:AIFBotMCTS,EBot_F,2,2,0,2,2,4,
AIFBotMCTS_vs_EBot_F,10,LEFT_B,4,9420182459651698437,EBot_F,grpc:AIFBotMCTS,2,2,0,2,2,4,
AIFBotMCTS_vs_EBot_F,11,LEFT_A,4,17446102394045419713,grpc:AIFBotMCTS,EBot_F,3,1,0,3,1,4,
AIFBotMCTS_vs_EBot_F,11,LEFT_B,4,3465151802086157603,EBot_F,grpc:AIFBotMCTS,1,3,0,3,1,4,
AIFBotMCTS_vs_EBot_F,12,LEFT_A,4,16636888076183492887,grpc:AIFBotMCTS,EBot_F,3,1,0,3,1,4,
AIFBotMCTS_vs_EBot_F,12,LEFT_B,4,17113735223379948111,EBot_F,grpc:AIFBotMCTS,4,0,0,0,4,4,
AIFBotMCTS_vs_EBot_F,13,LEFT_A,4,4972354905237818278,grpc:AIFBotMCTS,EBot_F,4,0,0,4,0,4,
AIFBotMCTS_vs_EBot_F,13,LEFT_B,4,4211408004778985236,EBot_F,grpc:AIFBotMCTS,2,2,0,2,2,4,
AIFBotMCTS_vs_EBot_F,14,LEFT_A,4,929766533770329434,grpc:AIFBotMCTS,EBot_F,3,1,0,3,1,4,
AIFBotMCTS_vs_EBot_F,14,LEFT_B,4,5907393296138848531,EBot_F,grpc:AIFBotMCTS,3,1,0,1,3,4,
AIFBotMCTS_vs_EBot_F,15,LEFT_A,4,13207656520107779227,grpc:AIFBotMCTS,EBot_F,3,1,0,3,1,4,
AIFBotMCTS_vs_EBot_F,15,LEFT_B,4,1564462925192216313,EBot_F,grpc:AIFBotMCTS,3,1,0,1,3,4,
AIFBotMCTS_vs_EBot_F,16,LEFT_A,4,7315069794753777365,grpc:AIFBotMCTS,EBot_F,2,2,0,2,2,4,
AIFBotMCTS_vs_EBot_F,16,LEFT_B,4,8285120233514476299,EBot_F,grpc:AIFBotMCTS,3,1,0,1,3,4,
AIFBotMCTS_vs_EBot_F,17,LEFT_A,4,1443555800415605974,grpc:AIFBotMCTS,EBot_F,2,2,0,2,2,4,
AIFBotMCTS_vs_EBot_F,17,LEFT_B,4,16948398140869822917,EBot_F,grpc:AIFBotMCTS,3,1,0,1,3,4,
AIFBotMCTS_vs_EBot_F,18,LEFT_A,4,3860976951928888552,grpc:AIFBotMCTS,EBot_F,3,1,0,3,1,4,
AIFBotMCTS_vs_EBot_F,18,LEFT_B,4,12278368545713165242,EBot_F,grpc:AIFBotMCTS,3,1,0,1,3,4,
AIFBotMCTS_vs_EBot_F,19,LEFT_A,4,15180123844893675868,grpc:AIFBotMCTS,EBot_F,4,0,0,4,0,4,
AIFBotMCTS_vs_EBot_F,19,LEFT_B,4,13871300530281521026,EBot_F,grpc:AIFBotMCTS,2,2,0,2,2,4,
AIFBotMCTS_vs_EBot_F,20,LEFT_A,4,10930572361837961017,grpc:AIFBotMCTS,EBot_F,2,2,0,2,2,4,
AIFBotMCTS_vs_EBot_F,20,LEFT_B,4,7317432038728599215,EBot_F,grpc:AIFBotMCTS,3,1,0,1,3,4,
AIFBotMCTS_vs_EBot_F,21,LEFT_A,4,18067826646042113722,grpc:AIFBotMCTS,EBot_F,3,1,0,3,1,4,
AIFBotMCTS_vs_EBot_F,21,LEFT_B,4,963354993218562562,EBot_F,grpc:AIFBotMCTS,2,2,0,2,2,4,
AIFBotMCTS_vs_EBot_F,22,LEFT_A,4,920203701968022521,grpc:AIFBotMCTS,EBot_F,3,1,0,3,1,4,
AIFBotMCTS_vs_EBot_F,22,LEFT_B,4,49196188581197260,EBot_F,grpc:AIFBotMCTS,3,1,0,1,3,4,
AIFBotMCTS_vs_EBot_F,23,LEFT_A,4,4047663416508593068,grpc:AIFBotMCTS,EBot_F,2,2,0,2,2,4,
AIFBotMCTS_vs_EBot_F,23,LEFT_B,4,410566499573663858,EBot_F,grpc:AIFBotMCTS,2,2,0,2,2,4,
AIFBotMCTS_vs_EBot_F,24,LEFT_A,4,12546993461210375461,grpc:AIFBotMCTS,EBot_F,4,0,0,4,0,4,
AIFBotMCTS_vs_EBot_F,24,LEFT_B,4,2888850489428543757,EBot_F,grpc:AIFBotMCTS,1,3,0,3,1,4,
AIFBotMCTS_vs_EBot_F,25,LEFT_A,4,8117084837545778992,grpc:AIFBotMCTS,EBot_F,1,3,0,1,3,4,
AIFBotMCTS_vs_EBot_F,25,LEFT_B,4,5596963042981045913,EBot_F,grpc:AIFBotMCTS,2,2,0,2,2,4,
AIFBotMCTS_vs_EBot_F,26,LEFT_A,4,9020126866286498826,grpc:AIFBotMCTS,EBot_F,3,1,0,3,1,4,
AIFBotMCTS_vs_EBot_F,26,LEFT_B,4,13376720659712284582,EBot_F,grpc:AIFBotMCTS,3,1,0,1,3,4,
AIFBotMCTS_vs_EBot_F,27,LEFT_A,4,15532868329928159773,grpc:AIFBotMCTS,EBot_F,4,0,0,4,0,4,
AIFBotMCTS_vs_EBot_F,27,LEFT_B,4,6097667105469771042,EBot_F,grpc:AIFBotMCTS,2,2,0,2,2,4,
AIFBotMCTS_vs_EBot_F,28,LEFT_A,4,3111032628891937906,grpc:AIFBotMCTS,EBot_F,3,1,0,3,1,4,
AIFBotMCTS_vs_EBot_F,28,LEFT_B,4,17092244992363952853,EBot_F,grpc:AIFBotMCTS,3,1,0,1,3,4,
AIFBotMCTS_vs_EBot_F,29,LEFT_A,4,7403576149271297019,grpc:AIFBotMCTS,EBot_F,3,1,0,3,1,4,
AIFBotMCTS_vs_EBot_F,29,LEFT_B,4,7787816959195074650,EBot_F,grpc:AIFBotMCTS,3,1,0,1,3,4,
AIFBotMCTS_vs_EBot_F,30,LEFT_A,4,10131220687318358591,grpc:AIFBotMCTS,EBot_F,2,2,0,2,2,4,
AIFBotMCTS_vs_EBot_F,30,LEFT_B,4,14235546282141058770,EBot_F,grpc:AIFBotMCTS,3,1,0,1,3,4,
AIFBotMCTS_vs_EBot_F,31,LEFT_A,4,12599502887742258326,grpc:AIFBotMCTS,EBot_F,2,2,0,2,2,4,
AIFBotMCTS_vs_EBot_F,31,LEFT_B,4,8700287356068339911,EBot_F,grpc:AIFBotMCTS,3,1,0,1,3,4,
AIFBotMCTS_vs_EBot_F,32,LEFT_A,4,9363462381814821623,grpc:AIFBotMCTS,EBot_F,3,1,0,3,1,4,
AIFBotMCTS_vs_EBot_F,32,LEFT_B,4,3697634284786904713,EBot_F,grpc:AIFBotMCTS,3,1,0,1,3,4,
AIFBotMCTS_vs_EBot_F,33,LEFT_A,4,7172928581305761690,grpc:AIFBotMCTS,EBot_F,3,1,0,3,1,4,
AIFBotMCTS_vs_EBot_F,33,LEFT_B,4,4477336615891845659,EBot_F,grpc:AIFBotMCTS,2,2,0,2,2,4,
AIFBotMCTS_vs_EBot_F,34,LEFT_A,4,15014897410987823566,grpc:AIFBotMCTS,EBot_F,2,2,0,2,2,4,
AIFBotMCTS_vs_EBot_F,34,LEFT_B,4,12940330398154170682,EBot_F,grpc:AIFBotMCTS,4,0,0,0,4,4,
AIFBotMCTS_vs_EBot_F,35,LEFT_A,4,12579976457974452957,grpc:AIFBotMCTS,EBot_F,2,2,0,2,2,4,
AIFBotMCTS_vs_EBot_F,35,LEFT_B,4,1160481993537639299,EBot_F,grpc:AIFBotMCTS,4,0,0,0,4,4,
