pair_id,round_idx,side,runs,seed,left,right,p1_wins,p2_wins,draws,mapped_a_wins,mapped_b_wins,games,avg_ms
AIFBotMCTS_vs_EBot_C,0,LEFT_A,4,3332240773445898146,grpc:AIFBotMCTS,EBot_C,3,1,0,3,1,4,
AIFBotMCTS_vs_EBot_C,0,LEFT_B,4,16905043952315026911,EBot_C,grpc:AIFBotMCTS,3,1,0,1,3,4,
AIFBotMCTS_vs_EBot_C,1,LEFT_A,4,2248136549144552972,grpc:AIFBotMCTS,EBot_C,1,3,0,1,3,4,
AIFBotMCTS_vs_EBot_C,1,LEFT_B,4,2156391485585555671,EBot_C,grpc:AIFBotMCTS,3,1,0,1,3,4,
AIFBotMCTS_vs_EBot_C,2,LEFT_A,4,2134900838285174934,grpc:AIFBotMCTS,EBot_C,0,4,0,0,4,4,
AIFBotMCTS_vs_EBot_C,2,LEFT_B,4,10365726317439685845,EBot_C,grpc:AIFBotMCTS,2,2,0,2,2,4,
AIFBotMCTS_vs_EBot_C,3,LEFT_A,4,9870955633581741856,grpc:AIFBotMCTS,EBot_C,3,1,0,3,1,4,
AIFBotMCTS_vs_EBot_C,3,LEFT_B,4,2898033714048386395,EBot_C,grpc:AIFBotMCTS,2,2,0,2,2,4,
AIFBotMCTS_vs_EBot_C,4,LEFT_A,4,16613613721712861984,grpc:AIFBotMCTS,EBot_C,3,1,0,3,1,4,
AIFBotMCTS_vs_EBot_C,4,LEFT_B,4,7402939961164717921,EBot_C,grpc:AIFBotMCTS,3,1,0,1,3,4,
AIFBotMCTS_vs_EBot_C,5,LEFT_A,4,18280615049962509526,grpc:AIFBotMCTS,EBot_C,2,2,0,2,2,4,
AIFBotMCTS_vs_EBot_C,5,LEFT_B,4,8794507700219987425,EBot_C,grpc:AIFBotMCTS,2,2,0,2,2,4,
AIFBotMCTS_vs_EBot_C,6,LEFT_A,4,8995913991069860349,grpc:AIFBotMCTS,EBot_C,1,3,0,1,3,4,
AIFBotMCTS_vs_EBot_C,6,LEFT_B,4,8199771322180771040,EBot_C,grpc:AIFBotMCTS,3,1,0,1,3,4,
AIFBotMCTS_vs_EBot_C,7,LEFT_A,4,6951279309287920650,grpc:AIFBotMCTS,EBot_C,1,3,0,1,3,4,
AIFBotMCTS_vs_EBot_C,7,LEFT_B,4,4331530115747245661,EBot_C,grpc:AIFBotMCTS,3,1,0,1,3,4,
AIFBotMCTS_vs_EBot_C,8,LEFT_A,4,13763114228638906081,grpc:AIFBotMCTS,EBot_C,4,0,0,4,0,4,
AIFBotMCTS_vs_EBot_C,8,LEFT_B,4,12955070873562366182,EBot_C,grpc:AIFBotMCTS,3,1,0,1,3,4,
AIFBotMCTS_vs_EBot_C,9,LEFT_A,4,2604616598878071646,grpc:AIFBotMCTS,EBot_C,3,1,0,3,1,4,
AIFBotMCTS_vs_EBot_C,9,LEFT_B,4,11091707440931943841,EBot_C,grpc:AIFBotMCTS,4,0,0,0,4,4,
AIFBotMCTS_vs_EBot_C,10,LEFT_A,4,6463474065503001943,grpc:AIFBotMCTS,EBot_C,2,2,0,2,2,4,
AIFBotMCTS_vs_EBot_C,10,LEFT_B,4,16442478753125511816,EBot_C,grpc:AIFBotMCTS,2,2,0,2,2,4,
AIFBotMCTS_vs_EBot_C,11,LEFT_A,4,2797153737577907200,grpc:AIFBotMCTS,EBot_C,3,1,0,3,1,4,
AIFBotMCTS_vs_EBot_C,11,LEFT_B,4,12629636001963314948,EBot_C,grpc:AIFBotMCTS,3,1,0,1,3,4,
AIFBotMCTS_vs_EBot_C,12,LEFT_A,4,15478608058315815803,grpc:AIFBotMCTS,EBot_C,1,3,0,1,3,4,
AIFBotMCTS_vs_EBot_C,12,LEFT_B,4,5747849804949592154,EBot_C,grpc:AIFBotMCTS,4,0,0,0,4,4,
AIFBotMCTS_vs_EBot_C,13,LEFT_A,4,17744197916605508020,grpc:AIFBotMCTS,EBot_C,4,0,0,4,0,4,
AIFBotMCTS_vs_EBot_C,13,LEFT_B,4,12824957344719774325,EBot_C,grpc:AIFBotMCTS,2,2,0,2,2,4,
AIFBotMCTS_vs_EBot_C,14,LEFT_A,4,14289786830308001786,grpc:AIFBotMCTS,EBot_C,2,2,0,2,2,4,
AIFBotMCTS_vs_EBot_C,14,LEFT_B,4,18359994124929786364,EBot_C,grpc:AIFBotMCTS,4,0,0,0,4,4,
AIFBotMCTS_vs_EBot_C,15,LEFT_A,4,6126647016641416267,grpc:AIFBotMCTS,EBot_C,1,3,0,1,3,4,
AIFBotMCTS_vs_EBot_C,15,LEFT_B,4,16762683406519696347,EBot_C,grpc:AIFBotMCTS,4,0,0,0,4,4,
AIFBotMCTS_vs_EBot_C,16,LEFT_A,4,3565593616285617428,grpc:AIFBotMCTS,EBot_C,3,1,0,3,1,4,
AIFBotMCTS_vs_EBot_C,16,LEFT_B,4,9651197711703100845,EBot_C,grpc:AIFBotMCTS,2,2,0,2,2,4,
AIFBotMCTS_vs_EBot_C,17,LEFT_A,4,7328750364131212599,grpc:AIFBotMCTS,EBot_C,3,1,0,3,1,4,
AIFBotMCTS_vs_EBot_C,17,LEFT_B,4,11696952796729192607,EBot_C,grpc:AIFBotMCTS,2,2,0,2,2,4,
AIFBotMCTS_vs_EBot_C,18,LEFT_A,4,10454220239026004646,grpc:AIFBotMCTS,EBot_C,1,3,0,1,3,4,
AIFBotMCTS_vs_EBot_C,18,LEFT_B,4,1942347375499472280,EBot_C,grpc:AIFBotMCTS,3,1,0,1,3,4,
AIFBotMCTS_vs_EBot_C,19,LEFT_A,4,13074951020752072191,grpc:AIFBotMCTS,EBot_C,3,1,0,3,1,4,
AIFBotMCTS_vs_EBot_C,19,LEFT_B,4,5878742007360986689,EBot_C,grpc:AIFBotMCTS,2,2,0,2,2,4,
AIFBotMCTS_vs_EBot_C,20,LEFT_A,4,14939806986424028998,grpc:AIFBotMCTS,EBot_C,3,1,0,3,1,4,
AIFBotMCTS_vs_EBot_C,20,LEFT_B,4,8866290775003618666,EBot_C,grpc:AIFBotMCTS,3,1,0,1,3,4,
AIFBotMCTS_vs_EBot_C,21,LEFT_A,4,16146746640345834809,grpc:AIFBotMCTS,EBot_C,3,1,0,3,1,4,
AIFBotMCTS_vs_EBot_C,21,LEFT_B,4,17030838155911592411,EBot_C,grpc:AIFBotMCTS,3,1,0,1,3,4,
AIFBotMCTS_vs_EBot_C,22,LEFT_A,4,16116863302110923730,grpc:AIFBotMCTS,EBot_C,2,2,0,2,2,4,
AIFBotMCTS_vs_EBot_C,22,LEFT_B,4,4149208828134253549,EBot_C,grpc:AIFBotMCTS,3,1,0,1,3,4,
AIFBotMCTS_vs_EBot_C,23,LEFT_A,4,17182838908513744057,grpc:AIFBotMCTS,EBot_C,2,2,0,2,2,4,
AIFBotMCTS_vs_EBot_C,23,LEFT_B,4,1428427722990416314,EBot_C,grpc:AIFBotMCTS,2,2,0,2,2,4,
AIFBotMCTS_vs_EBot_C,24,LEFT_A,4,452099958437334774,grpc:AIFBotMCTS,EBot_C,3,1,0,3,1,4,
AIFBotMCTS_vs_EBot_C,24,LEFT_B,4,10723647652001683344,EBot_C,grpc:AIFBotMCTS,2,2,0,2,2,4,
AIFBotMCTS_vs_EBot_C,25,LEFT_A,4,10303248857312237486,grpc:AIFBotMCTS,EBot_C,1,3,0,1,3,4,
AIFBotMCTS_vs_EBot_C,25,LEFT_B,4,448823618841136580,EBot_C,grpc:AIFBotMCTS,2,2,0,2,2,4,
AIFBotMCTS_vs_EBot_C,26,LEFT_A,4,1814421973656083220,grpc:AIFBotMCTS,EBot_C,3,1,0,3,1,4,
AIFBotMCTS_vs_EBot_C,26,LEFT_B,4,1224286532212222690,EBot_C,grpc:AIFBotMCTS,2,2,0,2,2,4,
AIFBotMCTS_vs_EBot_C,27,LEFT_A,4,16868410727636540008,grpc:AIFBotMCTS,EBot_C,2,2,0,2,2,4,
AIFBotMCTS_vs_EBot_C,27,LEFT_B,4,6031786463480076225,EBot_C,grpc:AIFBotMCTS,3,1,0,1,3,4,
AIFBotMCTS_vs_EBot_C,28,LEFT_A,4,10418086605808786495,grpc:AIFBotMCTS,EBot_C,2,2,0,2,2,4,
AIFBotMCTS_vs_EBot_C,28,LEFT_B,4,5412881016808046052,EBot_C,grpc:AIFBotMCTS,4,0,0,0,4,4,
AIFBotMCTS_vs_EBot_C,29,LEFT_A,4,13907037052117216778,grpc:AIFBotMCTS,EBot_C,3,1,0,3,1,4,
AIFBotMCTS_vs_EBot_C,29,LEFT_B,4,15983926853267442477,EBot_C,grpc:AIFBotMCTS,2,2,0,2,2,4,
AIFBotMCTS_vs_EBot_C,30,LEFT_A,4,12409560045153585808,grpc:AIFBotMCTS,EBot_C,2,2,0,2,2,4,
AIFBotMCTS_vs_EBot_C,30,LEFT_B,4,8791373249600686265,EBot_C,grpc:AIFBotMCTS,3,1,0,1,3,4,
AIFBotMCTS_vs_EBot_C,31,LEFT_A,4,13845461170917669573,grpc:AIFBotMCTS,EBot_C,2,2,0,2,2,4,
AIFBotMCTS_vs_EBot_C,31,LEFT_B,4,9926129554264406451,EBot_C,grpc:AIFBotMCTS,2,2,0,2,2,4,
AIFBotMCTS_vs_EBot_C,32,LEFT_A,4,8254476153493685821,grpc:AIFBotMCTS,EBot_C,3,1,0,3,1,4,
AIFBotMCTS_vs_EBot_C,32,LEFT_B,4,290265905643918583,EBot_C,grpc:AIFBotMCTS,4,0,0,0,4,4,
AIFBotMCTS_vs_EBot_C,33,LEFT_A,4,10592811616141583191,grpc:AIFBotMCTS,EBot_C,3,1,0,3,1,4,
AIFBotMCTS_vs_EBot_C,33,LEFT_B,4,16072556928995232282,EBot_C,grpc:AIFBotMCTS,3,1,0,1,3,4,
AIFBotMCTS_vs_EBot_C,34,LEFT_A,4,3195725436729210432,grpc:AIFBotMCTS,EBot_C,2,2,0,2,2,4,
AIFBotMCTS_vs_EBot_C,34,LEFT_B,4,10136537983384957762,EBot_C,grpc:AIFBotMCTS,2,2,0,2,2,4,
AIFBotMCTS_vs_EBot_C,35,LEFT_A,4,440840437363408646,grpc:AIFBotMCTS,EBot_C,3,1,0,3,1,4,
AIFBotMCTS_vs_EBot_C,35,LEFT_B,4,12805486793697689142,EBot_C,grpc:AIFBotMCTS,3,1,0,1,3,4,
