pair_id,round_idx,side,runs,seed,left,right,p1_wins,p2_wins,draws,mapped_a_wins,mapped_b_wins,games,avg_ms
BestMCTS3_vs_MaltheMCTS,0,LEFT_A,4,215818372814973728,BestMCTS3,MaltheMCTS,4,0,0,4,0,4,
BestMCTS3_vs_MaltheMCTS,0,LEFT_B,4,3127100491668641540,MaltheMCTS,BestMCTS3,0,4,0,4,0,4,
BestMCTS3_vs_MaltheMCTS,1,LEFT_A,4,16580053566062704285,BestMCTS3,MaltheMCTS,4,0,0,4,0,4,
BestMCTS3_vs_MaltheMCTS,1,LEFT_B,4,1408045532461818959,MaltheMCTS,BestMCTS3,1,3,0,3,1,4,
BestMCTS3_vs_MaltheMCTS,2,LEFT_A,4,4414625632687747441,BestMCTS3,MaltheMCTS,4,0,0,4,0,4,
BestMCTS3_vs_MaltheMCTS,2,LEFT_B,4,10330831702986990748,MaltheMCTS,BestMCTS3,0,4,0,4,0,4,
BestMCTS3_vs_MaltheMCTS,3,LEFT_A,4,3156831384364159706,BestMCTS3,MaltheMCTS,4,0,0,4,0,4,
BestMCTS3_vs_MaltheMCTS,3,LEFT_B,4,1938680368873879633,MaltheMCTS,BestMCTS3,0,4,0,4,0,4,
BestMCTS3_vs_MaltheMCTS,4,LEFT_A,4,12194393558565877023,BestMCTS3,MaltheMCTS,4,0,0,4,0,4,
BestMCTS3_vs_MaltheMCTS,4,LEFT_B,4,934404838278673865,MaltheMCTS,BestMCTS3,0,4,0,4,0,4,
BestMCTS3_vs_MaltheMCTS,5,LEFT_A,4,1156977717702629464,BestMCTS3,MaltheMCTS,4,0,0,4,0,4,
BestMCTS3_vs_MaltheMCTS,5,LEFT_B,4,952659818491359536,MaltheMCTS,BestMCTS3,0,4,0,4,0,4,
BestMCTS3_vs_MaltheMCTS,6,LEFT_A,4,14489559272881697258,BestMCTS3,MaltheMCTS,4,0,0,4,0,4,
BestMCTS3_vs_MaltheMCTS,6,LEFT_B,4,10465374824833575964,MaltheMCTS,BestMCTS3,0,4,0,4,0,4,
BestMCTS3_vs_MaltheMCTS,7,LEFT_A,4,3640845775839324872,BestMCTS3,MaltheMCTS,4,0,0,4,0,4,
BestMCTS3_vs_MaltheMCTS,7,LEFT_B,4,16308744113920845774,MaltheMCTS,BestMCTS3,0,4,0,4,0,4,
BestMCTS3_vs_MaltheMCTS,8,LEFT_A,4,15362589622826965922,BestMCTS3,MaltheMCTS,4,0,0,4,0,4,
BestMCTS3_vs_MaltheMCTS,8,LEFT_B,4,13698316902508750069,MaltheMCTS,BestMCTS3,0,4,0,4,0,4,
BestMCTS3_vs_MaltheMCTS,9,LEFT_A,4,5114506203660754418,BestMCTS3,MaltheMCTS,3,1,0,3,1,4,
BestMCTS3_vs_MaltheMCTS,9,LEFT_B,4,14745608524434418715,MaltheMCTS,BestMCTS3,0,4,0,4,0,4,
BestMCTS3_vs_MaltheMCTS,10,LEFT_A,4,12612806983384864653,BestMCTS3,MaltheMCTS,4,0,0,4,0,4,
BestMCTS3_vs_MaltheMCTS,10,LEFT_B,4,10380699617942635222,MaltheMCTS,BestMCTS3,0,4,0,4,0,4,
BestMCTS3_vs_MaltheMCTS,11,LEFT_A,4,6566252267539002401,BestMCTS3,MaltheMCTS,4,0,0,4,0,4,
BestMCTS3_vs_MaltheMCTS,11,LEFT_B,4,8273021686404362673,MaltheMCTS,BestMCTS3,0,4,0,4,0,4,
BestMCTS3_vs_MaltheMCTS,12,LEFT_A,4,18068604352089151092,BestMCTS3,MaltheMCTS,4,0,0,4,0,4,
BestMCTS3_vs_MaltheMCTS,12,LEFT_B,4,5748123783126247735,MaltheMCTS,BestMCTS3,0,4,0,4,0,4,
BestMCTS3_vs_MaltheMCTS,13,LEFT_A,4,3042053892850104266,BestMCTS3,MaltheMCTS,4,0,0,4,0,4,
BestMCTS3_vs_MaltheMCTS,13,LEFT_B,4,16266343314168073326,MaltheMCTS,BestMCTS3,0,4,0,4,0,4,
BestMCTS3_vs_MaltheMCTS,14,LEFT_A,4,4855880265445756180,BestMCTS3,MaltheMCTS,4,0,0,4,0,4,
BestMCTS3_vs_MaltheMCTS,14,LEFT_B,4,11175326216490660258,MaltheMCTS,BestMCTS3,2,2,0,2,2,4,
BestMCTS3_vs_MaltheMCTS,15,LEFT_A,4,1280959981494649819,BestMCTS3,MaltheMCTS,4,0,0,4,0,4,
BestMCTS3_vs_MaltheMCTS,15,LEFT_B,4,11279943037770477706,MaltheMCTS,BestMCTS3,1,3,0,3,1,4,
BestMCTS3_vs_MaltheMCTS,16,LEFT_A,4,1452268067306090956,BestMCTS3,MaltheMCTS,4,0,0,4,0,4,
BestMCTS3_vs_MaltheMCTS,16,LEFT_B,4,11779259387051581279,MaltheMCTS,BestMCTS3,0,4,0,4,0,4,
BestMCTS3_vs_MaltheMCTS,17,LEFT_A,4,8423081242136323396,BestMCTS3,MaltheMCTS,4,0,0,4,0,4,
BestMCTS3_vs_MaltheMCTS,17,LEFT_B,4,6207680801046261015,MaltheMCTS,BestMCTS3,0,4,0,4,0,4,
BestMCTS3_vs_MaltheMCTS,18,LEFT_A,4,2386127388770193243,BestMCTS3,MaltheMCTS,4,0,0,4,0,4,
BestMCTS3_vs_MaltheMCTS,18,LEFT_B,4,7755066373066757097,MaltheMCTS,BestMCTS3,2,2,0,2,2,4,
BestMCTS3_vs_MaltheMCTS,19,LEFT_A,4,3711593025907530030,BestMCTS3,MaltheMCTS,4,0,0,4,0,4,
BestMCTS3_vs_MaltheMCTS,19,LEFT_B,4,16450192456281525659,MaltheMCTS,BestMCTS3,0,4,0,4,0,4,
BestMCTS3_vs_MaltheMCTS,20,LEFT_A,4,8477429892132825897,BestMCTS3,MaltheMCTS,4,0,0,4,0,4,
BestMCTS3_vs_MaltheMCTS,20,LEFT_B,4,14068923600698677225,MaltheMCTS,BestMCTS3,1,3,0,3,1,4,
BestMCTS3_vs_MaltheMCTS,21,LEFT_A,4,540842930601380888,BestMCTS3,MaltheMCTS,4,0,0,4,0,4,
BestMCTS3_vs_MaltheMCTS,21,LEFT_B,4,5966547820289272896,MaltheMCTS,BestMCTS3,0,4,0,4,0,4,
BestMCTS3_vs_MaltheMCTS,22,LEFT_A,4,12641921428147076483,BestMCTS3,MaltheMCTS,4,0,0,4,0,4,
BestMCTS3_vs_MaltheMCTS,22,LEFT_B,4,2570466476357571228,MaltheMCTS,BestMCTS3,0,4,0,4,0,4,
BestMCTS3_vs_MaltheMCTS,23,LEFT_A,4,6702685232869691510,BestMCTS3,MaltheMCTS,4,0,0,4,0,4,
BestMCTS3_vs_MaltheMCTS,23,LEFT_B,4,367554624266273046,MaltheMCTS,BestMCTS3,1,3,0,3,1,4,
BestMCTS3_vs_MaltheMCTS,24,LEFT_A,4,10064575214174739773,BestMCTS3,MaltheMCTS,4,0,0,4,0,4,
BestMCTS3_vs_MaltheMCTS,24,LEFT_B,4,4453228793964638184,MaltheMCTS,BestMCTS3,0,4,0,4,0,4,
BestMCTS3_vs_MaltheMCTS,25,LEFT_A,4,990089707317321684,BestMCTS3,MaltheMCTS,4,0,0,4,0,4,
BestMCTS3_vs_MaltheMCTS,25,LEFT_B,4,480317845610403362,MaltheMCTS,BestMCTS3,0,4,0,4,0,4,
BestMCTS3_vs_MaltheMCTS,26,LEFT_A,4,5122525571760836634,BestMCTS3,MaltheMCTS,4,0,0,4,0,4,
BestMCTS3_vs_MaltheMCTS,26,LEFT_B,4,7968981236476007146,MaltheMCTS,BestMCTS3,0,4,0,4,0,4,
BestMCTS3_vs_MaltheMCTS,27,LEFT_A,4,5439871150911924910,BestMCTS3,MaltheMCTS,4,0,0,4,0,4,
BestMCTS3_vs_MaltheMCTS,27,LEFT_B,4,7061267613340886467,MaltheMCTS,BestMCTS3,0,4,0,4,0,4,
BestMCTS3_vs_MaltheMCTS,28,LEFT_A,4,17513876043383512375,BestMCTS3,MaltheMCTS,4,0,0,4,0,4,
BestMCTS3_vs_MaltheMCTS,28,LEFT_B,4,3324224883764975585,MaltheMCTS,BestMCTS3,0,4,0,4,0,4,
BestMCTS3_vs_MaltheMCTS,29,LEFT_A,4,699234885082348313,BestMCTS3,MaltheMCTS,4,0,0,4,0,4,
BestMCTS3_vs_MaltheMCTS,29,LEFT_B,4,15050847960166180798,MaltheMCTS,BestMCTS3,0,4,0,4,0,4,
BestMCTS3_vs_MaltheMCTS,30,LEFT_A,4,8183912428767910226,BestMCTS3,MaltheMCTS,3,1,0,3,1,4,
BestMCTS3_vs_MaltheMCTS,30,LEFT_B,4,5013283266927889986,MaltheMCTS,BestMCTS3,0,4,0,4,0,4,
BestMCTS3_vs_MaltheMCTS,31,LEFT_A,4,9991065635938643064,BestMCTS3,MaltheMCTS,4,0,0,4,0,4,
BestMCTS3_vs_MaltheMCTS,31,LEFT_B,4,15377930105390256030,MaltheMCTS,BestMCTS3,1,3,0,3,1,4,
BestMCTS3_vs_MaltheMCTS,32,LEFT_A,4,14513356420859883084,BestMCTS3,MaltheMCTS,4,0,0,4,0,4,
BestMCTS3_vs_MaltheMCTS,32,LEFT_B,4,5681044056470901896,MaltheMCTS,BestMCTS3,0,4,0,4,0,4,
BestMCTS3_vs_MaltheMCTS,33,LEFT_A,4,4055997834462333464,BestMCTS3,MaltheMCTS,4,0,0,4,0,4,
BestMCTS3_vs_MaltheMCTS,33,LEFT_B,4,3572514410044166810,MaltheMCTS,BestMCTS3,1,3,0,3,1,4,
BestMCTS3_vs_MaltheMCTS,34,LEFT_A,4,5809919147403046548,BestMCTS3,MaltheMCTS,4,0,0,4,0,4,
BestMCTS3_vs_MaltheMCTS,34,LEFT_B,4,9819894499048449337,MaltheMCTS,BestMCTS3,0,4,0,4,0,4,
BestMCTS3_vs_MaltheMCTS,35,LEFT_A,4,429996525935318983,BestMCTS3,MaltheMCTS,4,0,0,4,0,4,
BestMCTS3_vs_MaltheMCTS,35,LEFT_B,4,13946552603025802249,MaltheMCTS,BestMCTS3,0,4,0,4,0,4,
