pair_id,round_idx,side,runs,seed,left,right,p1_wins,p2_wins,draws,mapped_a_wins,mapped_b_wins,games,avg_ms
BestMCTS3_vs_HQL_Plus_BOT,0,LEFT_A,4,4316456614042051216,BestMCTS3,HQL_Plus_BOT,1,3,0,1,3,4,
BestMCTS3_vs_HQL_Plus_BOT,0,LEFT_B,4,5862289580144100310,HQL_Plus_BOT,BestMCTS3,4,0,0,0,4,4,
BestMCTS3_vs_HQL_Plus_BOT,1,LEFT_A,4,17821709685769860393,BestMCTS3,HQL_Plus_BOT,1,3,0,1,3,4,
BestMCTS3_vs_HQL_Plus_BOT,1,LEFT_B,4,16440541492311935731,HQL_Plus_BOT,BestMCTS3,2,2,0,2,2,4,
BestMCTS3_vs_HQL_Plus_BOT,2,LEFT_A,4,10093060361442935062,BestMCTS3,HQL_Plus_BOT,0,4,0,0,4,4,
BestMCTS3_vs_HQL_Plus_BOT,2,LEFT_B,4,15153727212866099319,HQL_Plus_BOT,BestMCTS3,4,0,0,0,4,4,
BestMCTS3_vs_HQL_Plus_BOT,3,LEFT_A,4,15704255443879637716,BestMCTS3,HQL_Plus_BOT,2,2,0,2,2,4,
BestMCTS3_vs_HQL_Plus_BOT,3,LEFT_B,4,4707938295740792701,HQL_Plus_BOT,BestMCTS3,3,1,0,1,3,4,
BestMCTS3_vs_HQL_Plus_BOT,4,LEFT_A,4,7980252464868516838,BestMCTS3,HQL_Plus_BOT,1,3,0,1,3,4,
BestMCTS3_vs_HQL_Plus_BOT,4,LEFT_B,4,8256500405138888398,HQL_Plus_BOT,BestMCTS3,4,0,0,0,4,4,
BestMCTS3_vs_HQL_Plus_BOT,5,LEFT_A,4,382825725777850718,BestMCTS3,HQL_Plus_BOT,1,3,0,1,3,4,
BestMCTS3_vs_HQL_Plus_BOT,5,LEFT_B,4,7623806111913255532,HQL_Plus_BOT,BestMCTS3,3,1,0,1,3,4,
BestMCTS3_vs_HQL_Plus_BOT,6,LEFT_A,4,2540742365104764046,BestMCTS3,HQL_Plus_BOT,2,2,0,2,2,4,
BestMCTS3_vs_HQL_Plus_BOT,6,LEFT_B,4,6473009141572336941,HQL_Plus_BOT,BestMCTS3,3,1,0,1,3,4,
BestMCTS3_vs_HQL_Plus_BOT,7,LEFT_A,4,668522312366053348,BestMCTS3,HQL_Plus_BOT,2,2,0,2,2,4,
BestMCTS3_vs_HQL_Plus_BOT,7,LEFT_B,4,1584568384090621129,HQL_Plus_BOT,BestMCTS3,2,2,0,2,2,4,
BestMCTS3_vs_HQL_Plus_BOT,8,LEFT_A,4,11601523908061362417,BestMCTS3,HQL_Plus_BOT,0,4,0,0,4,4,
BestMCTS3_vs_HQL_Plus_BOT,8,LEFT_B,4,9747250823665847930,HQL_Plus_BOT,BestMCTS3,3,1,0,1,3,4,
BestMCTS3_vs_HQL_Plus_BOT,9,LEFT_A,4,17197520337732904374,BestMCTS3,HQL_Plus_BOT,0,4,0,0,4,4,
BestMCTS3_vs_HQL_Plus_BOT,9,LEFT_B,4,12759455379123793610,HQL_Plus_BOT,BestMCTS3,4,0,0,0,4,4,
BestMCTS3_vs_HQL_Plus_BOT,10,LEFT_A,4,15583518159242033228,BestMCTS3,HQL_Plus_BOT,1,3,0,1,3,4,
BestMCTS3_vs_HQL_Plus_BOT,10,LEFT_B,4,10251008340615873928,HQL_Plus_BOT,BestMCTS3,4,0,0,0,4,4,
BestMCTS3_vs_HQL_Plus_BOT,11,LEFT_A,4,17933578540712144297,BestMCTS3,HQL_Plus_BOT,0,4,0,0,4,4,
BestMCTS3_vs_HQL_Plus_BOT,11,LEFT_B,4,12450321272137745809,HQL_Plus_BOT,BestMCTS3,3,1,0,1,3,4,
BestMCTS3_vs_HQL_Plus_BOT,12,LEFT_A,4,17015174757775404717,BestMCTS3,HQL_Plus_BOT,3,1,0,3,1,4,
BestMCTS3_vs_HQL_Plus_BOT,12,LEFT_B,4,10120872037935057699,HQL_Plus_BOT,BestMCTS3,4,0,0,0,4,4,
BestMCTS3_vs_HQL_Plus_BOT,13,LEFT_A,4,6996955717526981435,BestMCTS3,HQL_Plus_BOT,0,4,0,0,4,4,
BestMCTS3_vs_HQL_Plus_BOT,13,LEFT_B,4,3840997215050481765,HQL_Plus_BOT,BestMCTS3,3,1,0,1,3,4,
BestMCTS3_vs_HQL_Plus_BOT,14,LEFT_A,4,15933895271602571982,BestMCTS3,HQL_Plus_BOT,2,2,0,2,2,4,
BestMCTS3_vs_HQL_Plus_BOT,14,LEFT_B,4,11054174919870835513,HQL_Plus_BOT,BestMCTS3,2,2,0,2,2,4,
BestMCTS3_vs_HQL_Plus_BOT,15,LEFT_A,4,13215799471935507769,BestMCTS3,HQL_Plus_BOT,3,1,0,3,1,4,
BestMCTS3_vs_HQL_Plus_BOT,15,LEFT_B,4,14523866151594264510,HQL_Plus_BOT,BestMCTS3,4,0,0,0,4,4,
BestMCTS3_vs_HQL_Plus_BOT,16,LEFT_A,4,17978096194465457951,BestMCTS3,HQL_Plus_BOT,2,2,0,2,2,4,
BestMCTS3_vs_HQL_Plus_BOT,16,LEFT_B,4,13071278291403805818,HQL_Plus_BOT,BestMCTS3,3,1,0,1,3,4,
BestMCTS3_vs_HQL_Plus_BOT,17,LEFT_A,4,14839618812932440677,BestMCTS3,HQL_Plus_BOT,1,3,0,1,3,4,
BestMCTS3_vs_HQL_Plus_BOT,17,LEFT_B,4,15083050335193277085,HQL_Plus_BOT,BestMCTS3,2,2,0,2,2,4,
BestMCTS3_vs_HQL_Plus_BOT,18,LEFT_A,4,9318191346141378794,BestMCTS3,HQL_Plus_BOT,0,4,0,0,4,4,
BestMCTS3_vs_HQL_Plus_BOT,18,LEFT_B,4,4600421668207526294,HQL_Plus_BOT,BestMCTS3,4,0,0,0,4,4,
BestMCTS3_vs_HQL_Plus_BOT,19,LEFT_A,4,9411684028528678173,BestMCTS3,HQL_Plus_BOT,2,2,0,2,2,4,
BestMCTS3_vs_HQL_Plus_BOT,19,LEFT_B,4,13515302577388154657,HQL_Plus_BOT,BestMCTS3,4,0,0,0,4,4,
BestMCTS3_vs_HQL_Plus_BOT,20,LEFT_A,4,2387497835413485389,BestMCTS3,HQL_Plus_BOT,1,3,0,1,3,4,
BestMCTS3_vs_HQL_Plus_BOT,20,LEFT_B,4,14692583832670330492,HQL_Plus_BOT,BestMCTS3,3,1,0,1,3,4,
BestMCTS3_vs_HQL_Plus_BOT,21,LEFT_A,4,14522632999828137233,BestMCTS3,HQL_Plus_BOT,1,3,0,1,3,4,
BestMCTS3_vs_HQL_Plus_BOT,21,LEFT_B,4,12061759923952496112,HQL_Plus_BOT,BestMCTS3,2,2,0,2,2,4,
BestMCTS3_vs_HQL_Plus_BOT,22,LEFT_A,4,6332157477181956884,BestMCTS3,HQL_Plus_BOT,1,3,0,1,3,4,
BestMCTS3_vs_HQL_Plus_BOT,22,LEFT_B,4,11352576743168860323,HQL_Plus_BOT,BestMCTS3,3,1,0,1,3,4,
BestMCTS3_vs_HQL_Plus_BOT,23,LEFT_A,4,12987200281622328062,BestMCTS3,HQL_Plus_BOT,1,3,0,1,3,4,
BestMCTS3_vs_HQL_Plus_BOT,23,LEFT_B,4,16403420038311078533,HQL_Plus_BOT,BestMCTS3,4,0,0,0,4,4,
BestMCTS3_vs_HQL_Plus_BOT,24,LEFT_A,4,18155821200708919722,BestMCTS3,HQL_Plus_BOT,3,1,0,3,1,4,
BestMCTS3_vs_HQL_Plus_BOT,24,LEFT_B,4,2929091574397503240,HQL_Plus_BOT,BestMCTS3,4,0,0,0,4,4,
BestMCTS3_vs_HQL_Plus_BOT,25,LEFT_A,4,870118539305276526,BestMCTS3,HQL_Plus_BOT,1,3,0,1,3,4,
BestMCTS3_vs_HQL_Plus_BOT,25,LEFT_B,4,934896545783897814,HQL_Plus_BOT,BestMCTS3,3,1,0,1,3,4,
BestMCTS3_vs_HQL_Plus_BOT,26,LEFT_A,4,10399067535255145620,BestMCTS3,HQL_Plus_BOT,0,4,0,0,4,4,
BestMCTS3_vs_HQL_Plus_BOT,26,LEFT_B,4,11721787373687489485,HQL_Plus_BOT,BestMCTS3,3,1,0,1,3,4,
BestMCTS3_vs_HQL_Plus_BOT,27,LEFT_A,4,6311208809842891687,BestMCTS3,HQL_Plus_BOT,1,3,0,1,3,4,
BestMCTS3_vs_HQL_Plus_BOT,27,LEFT_B,4,14113706712594564778,HQL_Plus_BOT,BestMCTS3,4,0,0,0,4,4,
BestMCTS3_vs_HQL_Plus_BOT,28,LEFT_A,4,10275694987481002714,BestMCTS3,HQL_Plus_BOT,0,4,0,0,4,4,
BestMCTS3_vs_HQL_Plus_BOT,28,LEFT_B,4,9427772880482859773,HQL_Plus_BOT,BestMCTS3,4,0,0,0,4,4,
BestMCTS3_vs_HQL_Plus_BOT,29,LEFT_A,4,4329281224388397459,BestMCTS3,HQL_Plus_BOT,1,3,0,1,3,4,
BestMCTS3_vs_HQL_Plus_BOT,29,LEFT_B,4,568485930192401247,HQL_Plus_BOT,BestMCTS3,3,1,0,1,3,4,
BestMCTS3_vs_HQL_Plus_BOT,30,LEFT_A,4,5722478331224147642,BestMCTS3,HQL_Plus_BOT,1,3,0,1,3,4,
BestMCTS3_vs_HQL_Plus_BOT,30,LEFT_B,4,10680016699034620152,HQL_Plus_BOT,BestMCTS3,3,1,0,1,3,4,
BestMCTS3_vs_HQL_Plus_BOT,31,LEFT_A,4,1670676840368618898,BestMCTS3,HQL_Plus_BOT,0,4,0,0,4,4,
BestMCTS3_vs_HQL_Plus_BOT,31,LEFT_B,4,12715856714879587992,HQL_Plus_BOT,BestMCTS3,3,1,0,1,3,4,
BestMCTS3_vs_HQL_Plus_BOT,32,LEFT_A,4,4065353042196009384,BestMCTS3,HQL_Plus_BOT,3,1,0,3,1,4,
BestMCTS3_vs_HQL_Plus_BOT,32,LEFT_B,4,475329369422914412,HQL_Plus_BOT,BestMCTS3,4,0,0,0,4,4,
BestMCTS3_vs_HQL_Plus_BOT,33,LEFT_A,4,5272623019403551540,BestMCTS3,HQL_Plus_BOT,1,3,0,1,3,4,
BestMCTS3_vs_HQL_Plus_BOT,33,LEFT_B,4,15854629336448126602,HQL_Plus_BOT,BestMCTS3,3,1,0,1,3,4,
BestMCTS3_vs_HQL_Plus_BOT,34,LEFT_A,4,12566107897984296993,BestMCTS3,HQL_Plus_BOT,0,4,0,0,4,4,
BestMCTS3_vs_HQL_Plus_BOT,34,LEFT_B,4,8285160667348871134,HQL_Plus_BOT,BestMCTS3,2,2,0,2,2,4,
BestMCTS3_vs_HQL_Plus_BOT,35,LEFT_A,4,6593363124338928539,BestMCTS3,HQL_Plus_BOT,1,3,0,1,3,4,
BestMCTS3_vs_HQL_Plus_BOT,35,LEFT_B,4,5354528216152447824,HQL_Plus_BOT,BestMCTS3,3,1,0,1,3,4,
