pair_id,round_idx,side,runs,seed,left,right,p1_wins,p2_wins,draws,mapped_a_wins,mapped_b_wins,games,avg_ms
BestMCTS3_vs_SakkirinaSolo,0,LEFT_A,4,10982741934776941125,BestMCTS3,SakkirinaSolo,2,2,0,2,2,4,
BestMCTS3_vs_SakkirinaSolo,0,LEFT_B,4,9054042227828329949,SakkirinaSolo,BestMCTS3,2,2,0,2,2,4,
BestMCTS3_vs_SakkirinaSolo,1,LEFT_A,4,9263219011442803498,BestMCTS3,SakkirinaSolo,3,1,0,3,1,4,
BestMCTS3_vs_SakkirinaSolo,1,LEFT_B,4,16998637448079376246,SakkirinaSolo,BestMCTS3,3,1,0,1,3,4,
BestMCTS3_vs_SakkirinaSolo,2,LEFT_A,4,2774246065716444632,BestMCTS3,SakkirinaSolo,2,2,0,2,2,4,
BestMCTS3_vs_SakkirinaSolo,2,LEFT_B,4,18097623791760686343,SakkirinaSolo,BestMCTS3,0,4,0,4,0,4,
BestMCTS3_vs_SakkirinaSolo,3,LEFT_A,4,5268010970768522227,BestMCTS3,SakkirinaSolo,0,4,0,0,4,4,
BestMCTS3_vs_SakkirinaSolo,3,LEFT_B,4,13121980923056922719,SakkirinaSolo,BestMCTS3,3,1,0,1,3,4,
BestMCTS3_vs_SakkirinaSolo,4,LEFT_A,4,5086608064573129069,BestMCTS3,SakkirinaSolo,1,3,0,1,3,4,
BestMCTS3_vs_SakkirinaSolo,4,LEFT_B,4,15634960746141754925,SakkirinaSolo,BestMCTS3,0,4,0,4,0,4,
BestMCTS3_vs_SakkirinaSolo,5,LEFT_A,4,4336718677103006038,BestMCTS3,SakkirinaSolo,0,4,0,0,4,4,
BestMCTS3_vs_SakkirinaSolo,5,LEFT_B,4,14858983503487044235,SakkirinaSolo,BestMCTS3,3,1,0,1,3,4,
BestMCTS3_vs_SakkirinaSolo,6,LEFT_A,4,4617237748688763536,BestMCTS3,SakkirinaSolo,0,4,0,0,4,4,
BestMCTS3_vs_SakkirinaSolo,6,LEFT_B,4,5939937202662903063,SakkirinaSolo,BestMCTS3,3,1,0,1,3,4,
BestMCTS3_vs_SakkirinaSolo,7,LEFT_A,4,7634284189089636235,BestMCTS3,SakkirinaSolo,0,4,0,0,4,4,
BestMCTS3_vs_SakkirinaSolo,7,LEFT_B,4,9706342238995493830,SakkirinaSolo,BestMCTS3,3,1,0,1,3,4,
BestMCTS3_vs_SakkirinaSolo,8,LEFT_A,4,531930860954713251,BestMCTS3,SakkirinaSolo,1,3,0,1,3,4,
BestMCTS3_vs_SakkirinaSolo,8,LEFT_B,4,10691347132777763606,SakkirinaSolo,BestMCTS3,1,3,0,3,1,4,
BestMCTS3_vs_SakkirinaSolo,9,LEFT_A,4,1282315646500247791,BestMCTS3,SakkirinaSolo,4,0,0,4,0,4,
BestMCTS3_vs_SakkirinaSolo,9,LEFT_B,4,14819105700298454263,SakkirinaSolo,BestMCTS3,2,2,0,2,2,4,
BestMCTS3_vs_SakkirinaSolo,10,LEFT_A,4,13498812428729127925,BestMCTS3,SakkirinaSolo,1,3,0,1,3,4,
BestMCTS3_vs_SakkirinaSolo,10,LEFT_B,4,11918128374359008064,SakkirinaSolo,BestMCTS3,1,3,0,3,1,4,
BestMCTS3_vs_SakkirinaSolo,11,LEFT_A,4,10968104896285601886,BestMCTS3,SakkirinaSolo,2,2,0,2,2,4,
BestMCTS3_vs_SakkirinaSolo,11,LEFT_B,4,12998917776237088150,SakkirinaSolo,BestMCTS3,3,1,0,1,3,4,
BestMCTS3_vs_SakkirinaSolo,12,LEFT_A,4,17446891398546646217,BestMCTS3,SakkirinaSolo,0,4,0,0,4,4,
BestMCTS3_vs_SakkirinaSolo,12,LEFT_B,4,6013284320321601763,SakkirinaSolo,BestMCTS3,3,1,0,1,3,4,
BestMCTS3_vs_SakkirinaSolo,13,LEFT_A,4,11880528290204794783,BestMCTS3,SakkirinaSolo,0,4,0,0,4,4,
BestMCTS3_vs_SakkirinaSolo,13,LEFT_B,4,9079644965161782943,SakkirinaSolo,BestMCTS3,2,2,0,2,2,4,
BestMCTS3_vs_SakkirinaSolo,14,LEFT_A,4,11316515269245291420,BestMCTS3,SakkirinaSolo,1,3,0,1,3,4,
BestMCTS3_vs_SakkirinaSolo,14,LEFT_B,4,13794180338573421712,SakkirinaSolo,BestMCTS3,3,1,0,1,3,4,
BestMCTS3_vs_SakkirinaSolo,15,LEFT_A,4,2568866945711858570,BestMCTS3,SakkirinaSolo,1,3,0,1,3,4,
BestMCTS3_vs_SakkirinaSolo,15,LEFT_B,4,16657082784111462173,SakkirinaSolo,BestMCTS3,3,1,0,1,3,4,
BestMCTS3_vs_SakkirinaSolo,16,LEFT_A,4,1413237662784872502,BestMCTS3,SakkirinaSolo,1,3,0,1,3,4,
BestMCTS3_vs_SakkirinaSolo,16,LEFT_B,4,320695500517083369,SakkirinaSolo,BestMCTS3,3,1,0,1,3,4,
BestMCTS3_vs_SakkirinaSolo,17,LEFT_A,4,11116959554943935892,BestMCTS3,SakkirinaSolo,3,1,0,3,1,4,
BestMCTS3_vs_SakkirinaSolo,17,LEFT_B,4,15749409075736133218,SakkirinaSolo,BestMCTS3,2,2,0,2,2,4,
BestMCTS3_vs_SakkirinaSolo,18,LEFT_A,4,5801741956137010093,BestMCTS3,SakkirinaSolo,1,3,0,1,3,4,
BestMCTS3_vs_SakkirinaSolo,18,LEFT_B,4,9096948225529867241,SakkirinaSolo,BestMCTS3,1,3,0,3,1,4,
BestMCTS3_vs_SakkirinaSolo,19,LEFT_A,4,15023556495179284027,BestMCTS3,SakkirinaSolo,1,3,0,1,3,4,
BestMCTS3_vs_SakkirinaSolo,19,LEFT_B,4,7356954786363643256,SakkirinaSolo,BestMCTS3,3,1,0,1,3,4,
BestMCTS3_vs_SakkirinaSolo,20,LEFT_A,4,4645373266394155210,BestMCTS3,SakkirinaSolo,2,2,0,2,2,4,
BestMCTS3_vs_SakkirinaSolo,20,LEFT_B,4,4038678584150687257,SakkirinaSolo,BestMCTS3,1,3,0,3,1,4,
BestMCTS3_vs_SakkirinaSolo,21,LEFT_A,4,5267052268856909722,BestMCTS3,SakkirinaSolo,3,1,0,3,1,4,
BestMCTS3_vs_SakkirinaSolo,21,LEFT_B,4,4244207593966341774,SakkirinaSolo,BestMCTS3,4,0,0,0,4,4,
BestMCTS3_vs_SakkirinaSolo,22,LEFT_A,4,8988756720707721900,BestMCTS3,SakkirinaSolo,1,3,0,1,3,4,
BestMCTS3_vs_SakkirinaSolo,22,LEFT_B,4,9560635217892429669,SakkirinaSolo,BestMCTS3,3,1,0,1,3,4,
BestMCTS3_vs_SakkirinaSolo,23,LEFT_A,4,1075538014393313653,BestMCTS3,SakkirinaSolo,1,3,0,1,3,4,
BestMCTS3_vs_SakkirinaSolo,23,LEFT_B,4,11007597003231562486,SakkirinaSolo,BestMCTS3,2,2,0,2,2,4,
BestMCTS3_vs_SakkirinaSolo,24,LEFT_A,4,17714520562684705342,BestMCTS3,SakkirinaSolo,2,2,0,2,2,4,
BestMCTS3_vs_SakkirinaSolo,24,LEFT_B,4,10671172384201155346,SakkirinaSolo,BestMCTS3,4,0,0,0,4,4,
BestMCTS3_vs_SakkirinaSolo,25,LEFT_A,4,1171520870942571567,BestMCTS3,SakkirinaSolo,3,1,0,3,1,4,
BestMCTS3_vs_SakkirinaSolo,25,LEFT_B,4,14708745077304781144,SakkirinaSolo,BestMCTS3,3,1,0,1,3,4,
BestMCTS3_vs_SakkirinaSolo,26,LEFT_A,4,5224315032253510485,BestMCTS3,SakkirinaSolo,0,4,0,0,4,4,
BestMCTS3_vs_SakkirinaSolo,26,LEFT_B,4,13594978740824341010,SakkirinaSolo,BestMCTS3,3,1,0,1,3,4,
BestMCTS3_vs_SakkirinaSolo,27,LEFT_A,4,4395273140211396506,BestMCTS3,SakkirinaSolo,1,3,0,1,3,4,
BestMCTS3_vs_SakkirinaSolo,27,LEFT_B,4,11106445675796391240,SakkirinaSolo,BestMCTS3,3,1,0,1,3,4,
BestMCTS3_vs_SakkirinaSolo,28,LEFT_A,4,14556058822560783981,BestMCTS3,SakkirinaSolo,1,3,0,1,3,4,
BestMCTS3_vs_SakkirinaSolo,28,LEFT_B,4,5345040633379056449,SakkirinaSolo,BestMCTS3,1,3,0,3,1,4,
BestMCTS3_vs_SakkirinaSolo,29,LEFT_A,4,16308816140005311796,BestMCTS3,SakkirinaSolo,1,3,0,1,3,4,
BestMCTS3_vs_SakkirinaSolo,29,LEFT_B,4,18323898302116184505,SakkirinaSolo,BestMCTS3,2,2,0,2,2,4,
BestMCTS3_vs_SakkirinaSolo,30,LEFT_A,4,2684101939153124183,BestMCTS3,SakkirinaSolo,3,1,0,3,1,4,
BestMCTS3_vs_SakkirinaSolo,30,LEFT_B,4,8633460474456560663,SakkirinaSolo,BestMCTS3,3,1,0,1,3,4,
BestMCTS3_vs_SakkirinaSolo,31,LEFT_A,4,8447308579607077529,BestMCTS3,SakkirinaSolo,2,2,0,2,2,4,
BestMCTS3_vs_SakkirinaSolo,31,LEFT_B,4,2125778149560204052,SakkirinaSolo,BestMCTS3,4,0,0,0,4,4,
BestMCTS3_vs_SakkirinaSolo,32,LEFT_A,4,12046093493094084992,BestMCTS3,SakkirinaSolo,1,3,0,1,3,4,
BestMCTS3_vs_SakkirinaSolo,32,LEFT_B,4,13027502951016927696,SakkirinaSolo,BestMCTS3,1,3,0,3,1,4,
BestMCTS3_vs_SakkirinaSolo,33,LEFT_A,4,6256402598110640874,BestMCTS3,SakkirinaSolo,2,2,0,2,2,4,
BestMCTS3_vs_SakkirinaSolo,33,LEFT_B,4,17091476717909393050,SakkirinaSolo,BestMCTS3,3,1,0,1,3,4,
BestMCTS3_vs_SakkirinaSolo,34,LEFT_A,4,3343714047002023797,BestMCTS3,SakkirinaSolo,2,2,0,2,2,4,
BestMCTS3_vs_SakkirinaSolo,34,LEFT_B,4,12929960283993631375,SakkirinaSolo,BestMCTS3,3,1,0,1,3,4,
BestMCTS3_vs_SakkirinaSolo,35,LEFT_A,4,2777191123505542317,BestMCTS3,SakkirinaSolo,2,2,0,2,2,4,
BestMCTS3_vs_SakkirinaSolo,35,LEFT_B,4,6148611127058289495,SakkirinaSolo,BestMCTS3,2,2,0,2,2,4,
