pair_id,round_idx,side,runs,seed,left,right,p1_wins,p2_wins,draws,mapped_a_wins,mapped_b_wins,games,avg_ms
BestMCTS3_vs_EBot_F,0,LEFT_A,4,17450019675679259020,BestMCTS3,EBot_F,4,0,0,4,0,4,
BestMCTS3_vs_EBot_F,0,LEFT_B,4,836216726059939100,EBot_F,BestMCTS3,0,4,0,4,0,4,
BestMCTS3_vs_EBot_F,1,LEFT_A,4,7499107660391789680,BestMCTS3,EBot_F,4,0,0,4,0,4,
BestMCTS3_vs_EBot_F,1,LEFT_B,4,15678622783827508553,EBot_F,BestMCTS3,0,4,0,4,0,4,
BestMCTS3_vs_EBot_F,2,LEFT_A,4,12538815796130022764,BestMCTS3,EBot_F,4,0,0,4,0,4,
BestMCTS3_vs_EBot_F,2,LEFT_B,4,12745456797136334178,EBot_F,BestMCTS3,0,4,0,4,0,4,
BestMCTS3_vs_EBot_F,3,LEFT_A,4,17383184792928877498,BestMCTS3,EBot_F,4,0,0,4,0,4,
BestMCTS3_vs_EBot_F,3,LEFT_B,4,7134643685455266070,EBot_F,BestMCTS3,1,3,0,3,1,4,
BestMCTS3_vs_EBot_F,4,LEFT_A,4,1884525922050968376,BestMCTS3,EBot_F,4,0,0,4,0,4,
BestMCTS3_vs_EBot_F,4,LEFT_B,4,3686362704269273088,EBot_F,BestMCTS3,0,4,0,4,0,4,
BestMCTS3_vs_EBot_F,5,LEFT_A,4,7242782988217824774,BestMCTS3,EBot_F,4,0,0,4,0,4,
BestMCTS3_vs_EBot_F,5,LEFT_B,4,16063419956093155266,EBot_F,BestMCTS3,0,4,0,4,0,4,
BestMCTS3_vs_EBot_F,6,LEFT_A,4,1380299320796167523,BestMCTS3,EBot_F,3,1,0,3,1,4,
BestMCTS3_vs_EBot_F,6,LEFT_B,4,14253096181153644589,EBot_F,BestMCTS3,0,4,0,4,0,4,
BestMCTS3_vs_EBot_F,7,LEFT_A,4,5632427453332315165,BestMCTS3,EBot_F,4,0,0,4,0,4,
BestMCTS3_vs_EBot_F,7,LEFT_B,4,4631674913161018404,EBot_F,BestMCTS3,2,2,0,2,2,4,
BestMCTS3_vs_EBot_F,8,LEFT_A,4,1950020834165538499,BestMCTS3,EBot_F,4,0,0,4,0,4,
BestMCTS3_vs_EBot_F,8,LEFT_B,4,2237246745018463156,EBot_F,BestMCTS3,0,4,0,4,0,4,
BestMCTS3_vs_EBot_F,9,LEFT_A,4,4665565574453294539,BestMCTS3,EBot_F,4,0,0,4,0,4,
BestMCTS3_vs_EBot_F,9,LEFT_B,4,18119119746240834606,EBot_F,BestMCTS3,2,2,0,2,2,4,
BestMCTS3_vs_EBot_F,10,LEFT_A,4,18320532188262918520,BestMCTS3,EBot_F,4,0,0,4,0,4,
BestMCTS3_vs_EBot_F,10,LEFT_B,4,10860952919275964031,EBot_F,BestMCTS3,0,4,0,4,0,4,
BestMCTS3_vs_EBot_F,11,LEFT_A,4,14752554730982057839,BestMCTS3,EBot_F,4,0,0,4,0,4,
BestMCTS3_vs_EBot_F,11,LEFT_B,4,11083986140877091384,EBot_F,BestMCTS3,0,4,0,4,0,4,
BestMCTS3_vs_EBot_F,12,LEFT_A,4,2762274645743812123,BestMCTS3,EBot_F,3,1,0,3,1,4,
BestMCTS3_vs_EBot_F,12,LEFT_B,4,9517462825582976816,EBot_F,BestMCTS3,0,4,0,4,0,4,
BestMCTS3_vs_EBot_F,13,LEFT_A,4,3314595457900526854,BestMCTS3,EBot_F,4,0,0,4,0,4,
BestMCTS3_vs_EBot_F,13,LEFT_B,4,12558268502947664277,EBot_F,BestMCTS3,0,4,0,4,0,4,
BestMCTS3_vs_EBot_F,14,LEFT_A,4,11924781967930313182,BestMCTS3,EBot_F,4,0,0,4,0,4,
BestMCTS3_vs_EBot_F,14,LEFT_B,4,12409752564911710166,EBot_F,BestMCTS3,0,4,0,4,0,4,
BestMCTS3_vs_EBot_F,15,LEFT_A,4,13376182050376191538,BestMCTS3,EBot_F,4,0,0,4,0,4,
BestMCTS3_vs_EBot_F,15,LEFT_B,4,12835058590479592402,EBot_F,BestMCTS3,0,4,0,4,0,4,
BestMCTS3_vs_EBot_F,16,LEFT_A,4,12520486678235859412,BestMCTS3,EBot_F,4,0,0,4,0,4,
BestMCTS3_vs_EBot_F,16,LEFT_B,4,18142667652618611495,EBot_F,BestMCTS3,1,3,0,3,1,4,
BestMCTS3_vs_EBot_F,17,LEFT_A,4,1642270265949474011,BestMCTS3,EBot_F,4,0,0,4,0,4,
BestMCTS3_vs_EBot_F,17,LEFT_B,4,18075391269704408229,EBot_F,BestMCTS3,0,4,0,4,0,4,
BestMCTS3_vs_EBot_F,18,LEFT_A,4,293531212801646864,BestMCTS3,EBot_F,3,1,0,3,1,4,
BestMCTS3_vs_EBot_F,18,LEFT_B,4,2638753552976485586,EBot_F,BestMCTS3,1,3,0,3,1,4,
BestMCTS3_vs_EBot_F,19,LEFT_A,4,8957820115497489409,BestMCTS3,EBot_F,4,0,0,4,0,4,
BestMCTS3_vs_EBot_F,19,LEFT_B,4,4598359725528921728,EBot_F,BestMCTS3,0,4,0,4,0,4,
BestMCTS3_vs_EBot_F,20,LEFT_A,4,2364782045988024281,BestMCTS3,EBot_F,3,1,0,3,1,4,
BestMCTS3_vs_EBot_F,20,LEFT_B,4,10029065024740580210,EBot_F,BestMCTS3,2,2,0,2,2,4,
BestMCTS3_vs_EBot_F,21,LEFT_A,4,17466761102663419051,BestMCTS3,EBot_F,4,0,0,4,0,4,
BestMCTS3_vs_EBot_F,21,LEFT_B,4,9365469249491464193,EBot_F,BestMCTS3,1,3,0,3,1,4,
BestMCTS3_vs_EBot_F,22,LEFT_A,4,195506300506956870,BestMCTS3,EBot_F,3,1,0,3,1,4,
BestMCTS3_vs_EBot_F,22,LEFT_B,4,9086014224792989444,EBot_F,BestMCTS3,0,4,0,4,0,4,
BestMCTS3_vs_EBot_F,23,LEFT_A,4,11565284524496684909,BestMCTS3,EBot_F,4,0,0,4,0,4,
BestMCTS3_vs_EBot_F,23,LEFT_B,4,8016137848754458290,EBot_F,BestMCTS3,1,3,0,3,1,4,
BestMCTS3_vs_EBot_F,24,LEFT_A,4,2500057214086814284,BestMCTS3,EBot_F,4,0,0,4,0,4,
BestMCTS3_vs_EBot_F,24,LEFT_B,4,3439165921043947108,EBot_F,BestMCTS3,1,3,0,3,1,4,
BestMCTS3_vs_EBot_F,25,LEFT_A,4,14364052698236399125,BestMCTS3,EBot_F,3,1,0,3,1,4,
BestMCTS3_vs_EBot_F,25,LEFT_B,4,10067958036664524374,EBot_F,BestMCTS3,1,3,0,3,1,4,
BestMCTS3_vs_EBot_F,26,LEFT_A,4,16748280905668314851,BestMCTS3,EBot_F,4,0,0,4,0,4,
BestMCTS3_vs_EBot_F,26,LEFT_B,4,9338213588464607741,EBot_F,BestMCTS3,0,4,0,4,0,4,
BestMCTS3_vs_EBot_F,27,LEFT_A,4,8027384076173871069,BestMCTS3,EBot_F,4,0,0,4,0,4,
BestMCTS3_vs_EBot_F,27,LEFT_B,4,13113196425777291411,EBot_F,BestMCTS3,0,4,0,4,0,4,
BestMCTS3_vs_EBot_F,28,LEFT_A,4,10308801036189058264,BestMCTS3,EBot_F,4,0,0,4,0,4,
BestMCTS3_vs_EBot_F,28,LEFT_B,4,9718070844233383137,EBot_F,BestMCTS3,3,1,0,1,3,4,
BestMCTS3_vs_EBot_F,29,LEFT_A,4,3699574449919873480,BestMCTS3,EBot_F,3,1,0,3,1,4,
BestMCTS3_vs_EBot_F,29,LEFT_B,4,11574035791475700056,EBot_F,BestMCTS3,1,3,0,3,1,4,
BestMCTS3_vs_EBot_F,30,LEFT_A,4,6313291839018969298,BestMCTS3,EBot_F,4,0,0,4,0,4,
BestMCTS3_vs_EBot_F,30,LEFT_B,4,11885577461348385429,EBot_F,BestMCTS3,1,3,0,3,1,4,
BestMCTS3_vs_EBot_F,31,LEFT_A,4,5889996041349201508,BestMCTS3,EBot_F,4,0,0,4,0,4,
BestMCTS3_vs_EBot_F,31,LEFT_B,4,11134923582402280106,EBot_F,BestMCTS3,2,2,0,2,2,4,
BestMCTS3_vs_EBot_F,32,LEFT_A,4,3811816165170894179,BestMCTS3,EBot_F,4,0,0,4,0,4,
BestMCTS3_vs_EBot_F,32,LEFT_B,4,14862043801489469807,EBot_F,BestMCTS3,0,4,0,4,0,4,
BestMCTS3_vs_EBot_F,33,LEFT_A,4,515318064933411134,BestMCTS3,EBot_F,4,0,0,4,0,4,
BestMCTS3_vs_EBot_F,33,LEFT_B,4,10524136336006733623,EBot_F,BestMCTS3,1,3,0,3,1,4,
BestMCTS3_vs_EBot_F,34,LEFT_A,4,3175807914056431713,BestMCTS3,EBot_F,4,0,0,4,0,4,
BestMCTS3_vs_EBot_F,34,LEFT_B,4,16341347226068170171,EBot_F,BestMCTS3,0,4,0,4,0,4,
BestMCTS3_vs_EBot_F,35,LEFT_A,4,17157215892183720566,BestMCTS3,EBot_F,3,1,0,3,1,4,
BestMCTS3_vs_EBot_F,35,LEFT_B,4,2655137198952895821,EBot_F,BestMCTS3,1,3,0,3,1,4,
