pair_id,round_idx,side,runs,seed,left,right,p1_wins,p2_wins,draws,mapped_a_wins,mapped_b_wins,games,avg_ms
BestMCTS3_vs_Sakkirina,0,LEFT_A,4,2178972082399915713,BestMCTS3,Sakkirina,0,4,0,0,4,4,
BestMCTS3_vs_Sakkirina,0,LEFT_B,4,17165138819855557694,Sakkirina,BestMCTS3,2,2,0,2,2,4,
BestMCTS3_vs_Sakkirina,1,LEFT_A,4,287932036039611905,BestMCTS3,Sakkirina,1,3,0,1,3,4,
BestMCTS3_vs_Sakkirina,1,LEFT_B,4,10155470136650681248,Sakkirina,BestMCTS3,2,2,0,2,2,4,
BestMCTS3_vs_Sakkirina,2,LEFT_A,4,4416192472461978211,BestMCTS3,Sakkirina,1,3,0,1,3,4,
BestMCTS3_vs_Sakkirina,2,LEFT_B,4,2085373348188967540,Sakkirina,BestMCTS3,2,2,0,2,2,4,
BestMCTS3_vs_Sakkirina,3,LEFT_A,4,10626722462004682766,BestMCTS3,Sakkirina,3,1,0,3,1,4,
BestMCTS3_vs_Sakkirina,3,LEFT_B,4,10104279733398614379,Sakkirina,BestMCTS3,2,2,0,2,2,4,
BestMCTS3_vs_Sakkirina,4,LEFT_A,4,16221723666493040652,BestMCTS3,Sakkirina,3,1,0,3,1,4,
BestMCTS3_vs_Sakkirina,4,LEFT_B,4,1496611246518333089,Sakkirina,BestMCTS3,3,1,0,1,3,4,
BestMCTS3_vs_Sakkirina,5,LEFT_A,4,10431916075956263604,BestMCTS3,Sakkirina,3,1,0,3,1,4,
BestMCTS3_vs_Sakkirina,5,LEFT_B,4,6535699242172663343,Sakkirina,BestMCTS3,2,2,0,2,2,4,
BestMCTS3_vs_Sakkirina,6,LEFT_A,4,2318600410535784962,BestMCTS3,Sakkirina,1,3,0,1,3,4,
BestMCTS3_vs_Sakkirina,6,LEFT_B,4,3286671854646117472,Sakkirina,BestMCTS3,3,1,0,1,3,4,
BestMCTS3_vs_Sakkirina,7,LEFT_A,4,13483166573811227078,BestMCTS3,Sakkirina,0,4,0,0,4,4,
BestMCTS3_vs_Sakkirina,7,LEFT_B,4,5628501681920728465,Sakkirina,BestMCTS3,2,2,0,2,2,4,
BestMCTS3_vs_Sakkirina,8,LEFT_A,4,4886091254204949639,BestMCTS3,Sakkirina,3,1,0,3,1,4,
BestMCTS3_vs_Sakkirina,8,LEFT_B,4,3172328369828928502,Sakkirina,BestMCTS3,3,1,0,1,3,4,
BestMCTS3_vs_Sakkirina,9,LEFT_A,4,12034344918140352421,BestMCTS3,Sakkirina,1,3,0,1,3,4,
BestMCTS3_vs_Sakkirina,9,LEFT_B,4,8749556149025715108,Sakkirina,BestMCTS3,1,3,0,3,1,4,
BestMCTS3_vs_Sakkirina,10,LEFT_A,4,6518839598458466078,BestMCTS3,Sakkirina,0,4,0,0,4,4,
BestMCTS3_vs_Sakkirina,10,LEFT_B,4,7310924088024943907,Sakkirina,BestMCTS3,3,1,0,1,3,4,
BestMCTS3_vs_Sakkirina,11,LEFT_A,4,13530060757513472837,BestMCTS3,Sakkirina,3,1,0,3,1,4,
BestMCTS3_vs_Sakkirina,11,LEFT_B,4,10602106940248284502,Sakkirina,BestMCTS3,3,1,0,1,3,4,
BestMCTS3_vs_Sakkirina,12,LEFT_A,4,91890181514713838,BestMCTS3,Sakkirina,3,1,0,3,1,4,
BestMCTS3_vs_Sakkirina,12,LEFT_B,4,4348439696474214062,Sakkirina,BestMCTS3,1,3,0,3,1,4,
BestMCTS3_vs_Sakkirina,13,LEFT_A,4,17696866001313076799,BestMCTS3,Sakkirina,1,3,0,1,3,4,
BestMCTS3_vs_Sakkirina,13,LEFT_B,4,13792548254060321415,Sakkirina,BestMCTS3,3,1,0,1,3,4,
BestMCTS3_vs_Sakkirina,14,LEFT_A,4,2296548828196693116,BestMCTS3,Sakkirina,0,4,0,0,4,4,
BestMCTS3_vs_Sakkirina,14,LEFT_B,4,12235121858262525372,Sakkirina,BestMCTS3,3,1,0,1,3,4,
BestMCTS3_vs_Sakkirina,15,LEFT_A,4,15312687419589358028,BestMCTS3,Sakkirina,2,2,0,2,2,4,
BestMCTS3_vs_Sakkirina,15,LEFT_B,4,12317865032450388614,Sakkirina,BestMCTS3,3,1,0,1,3,4,
BestMCTS3_vs_Sakkirina,16,LEFT_A,4,14318151663722763828,BestMCTS3,Sakkirina,2,2,0,2,2,4,
BestMCTS3_vs_Sakkirina,16,LEFT_B,4,10815161565686074061,Sakkirina,BestMCTS3,1,3,0,3,1,4,
BestMCTS3_vs_Sakkirina,17,LEFT_A,4,572216589279496966,BestMCTS3,Sakkirina,1,3,0,1,3,4,
BestMCTS3_vs_Sakkirina,17,LEFT_B,4,9370855990394349855,Sakkirina,BestMCTS3,1,3,0,3,1,4,
BestMCTS3_vs_Sakkirina,18,LEFT_A,4,5512658272569645424,BestMCTS3,Sakkirina,0,4,0,0,4,4,
BestMCTS3_vs_Sakkirina,18,LEFT_B,4,4918289118211678633,Sakkirina,BestMCTS3,4,0,0,0,4,4,
BestMCTS3_vs_Sakkirina,19,LEFT_A,4,12616112751614462919,BestMCTS3,Sakkirina,1,3,0,1,3,4,
BestMCTS3_vs_Sakkirina,19,LEFT_B,4,6554991432065116363,Sakkirina,BestMCTS3,2,2,0,2,2,4,
BestMCTS3_vs_Sakkirina,20,LEFT_A,4,17438859271101482426,BestMCTS3,Sakkirina,3,1,0,3,1,4,
BestMCTS3_vs_Sakkirina,20,LEFT_B,4,67348730950765364,Sakkirina,BestMCTS3,3,1,0,1,3,4,
BestMCTS3_vs_Sakkirina,21,LEFT_A,4,12496099871482764029,BestMCTS3,Sakkirina,3,1,0,3,1,4,
BestMCTS3_vs_Sakkirina,21,LEFT_B,4,2921607720196900735,Sakkirina,BestMCTS3,3,1,0,1,3,4,
BestMCTS3_vs_Sakkirina,22,LEFT_A,4,13120158194867376812,BestMCTS3,Sakkirina,1,3,0,1,3,4,
BestMCTS3_vs_Sakkirina,22,LEFT_B,4,11046009120603317779,Sakkirina,BestMCTS3,2,2,0,2,2,4,
BestMCTS3_vs_Sakkirina,23,LEFT_A,4,196939879272874273,BestMCTS3,Sakkirina,2,2,0,2,2,4,
BestMCTS3_vs_Sakkirina,23,LEFT_B,4,5498315489897210404,Sakkirina,BestMCTS3,2,2,0,2,2,4,
BestMCTS3_vs_Sakkirina,24,LEFT_A,4,9654471704392396090,BestMCTS3,Sakkirina,3,1,0,3,1,4,
BestMCTS3_vs_Sakkirina,24,LEFT_B,4,5107849466030195,Sakkirina,BestMCTS3,4,0,0,0,4,4,
BestMCTS3_vs_Sakkirina,25,LEFT_A,4,6451396331398999441,BestMCTS3,Sakkirina,2,2,0,2,2,4,
BestMCTS3_vs_Sakkirina,25,LEFT_B,4,7564375897010422696,Sakkirina,BestMCTS3,3,1,0,1,3,4,
BestMCTS3_vs_Sakkirina,26,LEFT_A,4,2661955991681016900,BestMCTS3,Sakkirina,3,1,0,3,1,4,
BestMCTS3_vs_Sakkirina,26,LEFT_B,4,7431647841906716511,Sakkirina,BestMCTS3,2,2,0,2,2,4,
BestMCTS3_vs_Sakkirina,27,LEFT_A,4,10281933388621010175,BestMCTS3,Sakkirina,3,1,0,3,1,4,
BestMCTS3_vs_Sakkirina,27,LEFT_B,4,12438042810513189647,Sakkirina,BestMCTS3,3,1,0,1,3,4,
BestMCTS3_vs_Sakkirina,28,LEFT_A,4,1582471226751717301,BestMCTS3,Sakkirina,4,0,0,4,0,4,
BestMCTS3_vs_Sakkirina,28,LEFT_B,4,4954215076835572322,Sakkirina,BestMCTS3,1,3,0,3,1,4,
BestMCTS3_vs_Sakkirina,29,LEFT_A,4,5984079731662821132,BestMCTS3,Sakkirina,3,1,0,3,1,4,
BestMCTS3_vs_Sakkirina,29,LEFT_B,4,9387331994621602360,Sakkirina,BestMCTS3,3,1,0,1,3,4,
BestMCTS3_vs_Sakkirina,30,LEFT_A,4,5961502739077403840,BestMCTS3,Sakkirina,2,2,0,2,2,4,
BestMCTS3_vs_Sakkirina,30,LEFT_B,4,10381530477558063309,Sakkirina,BestMCTS3,3,1,0,1,3,4,
BestMCTS3_vs_Sakkirina,31,LEFT_A,4,10084669174843523761,BestMCTS3,Sakkirina,4,0,0,4,0,4,
BestMCTS3_vs_Sakkirina,31,LEFT_B,4,15912156738328237737,Sakkirina,BestMCTS3,2,2,0,2,2,4,
BestMCTS3_vs_Sakkirina,32,LEFT_A,4,17054109101188946081,BestMCTS3,Sakkirina,2,2,0,2,2,4,
BestMCTS3_vs_Sakkirina,32,LEFT_B,4,87784476916221390,Sakkirina,BestMCTS3,2,2,0,2,2,4,
BestMCTS3_vs_Sakkirina,33,LEFT_A,4,100688553280601834,BestMCTS3,Sakkirina,1,3,0,1,3,4,
BestMCTS3_vs_Sakkirina,33,LEFT_B,4,5518984787147935095,Sakkirina,BestMCTS3,2,2,0,2,2,4,
BestMCTS3_vs_Sakkirina,34,LEFT_A,4,8694212002859319339,BestMCTS3,Sakkirina,0,4,0,0,4,4,
BestMCTS3_vs_Sakkirina,34,LEFT_B,4,3341468068155713994,Sakkirina,BestMCTS3,2,2,0,2,2,4,
BestMCTS3_vs_Sakkirina,35,LEFT_A,4,10975123783180076175,BestMCTS3,Sakkirina,2,2,0,2,2,4,
BestMCTS3_vs_Sakkirina,35,LEFT_B,4,15534851252766382959,Sakkirina,BestMCTS3,3,1,0,1,3,4,
