pair_id,round_idx,side,runs,seed,left,right,p1_wins,p2_wins,draws,mapped_a_wins,mapped_b_wins,games,avg_ms
BestMCTS3_vs_Nangert_submission_v4,0,LEFT_A,4,1864301396806146641,BestMCTS3,grpc:Nangert_submission_v4,2,2,0,2,2,4,
BestMCTS3_vs_Nangert_submission_v4,0,LEFT_B,4,15323677116053820667,grpc:Nangert_submission_v4,BestMCTS3,2,2,0,2,2,4,
BestMCTS3_vs_Nangert_submission_v4,1,LEFT_A,4,11309784723263360308,BestMCTS3,grpc:Nangert_submission_v4,2,2,0,2,2,4,
BestMCTS3_vs_Nangert_submission_v4,1,LEFT_B,4,7716598955043451865,grpc:Nangert_submission_v4,BestMCTS3,3,1,0,1,3,4,
BestMCTS3_vs_Nangert_submission_v4,2,LEFT_A,4,7336143720512963854,BestMCTS3,grpc:Nangert_submission_v4,1,3,0,1,3,4,
BestMCTS3_vs_Nangert_submission_v4,2,LEFT_B,4,15396976890778486020,grpc:Nangert_submission_v4,BestMCTS3,3,1,0,1,3,4,
BestMCTS3_vs_Nangert_submission_v4,3,LEFT_A,4,5625390556072273001,BestMCTS3,grpc:Nangert_submission_v4,3,1,0,3,1,4,
BestMCTS3_vs_Nangert_submission_v4,3,LEFT_B,4,16860359402311666022,grpc:Nangert_submission_v4,BestMCTS3,4,0,0,0,4,4,
BestMCTS3_vs_Nangert_submission_v4,4,LEFT_A,4,2780745447169920258,BestMCTS3,grpc:Nangert_submission_v4,2,2,0,2,2,4,
BestMCTS3_vs_Nangert_submission_v4,4,LEFT_B,4,7235372070501903045,grpc:Nangert_submission_v4,BestMCTS3,4,0,0,0,4,4,
BestMCTS3_vs_Nangert_submission_v4,5,LEFT_A,4,14925107749934312407,BestMCTS3,grpc:Nangert_submission_v4,1,3,0,1,3,4,
BestMCTS3_vs_Nangert_submission_v4,5,LEFT_B,4,3661943860682226062,grpc:Nangert_submission_v4,BestMCTS3,3,1,0,1,3,4,
BestMCTS3_vs_Nangert_submission_v4,6,LEFT_A,4,17752640742357593714,BestMCTS3,grpc:Nangert_submission_v4,1,3,0,1,3,4,
BestMCTS3_vs_Nangert_submission_v4,6,LEFT_B,4,9767376761695511891,grpc:Nangert_submission_v4,BestMCTS3,4,0,0,0,4,4,
BestMCTS3_vs_Nangert_submission_v4,7,LEFT_A,4,18436753033400632610,BestMCTS3,grpc:Nangert_submission_v4,0,4,0,0,4,4,
BestMCTS3_vs_Nangert_submission_v4,7,LEFT_B,4,13931389893426118598,grpc:Nangert_submission_v4,BestMCTS3,4,0,0,0,4,4,
BestMCTS3_vs_Nangert_submission_v4,8,LEFT_A,4,10793000679682006942,BestMCTS3,grpc:Nangert_submission_v4,1,3,0,1,3,4,
BestMCTS3_vs_Nangert_submission_v4,8,LEFT_B,4,18256018728191733925,grpc:Nangert_submission_v4,BestMCTS3,4,0,0,0,4,4,
BestMCTS3_vs_Nangert_submission_v4,9,LEFT_A,4,1933038095601367435,BestMCTS3,grpc:Nangert_submission_v4,1,3,0,1,3,4,
BestMCTS3_vs_Nangert_submission_v4,9,LEFT_B,4,11866981411397752169,grpc:Nangert_submission_v4,BestMCTS3,2,2,0,2,2,4,
BestMCTS3_vs_Nangert_submission_v4,10,LEFT_A,4,12368742473346526775,BestMCTS3,grpc:Nangert_submission_v4,0,4,0,0,4,4,
BestMCTS3_vs_Nangert_submission_v4,10,LEFT_B,4,7632849311785596474,grpc:Nangert_submission_v4,BestMCTS3,3,1,0,1,3,4,
BestMCTS3_vs_Nangert_submission_v4,11,LEFT_A,4,14691042494542699685,BestMCTS3,grpc:Nangert_submission_v4,2,2,0,2,2,4,
BestMCTS3_vs_Nangert_submission_v4,11,LEFT_B,4,17858971239567254418,grpc:Nangert_submission_v4,BestMCTS3,3,1,0,1,3,4,
BestMCTS3_vs_Nangert_submission_v4,12,LEFT_A,4,16528526900536271995,BestMCTS3,grpc:Nangert_submission_v4,1,3,0,1,3,4,
BestMCTS3_vs_Nangert_submission_v4,12,LEFT_B,4,18279372470738294362,grpc:Nangert_submission_v4,BestMCTS3,4,0,0,0,4,4,
BestMCTS3_vs_Nangert_submission_v4,13,LEFT_A,4,10174227311234290510,BestMCTS3,grpc:Nangert_submission_v4,2,2,0,2,2,4,
BestMCTS3_vs_Nangert_submission_v4,13,LEFT_B,4,4683125887609107976,grpc:Nangert_submission_v4,BestMCTS3,3,1,0,1,3,4,
BestMCTS3_vs_Nangert_submission_v4,14,LEFT_A,4,11571559202128568431,BestMCTS3,grpc:Nangert_submission_v4,1,3,0,1,3,4,
BestMCTS3_vs_Nangert_submission_v4,14,LEFT_B,4,14323276818929250758,grpc:Nangert_submission_v4,BestMCTS3,3,1,0,1,3,4,
BestMCTS3_vs_Nangert_submission_v4,15,LEFT_A,4,18307557747006122196,BestMCTS3,grpc:Nangert_submission_v4,2,2,0,2,2,4,
BestMCTS3_vs_Nangert_submission_v4,15,LEFT_B,4,3157607924742138512,grpc:Nangert_submission_v4,BestMCTS3,4,0,0,0,4,4,
BestMCTS3_vs_Nangert_submission_v4,16,LEFT_A,4,7806021443320574789,BestMCTS3,grpc:Nangert_submission_v4,2,2,0,2,2,4,
BestMCTS3_vs_Nangert_submission_v4,16,LEFT_B,4,13011592411293442171,grpc:Nangert_submission_v4,BestMCTS3,3,1,0,1,3,4,
BestMCTS3_vs_Nangert_submission_v4,17,LEFT_A,4,8370753244963737616,BestMCTS3,grpc:Nangert_submission_v4,2,2,0,2,2,4,
BestMCTS3_vs_Nangert_submission_v4,17,LEFT_B,4,12789091189370034799,grpc:Nangert_submission_v4,BestMCTS3,3,1,0,1,3,4,
BestMCTS3_vs_Nangert_submission_v4,18,LEFT_A,4,3545835549419217889,BestMCTS3,grpc:Nangert_submission_v4,1,3,0,1,3,4,
BestMCTS3_vs_Nangert_submission_v4,18,LEFT_B,4,14320834687281885323,grpc:Nangert_submission_v4,BestMCTS3,4,0,0,0,4,4,
BestMCTS3_vs_Nangert_submission_v4,19,LEFT_A,4,2276277591464467181,BestMCTS3,grpc:Nangert_submission_v4,2,2,0,2,2,4,
BestMCTS3_vs_Nangert_submission_v4,19,LEFT_B,4,8267541282866362882,grpc:Nangert_submission_v4,BestMCTS3,3,1,0,1,3,4,
BestMCTS3_vs_Nangert_submission_v4,20,LEFT_A,4,4469192457774938223,BestMCTS3,grpc:Nangert_submission_v4,2,2,0,2,2,4,
BestMCTS3_vs_Nangert_submission_v4,20,LEFT_B,4,1471560995410320559,grpc:Nangert_submission_v4,BestMCTS3,3,1,0,1,3,4,
BestMCTS3_vs_Nangert_submission_v4,21,LEFT_A,4,10407205651903472933,BestMCTS3,grpc:Nangert_submission_v4,0,4,0,0,4,4,
BestMCTS3_vs_Nangert_submission_v4,21,LEFT_B,4,14662558596931563481,grpc:Nangert_submission_v4,BestMCTS3,2,2,0,2,2,4,
BestMCTS3_vs_Nangert_submission_v4,22,LEFT_A,4,3522860693499668589,BestMCTS3,grpc:Nangert_submission_v4,1,3,0,1,3,4,
BestMCTS3_vs_Nangert_submission_v4,22,LEFT_B,4,2605207308009381588,grpc:Nangert_submission_v4,BestMCTS3,3,1,0,1,3,4,
BestMCTS3_vs_Nangert_submission_v4,23,LEFT_A,4,10040856788777580466,BestMCTS3,grpc:Nangert_submission_v4,3,1,0,3,1,4,
BestMCTS3_vs_Nangert_submission_v4,23,LEFT_B,4,4671199527712608616,grpc:Nangert_submission_v4,BestMCTS3,3,1,0,1,3,4,
BestMCTS3_vs_Nangert_submission_v4,24,LEFT_A,4,6946818480424032055,BestMCTS3,grpc:Nangert_submission_v4,2,2,0,2,2,4,
BestMCTS3_vs_Nangert_submission_v4,24,LEFT_B,4,11797144728600138419,grpc:Nangert_submission_v4,BestMCTS3,4,0,0,0,4,4,
BestMCTS3_vs_Nangert_submission_v4,25,LEFT_A,4,14670106307085581275,BestMCTS3,grpc:Nangert_submission_v4,3,1,0,3,1,4,
BestMCTS3_vs_Nangert_submission_v4,25,LEFT_B,4,10183973127465144575,grpc:Nangert_submission_v4,BestMCTS3,3,1,0,1,3,4,
BestMCTS3_vs_Nangert_submission_v4,26,LEFT_A,4,1749457370447854895,BestMCTS3,grpc:Nangert_submission_v4,1,3,0,1,3,4,
BestMCTS3_vs_Nangert_submission_v4,26,LEFT_B,4,10220367225955418420,grpc:Nangert_submission_v4,BestMCTS3,4,0,0,0,4,4,
BestMCTS3_vs_Nangert_submission_v4,27,LEFT_A,4,10351507600596257239,BestMCTS3,grpc:Nangert_submission_v4,2,2,0,2,2,4,
BestMCTS3_vs_Nangert_submission_v4,27,LEFT_B,4,1540061378956258195,grpc:Nangert_submission_v4,BestMCTS3,3,1,0,1,3,4,
BestMCTS3_vs_Nangert_submission_v4,28,LEFT_A,4,8549094098271858753,BestMCTS3,grpc:Nangert_submission_v4,3,1,0,3,1,4,
BestMCTS3_vs_Nangert_submission_v4,28,LEFT_B,4,17807758155088378936,grpc:Nangert_submission_v4,BestMCTS3,4,0,0,0,4,4,
BestMCTS3_vs_Nangert_submission_v4,29,LEFT_A,4,3243968225545426461,BestMCTS3,grpc:Nangert_submission_v4,2,2,0,2,2,4,
BestMCTS3_vs_Nangert_submission_v4,29,LEFT_B,4,13782835842278649911,grpc:Nangert_submission_v4,BestMCTS3,3,1,0,1,3,4,
BestMCTS3_vs_Nangert_submission_v4,30,LEFT_A,4,13686465817033684366,BestMCTS3,grpc:Nangert_submission_v4,0,4,0,0,4,4,
BestMCTS3_vs_Nangert_submission_v4,30,LEFT_B,4,9563647180859208443,grpc:Nangert_submission_v4,BestMCTS3,3,1,0,1,3,4,
BestMCTS3_vs_Nangert_submission_v4,31,LEFT_A,4,7081990354420727637,BestMCTS3,grpc:Nangert_submission_v4,0,4,0,0,4,4,
BestMCTS3_vs_Nangert_submission_v4,31,LEFT_B,4,14568855017325170928,grpc:Nangert_submission_v4,BestMCTS3,4,0,0,0,4,4,
BestMCTS3_vs_Nangert_submission_v4,32,LEFT_A,4,3291725186899350011,BestMCTS3,grpc:Nangert_submission_v4,2,2,0,2,2,4,
BestMCTS3_vs_Nangert_submission_v4,32,LEFT_B,4,925237749728651754,grpc:Nangert_submission_v4,BestMCTS3,4,0,0,0,4,4,
BestMCTS3_vs_Nangert_submission_v4,33,LEFT_A,4,14818377031221381488,BestMCTS3,grpc:Nangert_submission_v4,2,2,0,2,2,4,
BestMCTS3_vs_Nangert_submission_v4,33,LEFT_B,4,12001819101547373775,grpc:Nangert_submission_v4,BestMCTS3,3,1,0,1,3,4,
BestMCTS3_vs_Nangert_submission_v4,34,LEFT_A,4,7328416923246614430,BestMCTS3,grpc:Nangert_submission_v4,3,1,0,3,1,4,
BestMCTS3_vs_Nangert_submission_v4,34,LEFT_B,4,17637033178215310749,grpc:Nangert_submission_v4,BestMCTS3,3,1,0,1,3,4,
BestMCTS3_vs_Nangert_submission_v4,35,LEFT_A,4,6968857144620589639,BestMCTS3,grpc:Nangert_submission_v4,2,2,0,2,2,4,
BestMCTS3_vs_Nangert_submission_v4,35,LEFT_B,4,4327283532868521857,grpc:Nangert_submission_v4,BestMCTS3,3,1,0,1,3,4,
