pair_id,round_idx,side,runs,seed,left,right,p1_wins,p2_wins,draws,mapped_a_wins,mapped_b_wins,games,avg_ms
BestMCTS3_vs_ZMyBot,0,LEFT_A,4,10853266981826591191,BestMCTS3,grpc:ZMyBot,4,0,0,4,0,4,
BestMCTS3_vs_ZMyBot,0,LEFT_B,4,15125720566839710317,grpc:ZMyBot,BestMCTS3,0,4,0,4,0,4,
BestMCTS3_vs_ZMyBot,1,LEFT_A,4,13321420027780475992,BestMCTS3,grpc:ZMyBot,4,0,0,4,0,4,
BestMCTS3_vs_ZMyBot,1,LEFT_B,4,4716795835305110296,grpc:ZMyBot,BestMCTS3,0,4,0,4,0,4,
BestMCTS3_vs_ZMyBot,2,LEFT_A,4,2303630414412907770,BestMCTS3,grpc:ZMyBot,4,0,0,4,0,4,
BestMCTS3_vs_ZMyBot,2,LEFT_B,4,7490851461969130056,grpc:ZMyBot,BestMCTS3,0,4,0,4,0,4,
BestMCTS3_vs_ZMyBot,3,LEFT_A,4,17183379880731186702,BestMCTS3,grpc:ZMyBot,3,1,0,3,1,4,
BestMCTS3_vs_ZMyBot,3,LEFT_B,4,12914625786692292633,grpc:ZMyBot,BestMCTS3,1,3,0,3,1,4,
BestMCTS3_vs_ZMyBot,4,LEFT_A,4,7287334170209688673,BestMCTS3,grpc:ZMyBot,4,0,0,4,0,4,
BestMCTS3_vs_ZMyBot,4,LEFT_B,4,9702688720893732383,grpc:ZMyBot,BestMCTS3,0,4,0,4,0,4,
BestMCTS3_vs_ZMyBot,5,LEFT_A,4,16284193280910460694,BestMCTS3,grpc:ZMyBot,4,0,0,4,0,4,
BestMCTS3_vs_ZMyBot,5,LEFT_B,4,3453959887673123893,grpc:ZMyBot,BestMCTS3,0,4,0,4,0,4,
BestMCTS3_vs_ZMyBot,6,LEFT_A,4,4806902455023168136,BestMCTS3,grpc:ZMyBot,4,0,0,4,0,4,
BestMCTS3_vs_ZMyBot,6,LEFT_B,4,15205023891668147541,grpc:ZMyBot,BestMCTS3,0,4,0,4,0,4,
BestMCTS3_vs_ZMyBot,7,LEFT_A,4,17382964250211758449,BestMCTS3,grpc:ZMyBot,4,0,0,4,0,4,
BestMCTS3_vs_ZMyBot,7,LEFT_B,4,3641659928713391897,grpc:ZMyBot,BestMCTS3,0,4,0,4,0,4,
BestMCTS3_vs_ZMyBot,8,LEFT_A,4,18080950980271986787,BestMCTS3,grpc:ZMyBot,4,0,0,4,0,4,
BestMCTS3_vs_ZMyBot,8,LEFT_B,4,14230037728804853062,grpc:ZMyBot,BestMCTS3,0,4,0,4,0,4,
BestMCTS3_vs_ZMyBot,9,LEFT_A,4,1289572664932348717,BestMCTS3,grpc:ZMyBot,4,0,0,4,0,4,
BestMCTS3_vs_ZMyBot,9,LEFT_B,4,2139101550089600142,grpc:ZMyBot,BestMCTS3,0,4,0,4,0,4,
BestMCTS3_vs_ZMyBot,10,LEFT_A,4,3350816975763973815,BestMCTS3,grpc:ZMyBot,3,1,0,3,1,4,
BestMCTS3_vs_ZMyBot,10,LEFT_B,4,17150183718322642039,grpc:ZMyBot,BestMCTS3,2,2,0,2,2,4,
BestMCTS3_vs_ZMyBot,11,LEFT_A,4,10370375843511543023,BestMCTS3,grpc:ZMyBot,4,0,0,4,0,4,
BestMCTS3_vs_ZMyBot,11,LEFT_B,4,1580566515009051662,grpc:ZMyBot,BestMCTS3,0,4,0,4,0,4,
BestMCTS3_vs_ZMyBot,12,LEFT_A,4,7653222207530351481,BestMCTS3,grpc:ZMyBot,4,0,0,4,0,4,
BestMCTS3_vs_ZMyBot,12,LEFT_B,4,538802804903584929,grpc:ZMyBot,BestMCTS3,0,4,0,4,0,4,
BestMCTS3_vs_ZMyBot,13,LEFT_A,4,5200333457302013384,BestMCTS3,grpc:ZMyBot,4,0,0,4,0,4,
BestMCTS3_vs_ZMyBot,13,LEFT_B,4,14672373748540626548,grpc:ZMyBot,BestMCTS3,0,4,0,4,0,4,
BestMCTS3_vs_ZMyBot,14,LEFT_A,4,9161858577305366946,BestMCTS3,grpc:ZMyBot,4,0,0,4,0,4,
BestMCTS3_vs_ZMyBot,14,LEFT_B,4,2178374747939877807,grpc:ZMyBot,BestMCTS3,0,4,0,4,0,4,
BestMCTS3_vs_ZMyBot,15,LEFT_A,4,4216478379712661115,BestMCTS3,grpc:ZMyBot,4,0,0,4,0,4,
BestMCTS3_vs_ZMyBot,15,LEFT_B,4,1790817734177004695,grpc:ZMyBot,BestMCTS3,0,4,0,4,0,4,
BestMCTS3_vs_ZMyBot,16,LEFT_A,4,3948944407648218006,BestMCTS3,grpc:ZMyBot,3,1,0,3,1,4,
BestMCTS3_vs_ZMyBot,16,LEFT_B,4,15163371932629675777,grpc:ZMyBot,BestMCTS3,0,4,0,4,0,4,
BestMCTS3_vs_ZMyBot,17,LEFT_A,4,7033795123628473579,BestMCTS3,grpc:ZMyBot,4,0,0,4,0,4,
BestMCTS3_vs_ZMyBot,17,LEFT_B,4,5442623611803896756,grpc:ZMyBot,BestMCTS3,0,4,0,4,0,4,
BestMCTS3_vs_ZMyBot,18,LEFT_A,4,9169459511402017490,BestMCTS3,grpc:ZMyBot,4,0,0,4,0,4,
BestMCTS3_vs_ZMyBot,18,LEFT_B,4,2067157527133547701,grpc:ZMyBot,BestMCTS3,0,4,0,4,0,4,
BestMCTS3_vs_ZMyBot,19,LEFT_A,4,14011938584296930631,BestMCTS3,grpc:ZMyBot,4,0,0,4,0,4,
BestMCTS3_vs_ZMyBot,19,LEFT_B,4,11701477080282351979,grpc:ZMyBot,BestMCTS3,0,4,0,4,0,4,
BestMCTS3_vs_ZMyBot,20,LEFT_A,4,10034371138136695044,BestMCTS3,grpc:ZMyBot,3,1,0,3,1,4,
BestMCTS3_vs_ZMyBot,20,LEFT_B,4,16929797776561389873,grpc:ZMyBot,BestMCTS3,0,4,0,4,0,4,
BestMCTS3_vs_ZMyBot,21,LEFT_A,4,5755194375753124148,BestMCTS3,grpc:ZMyBot,4,0,0,4,0,4,
BestMCTS3_vs_ZMyBot,21,LEFT_B,4,8620498284366038520,grpc:ZMyBot,BestMCTS3,0,4,0,4,0,4,
BestMCTS3_vs_ZMyBot,22,LEFT_A,4,4754573046107708954,BestMCTS3,grpc:ZMyBot,4,0,0,4,0,4,
BestMCTS3_vs_ZMyBot,22,LEFT_B,4,18194498472288306936,grpc:ZMyBot,BestMCTS3,0,4,0,4,0,4,
BestMCTS3_vs_ZMyBot,23,LEFT_A,4,17699063773924588831,BestMCTS3,grpc:ZMyBot,3,1,0,3,1,4,
BestMCTS3_vs_ZMyBot,23,LEFT_B,4,17940252923592141850,grpc:ZMyBot,BestMCTS3,0,4,0,4,0,4,
BestMCTS3_vs_ZMyBot,24,LEFT_A,4,15473474413565402042,BestMCTS3,grpc:ZMyBot,4,0,0,4,0,4,
BestMCTS3_vs_ZMyBot,24,LEFT_B,4,15112774936634753600,grpc:ZMyBot,BestMCTS3,0,4,0,4,0,4,
BestMCTS3_vs_ZMyBot,25,LEFT_A,4,12450530913588689798,BestMCTS3,grpc:ZMyBot,3,1,0,3,1,4,
BestMCTS3_vs_ZMyBot,25,LEFT_B,4,10285502807415680441,grpc:ZMyBot,BestMCTS3,0,4,0,4,0,4,
BestMCTS3_vs_ZMyBot,26,LEFT_A,4,4487489125488361282,BestMCTS3,grpc:ZMyBot,4,0,0,4,0,4,
BestMCTS3_vs_ZMyBot,26,LEFT_B,4,3551145691484111625,grpc:ZMyBot,BestMCTS3,1,3,0,3,1,4,
BestMCTS3_vs_ZMyBot,27,LEFT_A,4,12721676606729075097,BestMCTS3,grpc:ZMyBot,4,0,0,4,0,4,
BestMCTS3_vs_ZMyBot,27,LEFT_B,4,492694797485674928,grpc:ZMyBot,BestMCTS3,1,3,0,3,1,4,
BestMCTS3_vs_ZMyBot,28,LEFT_A,4,14171542927557399586,BestMCTS3,grpc:ZMyBot,4,0,0,4,0,4,
BestMCTS3_vs_ZMyBot,28,LEFT_B,4,6325599394972958153,grpc:ZMyBot,BestMCTS3,0,4,0,4,0,4,
BestMCTS3_vs_ZMyBot,29,LEFT_A,4,3926560528280946237,BestMCTS3,grpc:ZMyBot,4,0,0,4,0,4,
BestMCTS3_vs_ZMyBot,29,LEFT_B,4,12067120546165666922,grpc:ZMyBot,BestMCTS3,0,4,0,4,0,4,
BestMCTS3_vs_ZMyBot,30,LEFT_A,4,4884560364647385334,BestMCTS3,grpc:ZMyBot,4,0,0,4,0,4,
BestMCTS3_vs_ZMyBot,30,LEFT_B,4,6867470428443449445,grpc:ZMyBot,BestMCTS3,0,4,0,4,0,4,
BestMCTS3_vs_ZMyBot,31,LEFT_A,4,5307502653799598312,BestMCTS3,grpc:ZMyBot,4,0,0,4,0,4,
BestMCTS3_vs_ZMyBot,31,LEFT_B,4,5442458339303697547,grpc:ZMyBot,BestMCTS3,1,3,0,3,1,4,
BestMCTS3_vs_ZMyBot,32,LEFT_A,4,1962950153139914487,BestMCTS3,grpc:ZMyBot,3,1,0,3,1,4,
BestMCTS3_vs_ZMyBot,32,LEFT_B,4,3479070207605358979,grpc:ZMyBot,BestMCTS3,0,4,0,4,0,4,
BestMCTS3_vs_ZMyBot,33,LEFT_A,4,3423310267468873948,BestMCTS3,grpc:ZMyBot,4,0,0,4,0,4,
BestMCTS3_vs_ZMyBot,33,LEFT_B,4,12721792585042237987,grpc:ZMyBot,BestMCTS3,0,4,0,4,0,4,
BestMCTS3_vs_ZMyBot,34,LEFT_A,4,14927627900158347070,BestMCTS3,grpc:ZMyBot,4,0,0,4,0,4,
BestMCTS3_vs_ZMyBot,34,LEFT_B,4,2624446299663241788,grpc:ZMyBot,BestMCTS3,0,4,0,4,0,4,
BestMCTS3_vs_ZMyBot,35,LEFT_A,4,13788641690623973735,BestMCTS3,grpc:ZMyBot,4,0,0,4,0,4,
BestMCTS3_vs_ZMyBot,35,LEFT_B,4,5906852731540223299,grpc:ZMyBot,BestMCTS3,0,4,0,4,0,4,
