pair_id,round_idx,side,runs,seed,left,right,p1_wins,p2_wins,draws,mapped_a_wins,mapped_b_wins,games,avg_ms
BestMCTS3_vs_EBot_C,0,LEFT_A,4,16773165508067870190,BestMCTS3,EBot_C,3,1,0,3,1,4,
BestMCTS3_vs_EBot_C,0,LEFT_B,4,10689294680895809926,EBot_C,BestMCTS3,0,4,0,4,0,4,
BestMCTS3_vs_EBot_C,1,LEFT_A,4,3374319378014435683,BestMCTS3,EBot_C,4,0,0,4,0,4,
BestMCTS3_vs_EBot_C,1,LEFT_B,4,4867096701291607327,EBot_C,BestMCTS3,1,3,0,3,1,4,
BestMCTS3_vs_EBot_C,2,LEFT_A,4,14747504851221582097,BestMCTS3,EBot_C,3,1,0,3,1,4,
BestMCTS3_vs_EBot_C,2,LEFT_B,4,10428025463753578361,EBot_C,BestMCTS3,0,4,0,4,0,4,
BestMCTS3_vs_EBot_C,3,LEFT_A,4,10294871159785024697,BestMCTS3,EBot_C,4,0,0,4,0,4,
BestMCTS3_vs_EBot_C,3,LEFT_B,4,8596386787095166146,EBot_C,BestMCTS3,1,3,0,3,1,4,
BestMCTS3_vs_EBot_C,4,LEFT_A,4,13798823720322998505,BestMCTS3,EBot_C,4,0,0,4,0,4,
BestMCTS3_vs_EBot_C,4,LEFT_B,4,10275202576079524934,EBot_C,BestMCTS3,1,3,0,3,1,4,
BestMCTS3_vs_EBot_C,5,LEFT_A,4,1387636361869480116,BestMCTS3,EBot_C,4,0,0,4,0,4,
BestMCTS3_vs_EBot_C,5,LEFT_B,4,18280970965752720089,EBot_C,BestMCTS3,1,3,0,3,1,4,
BestMCTS3_vs_EBot_C,6,LEFT_A,4,15789249742706838851,BestMCTS3,EBot_C,3,1,0,3,1,4,
BestMCTS3_vs_EBot_C,6,LEFT_B,4,3538014272015216183,EBot_C,BestMCTS3,0,4,0,4,0,4,
BestMCTS3_vs_EBot_C,7,LEFT_A,4,8426447017016332324,BestMCTS3,EBot_C,4,0,0,4,0,4,
BestMCTS3_vs_EBot_C,7,LEFT_B,4,17864271413271124601,EBot_C,BestMCTS3,2,2,0,2,2,4,
BestMCTS3_vs_EBot_C,8,LEFT_A,4,5338038421908437753,BestMCTS3,EBot_C,4,0,0,4,0,4,
BestMCTS3_vs_EBot_C,8,LEFT_B,4,6688731337055705115,EBot_C,BestMCTS3,0,4,0,4,0,4,
BestMCTS3_vs_EBot_C,9,LEFT_A,4,13850524048286057762,BestMCTS3,EBot_C,4,0,0,4,0,4,
BestMCTS3_vs_EBot_C,9,LEFT_B,4,6890684660258258064,EBot_C,BestMCTS3,0,4,0,4,0,4,
BestMCTS3_vs_EBot_C,10,LEFT_A,4,6870896251242679701,BestMCTS3,EBot_C,4,0,0,4,0,4,
BestMCTS3_vs_EBot_C,10,LEFT_B,4,9465072225850366891,EBot_C,BestMCTS3,0,4,0,4,0,4,
BestMCTS3_vs_EBot_C,11,LEFT_A,4,11661164387830029419,BestMCTS3,EBot_C,3,1,0,3,1,4,
BestMCTS3_vs_EBot_C,11,LEFT_B,4,7584809699645453402,EBot_C,BestMCTS3,1,3,0,3,1,4,
BestMCTS3_vs_EBot_C,12,LEFT_A,4,11462227214672879907,BestMCTS3,EBot_C,3,1,0,3,1,4,
BestMCTS3_vs_EBot_C,12,LEFT_B,4,10628649521840953996,EBot_C,BestMCTS3,2,2,0,2,2,4,
BestMCTS3_vs_EBot_C,13,LEFT_A,4,3637563445871122388,BestMCTS3,EBot_C,3,1,0,3,1,4,
BestMCTS3_vs_EBot_C,13,LEFT_B,4,8485339092862353480,EBot_C,BestMCTS3,0,4,0,4,0,4,
BestMCTS3_vs_EBot_C,14,LEFT_A,4,6220684989604941194,BestMCTS3,EBot_C,4,0,0,4,0,4,
BestMCTS3_vs_EBot_C,14,LEFT_B,4,9527988924359311267,EBot_C,BestMCTS3,0,4,0,4,0,4,
BestMCTS3_vs_EBot_C,15,LEFT_A,4,9095606366418428190,BestMCTS3,EBot_C,4,0,0,4,0,4,
BestMCTS3_vs_EBot_C,15,LEFT_B,4,10584514559086950140,EBot_C,BestMCTS3,0,4,0,4,0,4,
BestMCTS3_vs_EBot_C,16,LEFT_A,4,8802339091099719719,BestMCTS3,EBot_C,3,1,0,3,1,4,
BestMCTS3_vs_EBot_C,16,LEFT_B,4,8631809697762954608,EBot_C,BestMCTS3,0,4,0,4,0,4,
BestMCTS3_vs_EBot_C,17,LEFT_A,4,9631525222522543787,BestMCTS3,EBot_C,3,1,0,3,1,4,
BestMCTS3_vs_EBot_C,17,LEFT_B,4,7786329561957191006,EBot_C,BestMCTS3,1,3,0,3,1,4,
BestMCTS3_vs_EBot_C,18,LEFT_A,4,3732150691670667892,BestMCTS3,EBot_C,4,0,0,4,0,4,
BestMCTS3_vs_EBot_C,18,LEFT_B,4,9274320958904829013,EBot_C,BestMCTS3,0,4,0,4,0,4,
BestMCTS3_vs_EBot_C,19,LEFT_A,4,10655269747302382971,BestMCTS3,EBot_C,4,0,0,4,0,4,
BestMCTS3_vs_EBot_C,19,LEFT_B,4,5157548813504148365,EBot_C,BestMCTS3,1,3,0,3,1,4,
BestMCTS3_vs_EBot_C,20,LEFT_A,4,1122999034649032774,BestMCTS3,EBot_C,3,1,0,3,1,4,
BestMCTS3_vs_EBot_C,20,LEFT_B,4,18174149002545476671,EBot_C,BestMCTS3,1,3,0,3,1,4,
BestMCTS3_vs_EBot_C,21,LEFT_A,4,4781101421606010409,BestMCTS3,EBot_C,3,1,0,3,1,4,
BestMCTS3_vs_EBot_C,21,LEFT_B,4,10458669450961580679,EBot_C,BestMCTS3,0,4,0,4,0,4,
BestMCTS3_vs_EBot_C,22,LEFT_A,4,14241443201425474797,BestMCTS3,EBot_C,3,1,0,3,1,4,
BestMCTS3_vs_EBot_C,22,LEFT_B,4,13805063728987980017,EBot_C,BestMCTS3,0,4,0,4,0,4,
BestMCTS3_vs_EBot_C,23,LEFT_A,4,21614594168291195,BestMCTS3,EBot_C,4,0,0,4,0,4,
BestMCTS3_vs_EBot_C,23,LEFT_B,4,11562008759379046623,EBot_C,BestMCTS3,0,4,0,4,0,4,
BestMCTS3_vs_EBot_C,24,LEFT_A,4,11215401055336894671,BestMCTS3,EBot_C,4,0,0,4,0,4,
BestMCTS3_vs_EBot_C,24,LEFT_B,4,1424157826655885157,EBot_C,BestMCTS3,1,3,0,3,1,4,
BestMCTS3_vs_EBot_C,25,LEFT_A,4,12070602693237899004,BestMCTS3,EBot_C,4,0,0,4,0,4,
BestMCTS3_vs_EBot_C,25,LEFT_B,4,15575508607901690638,EBot_C,BestMCTS3,1,3,0,3,1,4,
BestMCTS3_vs_EBot_C,26,LEFT_A,4,6311637986665398161,BestMCTS3,EBot_C,3,1,0,3,1,4,
BestMCTS3_vs_EBot_C,26,LEFT_B,4,5068715298203045842,EBot_C,BestMCTS3,1,3,0,3,1,4,
BestMCTS3_vs_EBot_C,27,LEFT_A,4,9857847616570375551,BestMCTS3,EBot_C,4,0,0,4,0,4,
BestMCTS3_vs_EBot_C,27,LEFT_B,4,13446726033057946902,EBot_C,BestMCTS3,0,4,0,4,0,4,
BestMCTS3_vs_EBot_C,28,LEFT_A,4,17663109373622487851,BestMCTS3,EBot_C,3,1,0,3,1,4,
BestMCTS3_vs_EBot_C,28,LEFT_B,4,8298535155555966341,EBot_C,BestMCTS3,2,2,0,2,2,4,
BestMCTS3_vs_EBot_C,29,LEFT_A,4,2246732135006376026,BestMCTS3,EBot_C,3,1,0,3,1,4,
BestMCTS3_vs_EBot_C,29,LEFT_B,4,2787736973995520591,EBot_C,BestMCTS3,1,3,0,3,1,4,
BestMCTS3_vs_EBot_C,30,LEFT_A,4,14698451924918641371,BestMCTS3,EBot_C,4,0,0,4,0,4,
BestMCTS3_vs_EBot_C,30,LEFT_B,4,7256836741722947223,EBot_C,BestMCTS3,1,3,0,3,1,4,
BestMCTS3_vs_EBot_C,31,LEFT_A,4,14438254326012356098,BestMCTS3,EBot_C,4,0,0,4,0,4,
BestMCTS3_vs_EBot_C,31,LEFT_B,4,1476053596043835436,EBot_C,BestMCTS3,0,4,0,4,0,4,
BestMCTS3_vs_EBot_C,32,LEFT_A,4,13325217789869066616,BestMCTS3,EBot_C,4,0,0,4,0,4,
BestMCTS3_vs_EBot_C,32,LEFT_B,4,2813108678598739953,EBot_C,BestMCTS3,0,4,0,4,0,4,
BestMCTS3_vs_EBot_C,33,LEFT_A,4,7269859749978023438,BestMCTS3,EBot_C,3,1,0,3,1,4,
BestMCTS3_vs_EBot_C,33,LEFT_B,4,9973438859918469444,EBot_C,BestMCTS3,0,4,0,4,0,4,
BestMCTS3_vs_EBot_C,34,LEFT_A,4,14275604798083794798,BestMCTS3,EBot_C,4,0,0,4,0,4,
BestMCTS3_vs_EBot_C,34,LEFT_B,4,2641109377040651038,EBot_C,BestMCTS3,1,3,0,3,1,4,
BestMCTS3_vs_EBot_C,35,LEFT_A,4,1089256344976021196,BestMCTS3,EBot_C,4,0,0,4,0,4,
BestMCTS3_vs_EBot_C,35,LEFT_B,4,11094372016573278164,EBot_C,BestMCTS3,0,4,0,4,0,4,
