pair_id,round_idx,side,runs,seed,left,right,p1_wins,p2_wins,draws,mapped_a_wins,mapped_b_wins,games,avg_ms
BestMCTS3_vs_Council_of_two_bot,0,LEFT_A,4,11572348972371925890,BestMCTS3,grpc:Council_of_two_bot,4,0,0,4,0,4,
BestMCTS3_vs_Council_of_two_bot,0,LEFT_B,4,9997147588887717481,grpc:Council_of_two_bot,BestMCTS3,1,3,0,3,1,4,
BestMCTS3_vs_Council_of_two_bot,1,LEFT_A,4,4828443029546857128,BestMCTS3,grpc:Council_of_two_bot,4,0,0,4,0,4,
BestMCTS3_vs_Council_of_two_bot,1,LEFT_B,4,4029384600590442640,grpc:Council_of_two_bot,BestMCTS3,0,4,0,4,0,4,
BestMCTS3_vs_Council_of_two_bot,2,LEFT_A,4,6292692778608717113,BestMCTS3,grpc:Council_of_two_bot,4,0,0,4,0,4,
BestMCTS3_vs_Council_of_two_bot,2,LEFT_B,4,7226368851562541035,grpc:Council_of_two_bot,BestMCTS3,0,4,0,4,0,4,
BestMCTS3_vs_Council_of_two_bot,3,LEFT_A,4,2042588815243620965,BestMCTS3,grpc:Council_of_two_bot,4,0,0,4,0,4,
BestMCTS3_vs_Council_of_two_bot,3,LEFT_B,4,11217739854160276961,grpc:Council_of_two_bot,BestMCTS3,0,4,0,4,0,4,
BestMCTS3_vs_Council_of_two_bot,4,LEFT_A,4,10675052061419760697,BestMCTS3,grpc:Council_of_two_bot,4,0,0,4,0,4,
BestMCTS3_vs_Council_of_two_bot,4,LEFT_B,4,17812513556008730253,grpc:Council_of_two_bot,BestMCTS3,1,3,0,3,1,4,
BestMCTS3_vs_Council_of_two_bot,5,LEFT_A,4,7783729387724229853,BestMCTS3,grpc:Council_of_two_bot,4,0,0,4,0,4,
BestMCTS3_vs_Council_of_two_bot,5,LEFT_B,4,17100039319866331386,grpc:Council_of_two_bot,BestMCTS3,1,3,0,3,1,4,
BestMCTS3_vs_Council_of_two_bot,6,LEFT_A,4,4414124974871327638,BestMCTS3,grpc:Council_of_two_bot,2,2,0,2,2,4,
BestMCTS3_vs_Council_of_two_bot,6,LEFT_B,4,10407647543871662292,grpc:Council_of_two_bot,BestMCTS3,0,4,0,4,0,4,
BestMCTS3_vs_Council_of_two_bot,7,LEFT_A,4,2745776228860559238,BestMCTS3,grpc:Council_of_two_bot,4,0,0,4,0,4,
BestMCTS3_vs_Council_of_two_bot,7,LEFT_B,4,5994160301923599374,grpc:Council_of_two_bot,BestMCTS3,1,3,0,3,1,4,
BestMCTS3_vs_Council_of_two_bot,8,LEFT_A,4,3568667124182434525,BestMCTS3,grpc:Council_of_two_bot,4,0,0,4,0,4,
BestMCTS3_vs_Council_of_two_bot,8,LEFT_B,4,10787758179787788396,grpc:Council_of_two_bot,BestMCTS3,1,3,0,3,1,4,
BestMCTS3_vs_Council_of_two_bot,9,LEFT_A,4,10790817988387140441,BestMCTS3,grpc:Council_of_two_bot,4,0,0,4,0,4,
BestMCTS3_vs_Council_of_two_bot,9,LEFT_B,4,14189354813412652994,grpc:Council_of_two_bot,BestMCTS3,0,4,0,4,0,4,
BestMCTS3_vs_Council_of_two_bot,10,LEFT_A,4,13926317309562082312,BestMCTS3,grpc:Council_of_two_bot,3,1,0,3,1,4,
BestMCTS3_vs_Council_of_two_bot,10,LEFT_B,4,7575666934872631616,grpc:Council_of_two_bot,BestMCTS3,1,3,0,3,1,4,
BestMCTS3_vs_Council_of_two_bot,11,LEFT_A,4,7006021826466890172,BestMCTS3,grpc:Council_of_two_bot,4,0,0,4,0,4,
BestMCTS3_vs_Council_of_two_bot,11,LEFT_B,4,15528806209909203939,grpc:Council_of_two_bot,BestMCTS3,0,4,0,4,0,4,
BestMCTS3_vs_Council_of_two_bot,12,LEFT_A,4,7971208043913028788,BestMCTS3,grpc:Council_of_two_bot,3,1,0,3,1,4,
BestMCTS3_vs_Council_of_two_bot,12,LEFT_B,4,2530178832949195771,grpc:Council_of_two_bot,BestMCTS3,0,4,0,4,0,4,
BestMCTS3_vs_Council_of_two_bot,13,LEFT_A,4,10555289776596428145,BestMCTS3,grpc:Council_of_two_bot,4,0,0,4,0,4,
BestMCTS3_vs_Council_of_two_bot,13,LEFT_B,4,13003579218900474543,grpc:Council_of_two_bot,BestMCTS3,0,4,0,4,0,4,
BestMCTS3_vs_Council_of_two_bot,14,LEFT_A,4,18374836648249817386,BestMCTS3,grpc:Council_of_two_bot,4,0,0,4,0,4,
BestMCTS3_vs_Council_of_two_bot,14,LEFT_B,4,4542117306454746702,grpc:Council_of_two_bot,BestMCTS3,0,4,0,4,0,4,
BestMCTS3_vs_Council_of_two_bot,15,LEFT_A,4,13456249804766698015,BestMCTS3,grpc:Council_of_two_bot,4,0,0,4,0,4,
BestMCTS3_vs_Council_of_two_bot,15,LEFT_B,4,8175963339782404132,grpc:Council_of_two_bot,BestMCTS3,0,4,0,4,0,4,
BestMCTS3_vs_Council_of_two_bot,16,LEFT_A,4,2348537566545245183,BestMCTS3,grpc:Council_of_two_bot,4,0,0,4,0,4,
BestMCTS3_vs_Council_of_two_bot,16,LEFT_B,4,5814561435610430994,grpc:Council_of_two_bot,BestMCTS3,0,4,0,4,0,4,
BestMCTS3_vs_Council_of_two_bot,17,LEFT_A,4,13707181871114977726,BestMCTS3,grpc:Council_of_two_bot,4,0,0,4,0,4,
BestMCTS3_vs_Council_of_two_bot,17,LEFT_B,4,5854271640795071957,grpc:Council_of_two_bot,BestMCTS3,2,2,0,2,2,4,
BestMCTS3_vs_Council_of_two_bot,18,LEFT_A,4,1641813731286970672,BestMCTS3,grpc:Council_of_two_bot,3,1,0,3,1,4,
BestMCTS3_vs_Council_of_two_bot,18,LEFT_B,4,3789992469647583705,grpc:Council_of_two_bot,BestMCTS3,0,4,0,4,0,4,
BestMCTS3_vs_Council_of_two_bot,19,LEFT_A,4,2915278856634839600,BestMCTS3,grpc:Council_of_two_bot,4,0,0,4,0,4,
BestMCTS3_vs_Council_of_two_bot,19,LEFT_B,4,17195576928934154404,grpc:Council_of_two_bot,BestMCTS3,3,1,0,1,3,4,
BestMCTS3_vs_Council_of_two_bot,20,LEFT_A,4,4004566933653615384,BestMCTS3,grpc:Council_of_two_bot,4,0,0,4,0,4,
BestMCTS3_vs_Council_of_two_bot,20,LEFT_B,4,4168191991130591915,grpc:Council_of_two_bot,BestMCTS3,1,3,0,3,1,4,
BestMCTS3_vs_Council_of_two_bot,21,LEFT_A,4,2094392369704407296,BestMCTS3,grpc:Council_of_two_bot,4,0,0,4,0,4,
BestMCTS3_vs_Council_of_two_bot,21,LEFT_B,4,13199673117747599628,grpc:Council_of_two_bot,BestMCTS3,1,3,0,3,1,4,
BestMCTS3_vs_Council_of_two_bot,22,LEFT_A,4,6140896728826493678,BestMCTS3,grpc:Council_of_two_bot,4,0,0,4,0,4,
BestMCTS3_vs_Council_of_two_bot,22,LEFT_B,4,17053390103362394488,grpc:Council_of_two_bot,BestMCTS3,0,4,0,4,0,4,
BestMCTS3_vs_Council_of_two_bot,23,LEFT_A,4,7476724133604713178,BestMCTS3,grpc:Council_of_two_bot,4,0,0,4,0,4,
BestMCTS3_vs_Council_of_two_bot,23,LEFT_B,4,7670452992936433849,grpc:Council_of_two_bot,BestMCTS3,1,3,0,3,1,4,
BestMCTS3_vs_Council_of_two_bot,24,LEFT_A,4,3232947755397883202,BestMCTS3,grpc:Council_of_two_bot,4,0,0,4,0,4,
BestMCTS3_vs_Council_of_two_bot,24,LEFT_B,4,12096238725825588354,grpc:Council_of_two_bot,BestMCTS3,0,4,0,4,0,4,
BestMCTS3_vs_Council_of_two_bot,25,LEFT_A,4,17198005093948201613,BestMCTS3,grpc:Council_of_two_bot,4,0,0,4,0,4,
BestMCTS3_vs_Council_of_two_bot,25,LEFT_B,4,14191175273340469497,grpc:Council_of_two_bot,BestMCTS3,0,4,0,4,0,4,
BestMCTS3_vs_Council_of_two_bot,26,LEFT_A,4,7909250087162131371,BestMCTS3,grpc:Council_of_two_bot,3,1,0,3,1,4,
BestMCTS3_vs_Council_of_two_bot,26,LEFT_B,4,18309931509768171466,grpc:Council_of_two_bot,BestMCTS3,0,4,0,4,0,4,
BestMCTS3_vs_Council_of_two_bot,27,LEFT_A,4,564599937421499445,BestMCTS3,grpc:Council_of_two_bot,4,0,0,4,0,4,
BestMCTS3_vs_Council_of_two_bot,27,LEFT_B,4,14404429365531893520,grpc:Council_of_two_bot,BestMCTS3,1,3,0,3,1,4,
BestMCTS3_vs_Council_of_two_bot,28,LEFT_A,4,8645532983101209187,BestMCTS3,grpc:Council_of_two_bot,4,0,0,4,0,4,
BestMCTS3_vs_Council_of_two_bot,28,LEFT_B,4,13255973491134870659,grpc:Council_of_two_bot,BestMCTS3,0,4,0,4,0,4,
BestMCTS3_vs_Council_of_two_bot,29,LEFT_A,4,4102243718414111415,BestMCTS3,grpc:Council_of_two_bot,4,0,0,4,0,4,
BestMCTS3_vs_Council_of_two_bot,29,LEFT_B,4,11178953233769392142,grpc:Council_of_two_bot,BestMCTS3,1,3,0,3,1,4,
BestMCTS3_vs_Council_of_two_bot,30,LEFT_A,4,15055656855277012994,BestMCTS3,grpc:Council_of_two_bot,4,0,0,4,0,4,
BestMCTS3_vs_Council_of_two_bot,30,LEFT_B,4,5453500955658635491,grpc:Council_of_two_bot,BestMCTS3,1,3,0,3,1,4,
BestMCTS3_vs_Council_of_two_bot,31,LEFT_A,4,6255495990610079831,BestMCTS3,grpc:Council_of_two_bot,3,1,0,3,1,4,
BestMCTS3_vs_Council_of_two_bot,31,LEFT_B,4,17758757064291358822,grpc:Council_of_two_bot,BestMCTS3,0,4,0,4,0,4,
BestMCTS3_vs_Council_of_two_bot,32,LEFT_A,4,12465882019888754267,BestMCTS3,grpc:Council_of_two_bot,3,1,0,3,1,4,
BestMCTS3_vs_Council_of_two_bot,32,LEFT_B,4,14130420857749751840,grpc:Council_of_two_bot,BestMCTS3,0,4,0,4,0,4,
BestMCTS3_vs_Council_of_two_bot,33,LEFT_A,4,7299323167636705575,BestMCTS3,grpc:Council_of_two_bot,4,0,0,4,0,4,
BestMCTS3_vs_Council_of_two_bot,33,LEFT_B,4,5808197106055774095,grpc:Council_of_two_bot,BestMCTS3,1,3,0,3,1,4,
BestMCTS3_vs_Council_of_two_bot,34,LEFT_A,4,14348322496665019292,BestMCTS3,grpc:Council_of_two_bot,4,0,0,4,0,4,
BestMCTS3_vs_Council_of_two_bot,34,LEFT_B,4,17046824941699123179,grpc:Council_of_two_bot,BestMCTS3,0,4,0,4,0,4,
BestMCTS3_vs_Council_of_two_bot,35,LEFT_A,4,5187901410409275541,BestMCTS3,grpc:Council_of_two_bot,2,2,0,2,2,4,
BestMCTS3_vs_Council_of_two_bot,35,LEFT_B,4,17552422797963817091,grpc:Council_of_two_bot,BestMCTS3,1,3,0,3,1,4,
