pair_id,round_idx,side,runs,seed,left,right,p1_wins,p2_wins,draws,mapped_a_wins,mapped_b_wins,games,avg_ms
Council_of_two_bot_vs_SakkirinaSolo,0,LEFT_A,4,15696319482534952260,grpc:Council_of_two_bot,SakkirinaSolo,0,4,0,0,4,4,
Council_of_two_bot_vs_SakkirinaSolo,0,LEFT_B,4,3073913929123830139,SakkirinaSolo,grpc:Council_of_two_bot,3,1,0,1,3,4,
Council_of_two_bot_vs_SakkirinaSolo,1,LEFT_A,4,7462603111196993661,grpc:Council_of_two_bot,SakkirinaSolo,0,4,0,0,4,4,
Council_of_two_bot_vs_SakkirinaSolo,1,LEFT_B,4,302187983433196341,SakkirinaSolo,grpc:Council_of_two_bot,4,0,0,0,4,4,
Council_of_two_bot_vs_SakkirinaSolo,2,LEFT_A,4,8575913573614184281,grpc:Council_of_two_bot,SakkirinaSolo,0,4,0,0,4,4,
Council_of_two_bot_vs_SakkirinaSolo,2,LEFT_B,4,18214482680399484266,SakkirinaSolo,grpc:Council_of_two_bot,4,0,0,0,4,4,
Council_of_two_bot_vs_SakkirinaSolo,3,LEFT_A,4,16915017694089551891,grpc:Council_of_two_bot,SakkirinaSolo,2,2,0,2,2,4,
Council_of_two_bot_vs_SakkirinaSolo,3,LEFT_B,4,16225685730299066707,SakkirinaSolo,grpc:Council_of_two_bot,3,1,0,1,3,4,
Council_of_two_bot_vs_SakkirinaSolo,4,LEFT_A,4,1306286198204420542,grpc:Council_of_two_bot,SakkirinaSolo,0,4,0,0,4,4,
Council_of_two_bot_vs_SakkirinaSolo,4,LEFT_B,4,16118993041780005594,SakkirinaSolo,grpc:Council_of_two_bot,3,1,0,1,3,4,
Council_of_two_bot_vs_SakkirinaSolo,5,LEFT_A,4,10395414055080706514,grpc:Council_of_two_bot,SakkirinaSolo,1,3,0,1,3,4,
Council_of_two_bot_vs_SakkirinaSolo,5,LEFT_B,4,3349056199202162268,SakkirinaSolo,grpc:Council_of_two_bot,4,0,0,0,4,4,
Council_of_two_bot_vs_SakkirinaSolo,6,LEFT_A,4,13599307289455133118,grpc:Council_of_two_bot,SakkirinaSolo,1,3,0,1,3,4,
Council_of_two_bot_vs_SakkirinaSolo,6,LEFT_B,4,10366567530843790034,SakkirinaSolo,grpc:Council_of_two_bot,4,0,0,0,4,4,
Council_of_two_bot_vs_SakkirinaSolo,7,LEFT_A,4,2303026788176490326,grpc:Council_of_two_bot,SakkirinaSolo,0,4,0,0,4,4,
Council_of_two_bot_vs_SakkirinaSolo,7,LEFT_B,4,17468796646664914013,SakkirinaSolo,grpc:Council_of_two_bot,3,1,0,1,3,4,
Council_of_two_bot_vs_SakkirinaSolo,8,LEFT_A,4,17717020356226529733,grpc:Council_of_two_bot,SakkirinaSolo,1,3,0,1,3,4,
Council_of_two_bot_vs_SakkirinaSolo,8,LEFT_B,4,1132033698890114893,SakkirinaSolo,grpc:Council_of_two_bot,4,0,0,0,4,4,
Council_of_two_bot_vs_SakkirinaSolo,9,LEFT_A,4,13463179101966694279,grpc:Council_of_two_bot,SakkirinaSolo,0,4,0,0,4,4,
Council_of_two_bot_vs_SakkirinaSolo,9,LEFT_B,4,13758427547111078745,SakkirinaSolo,grpc:Council_of_two_bot,4,0,0,0,4,4,
Council_of_two_bot_vs_SakkirinaSolo,10,LEFT_A,4,10409713548977757185,grpc:Council_of_two_bot,SakkirinaSolo,0,4,0,0,4,4,
Council_of_two_bot_vs_SakkirinaSolo,10,LEFT_B,4,2008024475694524595,SakkirinaSolo,grpc:Council_of_two_bot,4,0,0,0,4,4,
Council_of_two_bot_vs_SakkirinaSolo,11,LEFT_A,4,14200263162619165513,grpc:Council_of_two_bot,SakkirinaSolo,1,3,0,1,3,4,
Council_of_two_bot_vs_SakkirinaSolo,11,LEFT_B,4,1071432139649309143,SakkirinaSolo,grpc:Council_of_two_bot,4,0,0,0,4,4,
Council_of_two_bot_vs_SakkirinaSolo,12,LEFT_A,4,11798145476460692346,grpc:Council_of_two_bot,SakkirinaSolo,0,4,0,0,4,4,
Council_of_two_bot_vs_SakkirinaSolo,12,LEFT_B,4,9636596827049708163,SakkirinaSolo,grpc:Council_of_two_bot,4,0,0,0,4,4,
Council_of_two_bot_vs_SakkirinaSolo,13,LEFT_A,4,12319262461689545030,grpc:Council_of_two_bot,SakkirinaSolo,0,4,0,0,4,4,
Council_of_two_bot_vs_SakkirinaSolo,13,LEFT_B,4,17536748582926278973,SakkirinaSolo,grpc:Council_of_two_bot,4,0,0,0,4,4,
Council_of_two_bot_vs_SakkirinaSolo,14,LEFT_A,4,1893316256014926040,grpc:Council_of_two_bot,SakkirinaSolo,1,3,0,1,3,4,
Council_of_two_bot_vs_SakkirinaSolo,14,LEFT_B,4,8384302789934872500,SakkirinaSolo,grpc:Council_of_two_bot,4,0,0,0,4,4,
Council_of_two_bot_vs_SakkirinaSolo,15,LEFT_A,4,7042334056700566877,grpc:Council_of_two_bot,SakkirinaSolo,1,3,0,1,3,4,
Council_of_two_bot_vs_SakkirinaSolo,15,LEFT_B,4,8374446494920812501,SakkirinaSolo,grpc:Council_of_two_bot,4,0,0,0,4,4,
Council_of_two_bot_vs_SakkirinaSolo,16,LEFT_A,4,13078308961385791790,grpc:Council_of_two_bot,SakkirinaSolo,0,4,0,0,4,4,
Council_of_two_bot_vs_SakkirinaSolo,16,LEFT_B,4,13960705450096850098,SakkirinaSolo,grpc:Council_of_two_bot,4,0,0,0,4,4,
Council_of_two_bot_vs_SakkirinaSolo,17,LEFT_A,4,13990894559812514823,grpc:Council_of_two_bot,SakkirinaSolo,1,3,0,1,3,4,
Council_of_two_bot_vs_SakkirinaSolo,17,LEFT_B,4,12305306079363027360,SakkirinaSolo,grpc:Council_of_two_bot,4,0,0,0,4,4,
Council_of_two_bot_vs_SakkirinaSolo,18,LEFT_A,4,14298069053355673146,grpc:Council_of_two_bot,SakkirinaSolo,0,4,0,0,4,4,
Council_of_two_bot_vs_SakkirinaSolo,18,LEFT_B,4,6704898839250183727,SakkirinaSolo,grpc:Council_of_two_bot,3,1,0,1,3,4,
Council_of_two_bot_vs_SakkirinaSolo,19,LEFT_A,4,14405527185162182999,grpc:Council_of_two_bot,SakkirinaSolo,0,4,0,0,4,4,
Council_of_two_bot_vs_SakkirinaSolo,19,LEFT_B,4,3485093414909089508,SakkirinaSolo,grpc:Council_of_two_bot,4,0,0,0,4,4,
Council_of_two_bot_vs_SakkirinaSolo,20,LEFT_A,4,16335529522562359331,grpc:Council_of_two_bot,SakkirinaSolo,0,4,0,0,4,4,
Council_of_two_bot_vs_SakkirinaSolo,20,LEFT_B,4,9416478643692921307,SakkirinaSolo,grpc:Council_of_two_bot,4,0,0,0,4,4,
Council_of_two_bot_vs_SakkirinaSolo,21,LEFT_A,4,7109067453006938468,grpc:Council_of_two_bot,SakkirinaSolo,0,4,0,0,4,4,
Council_of_two_bot_vs_SakkirinaSolo,21,LEFT_B,4,11729483711165243695,SakkirinaSolo,grpc:Council_of_two_bot,4,0,0,0,4,4,
Council_of_two_bot_vs_SakkirinaSolo,22,LEFT_A,4,6062184930533638440,grpc:Council_of_two_bot,SakkirinaSolo,0,4,0,0,4,4,
Council_of_two_bot_vs_SakkirinaSolo,22,LEFT_B,4,1797359497332184105,SakkirinaSolo,grpc:Council_of_two_bot,4,0,0,0,4,4,
Council_of_two_bot_vs_SakkirinaSolo,23,LEFT_A,4,15226446187655447102,grpc:Council_of_two_bot,SakkirinaSolo,1,3,0,1,3,4,
Council_of_two_bot_vs_SakkirinaSolo,23,LEFT_B,4,13021961879759788365,SakkirinaSolo,grpc:Council_of_two_bot,4,0,0,0,4,4,
Council_of_two_bot_vs_SakkirinaSolo,24,LEFT_A,4,3451986526752196978,grpc:Council_of_two_bot,SakkirinaSolo,0,4,0,0,4,4,
Council_of_two_bot_vs_SakkirinaSolo,24,LEFT_B,4,12520741619772665378,SakkirinaSolo,grpc:Council_of_two_bot,4,0,0,0,4,4,
Council_of_two_bot_vs_SakkirinaSolo,25,LEFT_A,4,9815433327401665794,grpc:Council_of_two_bot,SakkirinaSolo,2,2,0,2,2,4,
Council_of_two_bot_vs_SakkirinaSolo,25,LEFT_B,4,8070985040622289052,SakkirinaSolo,grpc:Council_of_two_bot,4,0,0,0,4,4,
Council_of_two_bot_vs_SakkirinaSolo,26,LEFT_A,4,9128507676912846709,grpc:Council_of_two_bot,SakkirinaSolo,0,4,0,0,4,4,
Council_of_two_bot_vs_SakkirinaSolo,26,LEFT_B,4,9495532353693160253,SakkirinaSolo,grpc:Council_of_two_bot,3,1,0,1,3,4,
Council_of_two_bot_vs_SakkirinaSolo,27,LEFT_A,4,15717334275915057409,grpc:Council_of_two_bot,SakkirinaSolo,0,4,0,0,4,4,
Council_of_two_bot_vs_SakkirinaSolo,27,LEFT_B,4,1486756440543085929,SakkirinaSolo,grpc:Council_of_two_bot,4,0,0,0,4,4,
Council_of_two_bot_vs_SakkirinaSolo,28,LEFT_A,4,12724721785696063932,grpc:Council_of_two_bot,SakkirinaSolo,0,4,0,0,4,4,
Council_of_two_bot_vs_SakkirinaSolo,28,LEFT_B,4,9199747234569949332,SakkirinaSolo,grpc:Council_of_two_bot,4,0,0,0,4,4,
Council_of_two_bot_vs_SakkirinaSolo,29,LEFT_A,4,12534371899175200605,grpc:Council_of_two_bot,SakkirinaSolo,0,4,0,0,4,4,
Council_of_two_bot_vs_SakkirinaSolo,29,LEFT_B,4,1601667716869191927,SakkirinaSolo,grpc:Council_of_two_bot,4,0,0,0,4,4,
Council_of_two_bot_vs_SakkirinaSolo,30,LEFT_A,4,11736046657593880951,grpc:Council_of_two_bot,SakkirinaSolo,0,4,0,0,4,4,
Council_of_two_bot_vs_SakkirinaSolo,30,LEFT_B,4,15447885029207736651,SakkirinaSolo,grpc:Council_of_two_bot,4,0,0,0,4,4,
Council_of_two_bot_vs_SakkirinaSolo,31,LEFT_A,4,11304258637618241339,grpc:Council_of_two_bot,SakkirinaSolo,1,3,0,1,3,4,
Council_of_two_bot_vs_SakkirinaSolo,31,LEFT_B,4,2648201217317389628,SakkirinaSolo,grpc:Council_of_two_bot,4,0,0,0,4,4,
Council_of_two_bot_vs_SakkirinaSolo,32,LEFT_A,4,4420033683239250554,grpc:Council_of_two_bot,SakkirinaSolo,0,4,0,0,4,4,
Council_of_two_bot_vs_SakkirinaSolo,32,LEFT_B,4,4456069160171909929,SakkirinaSolo,grpc:Council_of_two_bot,4,0,0,0,4,4,
Council_of_two_bot_vs_SakkirinaSolo,33,LEFT_A,4,5755291649918382598,grpc:Council_of_two_bot,SakkirinaSolo,0,4,0,0,4,4,
Council_of_two_bot_vs_SakkirinaSolo,33,LEFT_B,4,9885234182731346879,SakkirinaSolo,grpc:Council_of_two_bot,4,0,0,0,4,4,
Council_of_two_bot_vs_SakkirinaSolo,34,LEFT_A,4,10686767654265702909,grpc:Council_of_two_bot,SakkirinaSolo,0,4,0,0,4,4,
Council_of_two_bot_vs_SakkirinaSolo,34,LEFT_B,4,6431736057691885932,SakkirinaSolo,grpc:Council_of_two_bot,3,1,0,1,3,4,
Council_of_two_bot_vs_SakkirinaSolo,35,LEFT_A,4,17467444983964909532,grpc:Council_of_two_bot,SakkirinaSolo,0,0,0,0,0,0,
Council_of_two_bot_vs_SakkirinaSolo,35,LEFT_B,4,15801103977092609052,SakkirinaSolo,grpc:Council_of_two_bot,4,0,0,0,4,4,
