pair_id,round_idx,side,runs,seed,left,right,p1_wins,p2_wins,draws,mapped_a_wins,mapped_b_wins,games,avg_ms
Council_of_two_bot_vs_EBot_C,0,LEFT_A,4,512390558637074967,grpc:Council_of_two_bot,EBot_C,0,4,0,0,4,4,
Council_of_two_bot_vs_EBot_C,0,LEFT_B,4,4989377371025940177,EBot_C,grpc:Council_of_two_bot,4,0,0,0,4,4,
Council_of_two_bot_vs_EBot_C,1,LEFT_A,4,1011599419182751056,grpc:Council_of_two_bot,EBot_C,4,0,0,4,0,4,
Council_of_two_bot_vs_EBot_C,1,LEFT_B,4,10729956382651004036,EBot_C,grpc:Council_of_two_bot,4,0,0,0,4,4,
Council_of_two_bot_vs_EBot_C,2,LEFT_A,4,5803993069046963558,grpc:Council_of_two_bot,EBot_C,1,3,0,1,3,4,
Council_of_two_bot_vs_EBot_C,2,LEFT_B,4,8764092339232617187,EBot_C,grpc:Council_of_two_bot,4,0,0,0,4,4,
Council_of_two_bot_vs_EBot_C,3,LEFT_A,4,985222703403861508,grpc:Council_of_two_bot,EBot_C,1,3,0,1,3,4,
Council_of_two_bot_vs_EBot_C,3,LEFT_B,4,18090774415741558803,EBot_C,grpc:Council_of_two_bot,4,0,0,0,4,4,
Council_of_two_bot_vs_EBot_C,4,LEFT_A,4,14318763930769155425,grpc:Council_of_two_bot,EBot_C,1,3,0,1,3,4,
Council_of_two_bot_vs_EBot_C,4,LEFT_B,4,18308079456962121967,EBot_C,grpc:Council_of_two_bot,3,1,0,1,3,4,
Council_of_two_bot_vs_EBot_C,5,LEFT_A,4,17751382538778209298,grpc:Council_of_two_bot,EBot_C,2,2,0,2,2,4,
Council_of_two_bot_vs_EBot_C,5,LEFT_B,4,11453523284938910433,EBot_C,grpc:Council_of_two_bot,4,0,0,0,4,4,
Council_of_two_bot_vs_EBot_C,6,LEFT_A,4,14725920219702242221,grpc:Council_of_two_bot,EBot_C,2,2,0,2,2,4,
Council_of_two_bot_vs_EBot_C,6,LEFT_B,4,14827576144259123833,EBot_C,grpc:Council_of_two_bot,4,0,0,0,4,4,
Council_of_two_bot_vs_EBot_C,7,LEFT_A,4,464760955772418266,grpc:Council_of_two_bot,EBot_C,1,3,0,1,3,4,
Council_of_two_bot_vs_EBot_C,7,LEFT_B,4,16803491012854484408,EBot_C,grpc:Council_of_two_bot,4,0,0,0,4,4,
Council_of_two_bot_vs_EBot_C,8,LEFT_A,4,8927674870101277995,grpc:Council_of_two_bot,EBot_C,0,4,0,0,4,4,
Council_of_two_bot_vs_EBot_C,8,LEFT_B,4,6757084993569446158,EBot_C,grpc:Council_of_two_bot,4,0,0,0,4,4,
Council_of_two_bot_vs_EBot_C,9,LEFT_A,4,1451625281912908036,grpc:Council_of_two_bot,EBot_C,0,4,0,0,4,4,
Council_of_two_bot_vs_EBot_C,9,LEFT_B,4,15237972656339322060,EBot_C,grpc:Council_of_two_bot,4,0,0,0,4,4,
Council_of_two_bot_vs_EBot_C,10,LEFT_A,4,9084948453889845766,grpc:Council_of_two_bot,EBot_C,1,3,0,1,3,4,
Council_of_two_bot_vs_EBot_C,10,LEFT_B,4,14662721900607257313,EBot_C,grpc:Council_of_two_bot,4,0,0,0,4,4,
Council_of_two_bot_vs_EBot_C,11,LEFT_A,4,9157606937736302100,grpc:Council_of_two_bot,EBot_C,0,4,0,0,4,4,
Council_of_two_bot_vs_EBot_C,11,LEFT_B,4,16670486091643275739,EBot_C,grpc:Council_of_two_bot,4,0,0,0,4,4,
Council_of_two_bot_vs_EBot_C,12,LEFT_A,4,11108704894421625325,grpc:Council_of_two_bot,EBot_C,1,3,0,1,3,4,
Council_of_two_bot_vs_EBot_C,12,LEFT_B,4,1597511124731086037,EBot_C,grpc:Council_of_two_bot,4,0,0,0,4,4,
Council_of_two_bot_vs_EBot_C,13,LEFT_A,4,3157357453116612377,grpc:Council_of_two_bot,EBot_C,0,4,0,0,4,4,
Council_of_two_bot_vs_EBot_C,13,LEFT_B,4,867315721106073690,EBot_C,grpc:Council_of_two_bot,4,0,0,0,4,4,
Council_of_two_bot_vs_EBot_C,14,LEFT_A,4,4745453915708039807,grpc:Council_of_two_bot,EBot_C,0,4,0,0,4,4,
Council_of_two_bot_vs_EBot_C,14,LEFT_B,4,2481012082768709973,EBot_C,grpc:Council_of_two_bot,4,0,0,0,4,4,
Council_of_two_bot_vs_EBot_C,15,LEFT_A,4,509834461071241058,grpc:Council_of_two_bot,EBot_C,0,4,0,0,4,4,
Council_of_two_bot_vs_EBot_C,15,LEFT_B,4,8846414242947202475,EBot_C,grpc:Council_of_two_bot,3,1,0,1,3,4,
Council_of_two_bot_vs_EBot_C,16,LEFT_A,4,3372950512888162843,grpc:Council_of_two_bot,EBot_C,0,4,0,0,4,4,
Council_of_two_bot_vs_EBot_C,16,LEFT_B,4,15586662080728189132,EBot_C,grpc:Council_of_two_bot,4,0,0,0,4,4,
Council_of_two_bot_vs_EBot_C,17,LEFT_A,4,5457657769036111816,grpc:Council_of_two_bot,EBot_C,2,2,0,2,2,4,
Council_of_two_bot_vs_EBot_C,17,LEFT_B,4,2076268103313965990,EBot_C,grpc:Council_of_two_bot,4,0,0,0,4,4,
Council_of_two_bot_vs_EBot_C,18,LEFT_A,4,8648897113415687105,grpc:Council_of_two_bot,EBot_C,2,2,0,2,2,4,
Council_of_two_bot_vs_EBot_C,18,LEFT_B,4,5889612193018489373,EBot_C,grpc:Council_of_two_bot,4,0,0,0,4,4,
Council_of_two_bot_vs_EBot_C,19,LEFT_A,4,13461964507046809206,grpc:Council_of_two_bot,EBot_C,1,3,0,1,3,4,
Council_of_two_bot_vs_EBot_C,19,LEFT_B,4,12596226232782115076,EBot_C,grpc:Council_of_two_bot,4,0,0,0,4,4,
Council_of_two_bot_vs_EBot_C,20,LEFT_A,4,10540419943329502736,grpc:Council_of_two_bot,EBot_C,0,4,0,0,4,4,
Council_of_two_bot_vs_EBot_C,20,LEFT_B,4,8142305235679767247,EBot_C,grpc:Council_of_two_bot,4,0,0,0,4,4,
Council_of_two_bot_vs_EBot_C,21,LEFT_A,4,5159543258875874419,grpc:Council_of_two_bot,EBot_C,0,4,0,0,4,4,
Council_of_two_bot_vs_EBot_C,21,LEFT_B,4,17472956180166798298,EBot_C,grpc:Council_of_two_bot,4,0,0,0,4,4,
Council_of_two_bot_vs_EBot_C,22,LEFT_A,4,8491178895493280816,grpc:Council_of_two_bot,EBot_C,0,4,0,0,4,4,
Council_of_two_bot_vs_EBot_C,22,LEFT_B,4,10437708649962118321,EBot_C,grpc:Council_of_two_bot,4,0,0,0,4,4,
Council_of_two_bot_vs_EBot_C,23,LEFT_A,4,9948258851630437694,grpc:Council_of_two_bot,EBot_C,0,4,0,0,4,4,
Council_of_two_bot_vs_EBot_C,23,LEFT_B,4,18044806185890642685,EBot_C,grpc:Council_of_two_bot,4,0,0,0,4,4,
Council_of_two_bot_vs_EBot_C,24,LEFT_A,4,16555872727635490934,grpc:Council_of_two_bot,EBot_C,0,4,0,0,4,4,
Council_of_two_bot_vs_EBot_C,24,LEFT_B,4,15145813345746641232,EBot_C,grpc:Council_of_two_bot,4,0,0,0,4,4,
Council_of_two_bot_vs_EBot_C,25,LEFT_A,4,17656280390765167566,grpc:Council_of_two_bot,EBot_C,0,4,0,0,4,4,
Council_of_two_bot_vs_EBot_C,25,LEFT_B,4,13666197411936700804,EBot_C,grpc:Council_of_two_bot,4,0,0,0,4,4,
Council_of_two_bot_vs_EBot_C,26,LEFT_A,4,8637398154686070094,grpc:Council_of_two_bot,EBot_C,1,3,0,1,3,4,
Council_of_two_bot_vs_EBot_C,26,LEFT_B,4,11927279763426896643,EBot_C,grpc:Council_of_two_bot,4,0,0,0,4,4,
Council_of_two_bot_vs_EBot_C,27,LEFT_A,4,12544686510255344559,grpc:Council_of_two_bot,EBot_C,1,3,0,1,3,4,
Council_of_two_bot_vs_EBot_C,27,LEFT_B,4,3903362074073055245,EBot_C,grpc:Council_of_two_bot,4,0,0,0,4,4,
Council_of_two_bot_vs_EBot_C,28,LEFT_A,4,14873941898143594505,grpc:Council_of_two_bot,EBot_C,0,4,0,0,4,4,
Council_of_two_bot_vs_EBot_C,28,LEFT_B,4,10865551895499351280,EBot_C,grpc:Council_of_two_bot,4,0,0,0,4,4,
Council_of_two_bot_vs_EBot_C,29,LEFT_A,4,8858197792460839977,grpc:Council_of_two_bot,EBot_C,0,4,0,0,4,4,
Council_of_two_bot_vs_EBot_C,29,LEFT_B,4,9516467009971381638,EBot_C,grpc:Council_of_two_bot,4,0,0,0,4,4,
Council_of_two_bot_vs_EBot_C,30,LEFT_A,4,15742191755478593693,grpc:Council_of_two_bot,EBot_C,1,3,0,1,3,4,
Council_of_two_bot_vs_EBot_C,30,LEFT_B,4,18053910485578964845,EBot_C,grpc:Council_of_two_bot,4,0,0,0,4,4,
Council_of_two_bot_vs_EBot_C,31,LEFT_A,4,7409927172341176087,grpc:Council_of_two_bot,EBot_C,1,3,0,1,3,4,
Council_of_two_bot_vs_EBot_C,31,LEFT_B,4,15204136022716740436,EBot_C,grpc:Council_of_two_bot,4,0,0,0,4,4,
Council_of_two_bot_vs_EBot_C,32,LEFT_A,4,16519722517998927099,grpc:Council_of_two_bot,EBot_C,1,3,0,1,3,4,
Council_of_two_bot_vs_EBot_C,32,LEFT_B,4,11546097037542293213,EBot_C,grpc:Council_of_two_bot,4,0,0,0,4,4,
Council_of_two_bot_vs_EBot_C,33,LEFT_A,4,5651758147817448747,grpc:Council_of_two_bot,EBot_C,0,4,0,0,4,4,
Council_of_two_bot_vs_EBot_C,33,LEFT_B,4,1263432406134735244,EBot_C,grpc:Council_of_two_bot,4,0,0,0,4,4,
Council_of_two_bot_vs_EBot_C,34,LEFT_A,4,7510605209447608744,grpc:Council_of_two_bot,EBot_C,1,3,0,1,3,4,
Council_of_two_bot_vs_EBot_C,34,LEFT_B,4,3508384362676228639,EBot_C,grpc:Council_of_two_bot,4,0,0,0,4,4,
Council_of_two_bot_vs_EBot_C,35,LEFT_A,4,2087884391181616541,grpc:Council_of_two_bot,EBot_C,2,2,0,2,2,4,
Council_of_two_bot_vs_EBot_C,35,LEFT_B,4,7488006048766953756,EBot_C,grpc:Council_of_two_bot,4,0,0,0,4,4,
