pair_id,round_idx,side,runs,seed,left,right,p1_wins,p2_wins,draws,mapped_a_wins,mapped_b_wins,games,avg_ms
Council_of_two_bot_vs_EBot_F,0,LEFT_A,4,9958665998903613925,grpc:Council_of_two_bot,EBot_F,1,3,0,1,3,4,
Council_of_two_bot_vs_EBot_F,0,LEFT_B,4,289247523163479674,EBot_F,grpc:Council_of_two_bot,4,0,0,0,4,4,
Council_of_two_bot_vs_EBot_F,1,LEFT_A,4,15106941524412232363,grpc:Council_of_two_bot,EBot_F,0,4,0,0,4,4,
Council_of_two_bot_vs_EBot_F,1,LEFT_B,4,13123790012859195114,EBot_F,grpc:Council_of_two_bot,4,0,0,0,4,4,
Council_of_two_bot_vs_EBot_F,2,LEFT_A,4,17203892753968453488,grpc:Council_of_two_bot,EBot_F,1,3,0,1,3,4,
Council_of_two_bot_vs_EBot_F,2,LEFT_B,4,1820918814318775719,EBot_F,grpc:Council_of_two_bot,3,1,0,1,3,4,
Council_of_two_bot_vs_EBot_F,3,LEFT_A,4,11421002468564401614,grpc:Council_of_two_bot,EBot_F,1,3,0,1,3,4,
Council_of_two_bot_vs_EBot_F,3,LEFT_B,4,16483970713455859126,EBot_F,grpc:Council_of_two_bot,4,0,0,0,4,4,
Council_of_two_bot_vs_EBot_F,4,LEFT_A,4,17472489048230313670,grpc:Council_of_two_bot,EBot_F,0,4,0,0,4,4,
Council_of_two_bot_vs_EBot_F,4,LEFT_B,4,4972171153459523148,EBot_F,grpc:Council_of_two_bot,4,0,0,0,4,4,
Council_of_two_bot_vs_EBot_F,5,LEFT_A,4,17510711335308512103,grpc:Council_of_two_bot,EBot_F,3,1,0,3,1,4,
Council_of_two_bot_vs_EBot_F,5,LEFT_B,4,12692574570958311174,EBot_F,grpc:Council_of_two_bot,4,0,0,0,4,4,
Council_of_two_bot_vs_EBot_F,6,LEFT_A,4,372600322693405980,grpc:Council_of_two_bot,EBot_F,1,3,0,1,3,4,
Council_of_two_bot_vs_EBot_F,6,LEFT_B,4,15419293871516791131,EBot_F,grpc:Council_of_two_bot,4,0,0,0,4,4,
Council_of_two_bot_vs_EBot_F,7,LEFT_A,4,12198500467542374582,grpc:Council_of_two_bot,EBot_F,1,3,0,1,3,4,
Council_of_two_bot_vs_EBot_F,7,LEFT_B,4,831712075199662171,EBot_F,grpc:Council_of_two_bot,4,0,0,0,4,4,
Council_of_two_bot_vs_EBot_F,8,LEFT_A,4,7373745264940785843,grpc:Council_of_two_bot,EBot_F,2,2,0,2,2,4,
Council_of_two_bot_vs_EBot_F,8,LEFT_B,4,6004442138241677947,EBot_F,grpc:Council_of_two_bot,4,0,0,0,4,4,
Council_of_two_bot_vs_EBot_F,9,LEFT_A,4,409723944232045869,grpc:Council_of_two_bot,EBot_F,2,2,0,2,2,4,
Council_of_two_bot_vs_EBot_F,9,LEFT_B,4,2249432167285096793,EBot_F,grpc:Council_of_two_bot,4,0,0,0,4,4,
Council_of_two_bot_vs_EBot_F,10,LEFT_A,4,9156338228247485225,grpc:Council_of_two_bot,EBot_F,1,3,0,1,3,4,
Council_of_two_bot_vs_EBot_F,10,LEFT_B,4,7347081168259885974,EBot_F,grpc:Council_of_two_bot,4,0,0,0,4,4,
Council_of_two_bot_vs_EBot_F,11,LEFT_A,4,9831394757487625265,grpc:Council_of_two_bot,EBot_F,1,3,0,1,3,4,
Council_of_two_bot_vs_EBot_F,11,LEFT_B,4,14357588064370534929,EBot_F,grpc:Council_of_two_bot,4,0,0,0,4,4,
Council_of_two_bot_vs_EBot_F,12,LEFT_A,4,13045653311939243945,grpc:Council_of_two_bot,EBot_F,0,4,0,0,4,4,
Council_of_two_bot_vs_EBot_F,12,LEFT_B,4,14056519770022304368,EBot_F,grpc:Council_of_two_bot,4,0,0,0,4,4,
Council_of_two_bot_vs_EBot_F,13,LEFT_A,4,17187312361076287445,grpc:Council_of_two_bot,EBot_F,1,3,0,1,3,4,
Council_of_two_bot_vs_EBot_F,13,LEFT_B,4,17241735271649076634,EBot_F,grpc:Council_of_two_bot,4,0,0,0,4,4,
Council_of_two_bot_vs_EBot_F,14,LEFT_A,4,9127783492405071158,grpc:Council_of_two_bot,EBot_F,2,2,0,2,2,4,
Council_of_two_bot_vs_EBot_F,14,LEFT_B,4,17312236547207837097,EBot_F,grpc:Council_of_two_bot,4,0,0,0,4,4,
Council_of_two_bot_vs_EBot_F,15,LEFT_A,4,3442090764073371840,grpc:Council_of_two_bot,EBot_F,1,3,0,1,3,4,
Council_of_two_bot_vs_EBot_F,15,LEFT_B,4,12195988589967051425,EBot_F,grpc:Council_of_two_bot,4,0,0,0,4,4,
Council_of_two_bot_vs_EBot_F,16,LEFT_A,4,17001492277168752434,grpc:Council_of_two_bot,EBot_F,0,4,0,0,4,4,
Council_of_two_bot_vs_EBot_F,16,LEFT_B,4,96250740948836164,EBot_F,grpc:Council_of_two_bot,4,0,0,0,4,4,
Council_of_two_bot_vs_EBot_F,17,LEFT_A,4,7059288481617575782,grpc:Council_of_two_bot,EBot_F,1,3,0,1,3,4,
Council_of_two_bot_vs_EBot_F,17,LEFT_B,4,3083042420884142263,EBot_F,grpc:Council_of_two_bot,4,0,0,0,4,4,
Council_of_two_bot_vs_EBot_F,18,LEFT_A,4,16527261180025675079,grpc:Council_of_two_bot,EBot_F,1,3,0,1,3,4,
Council_of_two_bot_vs_EBot_F,18,LEFT_B,4,6464565406201337217,EBot_F,grpc:Council_of_two_bot,4,0,0,0,4,4,
Council_of_two_bot_vs_EBot_F,19,LEFT_A,4,14689786598003045399,grpc:Council_of_two_bot,EBot_F,1,3,0,1,3,4,
Council_of_two_bot_vs_EBot_F,19,LEFT_B,4,8734894981434327401,EBot_F,grpc:Council_of_two_bot,4,0,0,0,4,4,
Council_of_two_bot_vs_EBot_F,20,LEFT_A,4,2598836777629411383,grpc:Council_of_two_bot,EBot_F,0,4,0,0,4,4,
Council_of_two_bot_vs_EBot_F,20,LEFT_B,4,18186190432220410298,EBot_F,grpc:Council_of_two_bot,4,0,0,0,4,4,
Council_of_two_bot_vs_EBot_F,21,LEFT_A,4,52198567118700154,grpc:Council_of_two_bot,EBot_F,1,3,0,1,3,4,
Council_of_two_bot_vs_EBot_F,21,LEFT_B,4,4957105008857790190,EBot_F,grpc:Council_of_two_bot,4,0,0,0,4,4,
Council_of_two_bot_vs_EBot_F,22,LEFT_A,4,7662436030713866778,grpc:Council_of_two_bot,EBot_F,1,3,0,1,3,4,
Council_of_two_bot_vs_EBot_F,22,LEFT_B,4,1898686317483775592,EBot_F,grpc:Council_of_two_bot,4,0,0,0,4,4,
Council_of_two_bot_vs_EBot_F,23,LEFT_A,4,10706648585957164619,grpc:Council_of_two_bot,EBot_F,1,3,0,1,3,4,
Council_of_two_bot_vs_EBot_F,23,LEFT_B,4,7405416714072114478,EBot_F,grpc:Council_of_two_bot,4,0,0,0,4,4,
Council_of_two_bot_vs_EBot_F,24,LEFT_A,4,3772261720418083523,grpc:Council_of_two_bot,EBot_F,1,3,0,1,3,4,
Council_of_two_bot_vs_EBot_F,24,LEFT_B,4,6528256530269606529,EBot_F,grpc:Council_of_two_bot,4,0,0,0,4,4,
Council_of_two_bot_vs_EBot_F,25,LEFT_A,4,6444776418029311991,grpc:Council_of_two_bot,EBot_F,2,2,0,2,2,4,
Council_of_two_bot_vs_EBot_F,25,LEFT_B,4,6571966815085065586,EBot_F,grpc:Council_of_two_bot,3,1,0,1,3,4,
Council_of_two_bot_vs_EBot_F,26,LEFT_A,4,13347677420262110321,grpc:Council_of_two_bot,EBot_F,0,4,0,0,4,4,
Council_of_two_bot_vs_EBot_F,26,LEFT_B,4,16709431057043574382,EBot_F,grpc:Council_of_two_bot,4,0,0,0,4,4,
Council_of_two_bot_vs_EBot_F,27,LEFT_A,4,4860441887930559483,grpc:Council_of_two_bot,EBot_F,1,3,0,1,3,4,
Council_of_two_bot_vs_EBot_F,27,LEFT_B,4,7715562776168030350,EBot_F,grpc:Council_of_two_bot,4,0,0,0,4,4,
Council_of_two_bot_vs_EBot_F,28,LEFT_A,4,10829671654273594523,grpc:Council_of_two_bot,EBot_F,1,3,0,1,3,4,
Council_of_two_bot_vs_EBot_F,28,LEFT_B,4,49080250259918452,EBot_F,grpc:Council_of_two_bot,4,0,0,0,4,4,
Council_of_two_bot_vs_EBot_F,29,LEFT_A,4,17564150839917089722,grpc:Council_of_two_bot,EBot_F,1,3,0,1,3,4,
Council_of_two_bot_vs_EBot_F,29,LEFT_B,4,2936745520405887767,EBot_F,grpc:Council_of_two_bot,4,0,0,0,4,4,
Council_of_two_bot_vs_EBot_F,30,LEFT_A,4,13745483034657992712,grpc:Council_of_two_bot,EBot_F,1,3,0,1,3,4,
Council_of_two_bot_vs_EBot_F,30,LEFT_B,4,2649815282018909509,EBot_F,grpc:Council_of_two_bot,4,0,0,0,4,4,
Council_of_two_bot_vs_EBot_F,31,LEFT_A,4,12085331389043125575,grpc:Council_of_two_bot,EBot_F,1,3,0,1,3,4,
Council_of_two_bot_vs_EBot_F,31,LEFT_B,4,11164788227651928661,EBot_F,grpc:Council_of_two_bot,4,0,0,0,4,4,
Council_of_two_bot_vs_EBot_F,32,LEFT_A,4,13417396497217005498,grpc:Council_of_two_bot,EBot_F,0,4,0,0,4,4,
Council_of_two_bot_vs_EBot_F,32,LEFT_B,4,14112015605790878754,EBot_F,grpc:Council_of_two_bot,4,0,0,0,4,4,
Council_of_two_bot_vs_EBot_F,33,LEFT_A,4,15758332477458085933,grpc:Council_of_two_bot,EBot_F,1,3,0,1,3,4,
Council_of_two_bot_vs_EBot_F,33,LEFT_B,4,1445329897468954817,EBot_F,grpc:Council_of_two_bot,4,0,0,0,4,4,
Council_of_two_bot_vs_EBot_F,34,LEFT_A,4,6875878242294906281,grpc:Council_of_two_bot,EBot_F,0,4,0,0,4,4,
Council_of_two_bot_vs_EBot_F,34,LEFT_B,4,1030383078343645396,EBot_F,grpc:Council_of_two_bot,4,0,0,0,4,4,
Council_of_two_bot_vs_EBot_F,35,LEFT_A,4,6102700067444329802,grpc:Council_of_two_bot,EBot_F,0,4,0,0,4,4,
Council_of_two_bot_vs_EBot_F,35,LEFT_B,4,14033351730229032649,EBot_F,grpc:Council_of_two_bot,4,0,0,0,4,4,
