pair_id,round_idx,side,runs,seed,left,right,p1_wins,p2_wins,draws,mapped_a_wins,mapped_b_wins,games,avg_ms
Council_of_two_bot_vs_MaltheMCTS,0,LEFT_A,4,14538309689687255069,grpc:Council_of_two_bot,MaltheMCTS,3,1,0,3,1,4,
Council_of_two_bot_vs_MaltheMCTS,0,LEFT_B,4,4664039301232380926,MaltheMCTS,grpc:Council_of_two_bot,2,2,0,2,2,4,
Council_of_two_bot_vs_MaltheMCTS,1,LEFT_A,4,6107394210520663244,grpc:Council_of_two_bot,MaltheMCTS,2,2,0,2,2,4,
Council_of_two_bot_vs_MaltheMCTS,1,LEFT_B,4,7572398991792807568,MaltheMCTS,grpc:Council_of_two_bot,4,0,0,0,4,4,
Council_of_two_bot_vs_MaltheMCTS,2,LEFT_A,4,3714583773318173814,grpc:Council_of_two_bot,MaltheMCTS,1,3,0,1,3,4,
Council_of_two_bot_vs_MaltheMCTS,2,LEFT_B,4,6376219560873809518,MaltheMCTS,grpc:Council_of_two_bot,3,1,0,1,3,4,
Council_of_two_bot_vs_MaltheMCTS,3,LEFT_A,4,13695015291313991039,grpc:Council_of_two_bot,MaltheMCTS,0,4,0,0,4,4,
Council_of_two_bot_vs_MaltheMCTS,3,LEFT_B,4,3714559068150678639,MaltheMCTS,grpc:Council_of_two_bot,3,1,0,1,3,4,
Council_of_two_bot_vs_MaltheMCTS,4,LEFT_A,4,16378855944186664024,grpc:Council_of_two_bot,MaltheMCTS,2,2,0,2,2,4,
Council_of_two_bot_vs_MaltheMCTS,4,LEFT_B,4,16374518925382298096,MaltheMCTS,grpc:Council_of_two_bot,2,2,0,2,2,4,
Council_of_two_bot_vs_MaltheMCTS,5,LEFT_A,4,14560157254302467571,grpc:Council_of_two_bot,MaltheMCTS,1,3,0,1,3,4,
Council_of_two_bot_vs_MaltheMCTS,5,LEFT_B,4,15092820261665994344,MaltheMCTS,grpc:Council_of_two_bot,2,2,0,2,2,4,
Council_of_two_bot_vs_MaltheMCTS,6,LEFT_A,4,9205790500631288978,grpc:Council_of_two_bot,MaltheMCTS,2,2,0,2,2,4,
Council_of_two_bot_vs_MaltheMCTS,6,LEFT_B,4,4452495006302612349,MaltheMCTS,grpc:Council_of_two_bot,1,3,0,3,1,4,
Council_of_two_bot_vs_MaltheMCTS,7,LEFT_A,4,15313516658821408560,grpc:Council_of_two_bot,MaltheMCTS,2,2,0,2,2,4,
Council_of_two_bot_vs_MaltheMCTS,7,LEFT_B,4,11757648952998764593,MaltheMCTS,grpc:Council_of_two_bot,0,4,0,4,0,4,
Council_of_two_bot_vs_MaltheMCTS,8,LEFT_A,4,16582126392087545726,grpc:Council_of_two_bot,MaltheMCTS,2,2,0,2,2,4,
Council_of_two_bot_vs_MaltheMCTS,8,LEFT_B,4,805314504265880404,MaltheMCTS,grpc:Council_of_two_bot,1,3,0,3,1,4,
Council_of_two_bot_vs_MaltheMCTS,9,LEFT_A,4,1145340997216357301,grpc:Council_of_two_bot,MaltheMCTS,2,2,0,2,2,4,
Council_of_two_bot_vs_MaltheMCTS,9,LEFT_B,4,9927480064679869678,MaltheMCTS,grpc:Council_of_two_bot,2,2,0,2,2,4,
Council_of_two_bot_vs_MaltheMCTS,10,LEFT_A,4,5727013759204494317,grpc:Council_of_two_bot,MaltheMCTS,1,3,0,1,3,4,
Council_of_two_bot_vs_MaltheMCTS,10,LEFT_B,4,10283000455818882016,MaltheMCTS,grpc:Council_of_two_bot,2,2,0,2,2,4,
Council_of_two_bot_vs_MaltheMCTS,11,LEFT_A,4,9328557552513100791,grpc:Council_of_two_bot,MaltheMCTS,1,3,0,1,3,4,
Council_of_two_bot_vs_MaltheMCTS,11,LEFT_B,4,543115469623423653,MaltheMCTS,grpc:Council_of_two_bot,3,1,0,1,3,4,
Council_of_two_bot_vs_MaltheMCTS,12,LEFT_A,4,11112781960289858197,grpc:Council_of_two_bot,MaltheMCTS,2,2,0,2,2,4,
Council_of_two_bot_vs_MaltheMCTS,12,LEFT_B,4,12222000625697256317,MaltheMCTS,grpc:Council_of_two_bot,0,4,0,4,0,4,
Council_of_two_bot_vs_MaltheMCTS,13,LEFT_A,4,11937977596130362360,grpc:Council_of_two_bot,MaltheMCTS,1,3,0,1,3,4,
Council_of_two_bot_vs_MaltheMCTS,13,LEFT_B,4,2993367490439444011,MaltheMCTS,grpc:Council_of_two_bot,3,1,0,1,3,4,
Council_of_two_bot_vs_MaltheMCTS,14,LEFT_A,4,6901959069228609064,grpc:Council_of_two_bot,MaltheMCTS,1,3,0,1,3,4,
Council_of_two_bot_vs_MaltheMCTS,14,LEFT_B,4,3264105616780840668,MaltheMCTS,grpc:Council_of_two_bot,3,1,0,1,3,4,
Council_of_two_bot_vs_MaltheMCTS,15,LEFT_A,4,14484356864249943852,grpc:Council_of_two_bot,MaltheMCTS,1,3,0,1,3,4,
Council_of_two_bot_vs_MaltheMCTS,15,LEFT_B,4,13969521258903645329,MaltheMCTS,grpc:Council_of_two_bot,2,2,0,2,2,4,
Council_of_two_bot_vs_MaltheMCTS,16,LEFT_A,4,13934636965034400767,grpc:Council_of_two_bot,MaltheMCTS,3,1,0,3,1,4,
Council_of_two_bot_vs_MaltheMCTS,16,LEFT_B,4,16945828883688003898,MaltheMCTS,grpc:Council_of_two_bot,1,3,0,3,1,4,
Council_of_two_bot_vs_MaltheMCTS,17,LEFT_A,4,6973082779593780437,grpc:Council_of_two_bot,MaltheMCTS,1,3,0,1,3,4,
Council_of_two_bot_vs_MaltheMCTS,17,LEFT_B,4,9078145757447059628,MaltheMCTS,grpc:Council_of_two_bot,3,1,0,1,3,4,
Council_of_two_bot_vs_MaltheMCTS,18,LEFT_A,4,1427936862529869377,grpc:Council_of_two_bot,MaltheMCTS,2,2,0,2,2,4,
Council_of_two_bot_vs_MaltheMCTS,18,LEFT_B,4,14011107471698002278,MaltheMCTS,grpc:Council_of_two_bot,3,1,0,1,3,4,
Council_of_two_bot_vs_MaltheMCTS,19,LEFT_A,4,9831957897730023035,grpc:Council_of_two_bot,MaltheMCTS,3,1,0,3,1,4,
Council_of_two_bot_vs_MaltheMCTS,19,LEFT_B,4,15224147597492334787,MaltheMCTS,grpc:Council_of_two_bot,3,1,0,1,3,4,
Council_of_two_bot_vs_MaltheMCTS,20,LEFT_A,4,6554413016287135442,grpc:Council_of_two_bot,MaltheMCTS,2,2,0,2,2,4,
Council_of_two_bot_vs_MaltheMCTS,20,LEFT_B,4,1158581593112968180,MaltheMCTS,grpc:Council_of_two_bot,2,2,0,2,2,4,
Council_of_two_bot_vs_MaltheMCTS,21,LEFT_A,4,7530434815784874139,grpc:Council_of_two_bot,MaltheMCTS,1,3,0,1,3,4,
Council_of_two_bot_vs_MaltheMCTS,21,LEFT_B,4,4946862917060797536,MaltheMCTS,grpc:Council_of_two_bot,3,1,0,1,3,4,
Council_of_two_bot_vs_MaltheMCTS,22,LEFT_A,4,15644533705646468768,grpc:Council_of_two_bot,MaltheMCTS,1,3,0,1,3,4,
Council_of_two_bot_vs_MaltheMCTS,22,LEFT_B,4,1239703541004218717,MaltheMCTS,grpc:Council_of_two_bot,1,3,0,3,1,4,
Council_of_two_bot_vs_MaltheMCTS,23,LEFT_A,4,15151153928948793075,grpc:Council_of_two_bot,MaltheMCTS,2,2,0,2,2,4,
Council_of_two_bot_vs_MaltheMCTS,23,LEFT_B,4,5876963610162870708,MaltheMCTS,grpc:Council_of_two_bot,3,1,0,1,3,4,
Council_of_two_bot_vs_MaltheMCTS,24,LEFT_A,4,10919410104190772510,grpc:Council_of_two_bot,MaltheMCTS,3,1,0,3,1,4,
Council_of_two_bot_vs_MaltheMCTS,24,LEFT_B,4,15787696492197252036,MaltheMCTS,grpc:Council_of_two_bot,1,3,0,3,1,4,
Council_of_two_bot_vs_MaltheMCTS,25,LEFT_A,4,3307998289966604441,grpc:Council_of_two_bot,MaltheMCTS,2,2,0,2,2,4,
Council_of_two_bot_vs_MaltheMCTS,25,LEFT_B,4,13618641920808106068,MaltheMCTS,grpc:Council_of_two_bot,2,2,0,2,2,4,
Council_of_two_bot_vs_MaltheMCTS,26,LEFT_A,4,14787148673486201782,grpc:Council_of_two_bot,MaltheMCTS,1,3,0,1,3,4,
Council_of_two_bot_vs_MaltheMCTS,26,LEFT_B,4,13137068336562805223,MaltheMCTS,grpc:Council_of_two_bot,2,2,0,2,2,4,
Council_of_two_bot_vs_MaltheMCTS,27,LEFT_A,4,17211623659241917657,grpc:Council_of_two_bot,MaltheMCTS,1,3,0,1,3,4,
Council_of_two_bot_vs_MaltheMCTS,27,LEFT_B,4,9904063515120316548,MaltheMCTS,grpc:Council_of_two_bot,1,3,0,3,1,4,
Council_of_two_bot_vs_MaltheMCTS,28,LEFT_A,4,3277786395772587685,grpc:Council_of_two_bot,MaltheMCTS,1,3,0,1,3,4,
Council_of_two_bot_vs_MaltheMCTS,28,LEFT_B,4,10865257510503397675,MaltheMCTS,grpc:Council_of_two_bot,2,2,0,2,2,4,
Council_of_two_bot_vs_MaltheMCTS,29,LEFT_A,4,12720262624005003051,grpc:Council_of_two_bot,MaltheMCTS,3,1,0,3,1,4,
Council_of_two_bot_vs_MaltheMCTS,29,LEFT_B,4,13684620203696489399,MaltheMCTS,grpc:Council_of_two_bot,1,3,0,3,1,4,
Council_of_two_bot_vs_MaltheMCTS,30,LEFT_A,4,7235733906471824933,grpc:Council_of_two_bot,MaltheMCTS,1,3,0,1,3,4,
Council_of_two_bot_vs_MaltheMCTS,30,LEFT_B,4,3112549694428115611,MaltheMCTS,grpc:Council_of_two_bot,2,2,0,2,2,4,
Council_of_two_bot_vs_MaltheMCTS,31,LEFT_A,4,8583230424047973234,grpc:Council_of_two_bot,MaltheMCTS,3,1,0,3,1,4,
Council_of_two_bot_vs_MaltheMCTS,31,LEFT_B,4,2793784123842420556,MaltheMCTS,grpc:Council_of_two_bot,2,2,0,2,2,4,
Council_of_two_bot_vs_MaltheMCTS,32,LEFT_A,4,6907547560253819360,grpc:Council_of_two_bot,MaltheMCTS,0,4,0,0,4,4,
Council_of_two_bot_vs_MaltheMCTS,32,LEFT_B,4,1325478273778379758,MaltheMCTS,grpc:Council_of_two_bot,0,4,0,4,0,4,
Council_of_two_bot_vs_MaltheMCTS,33,LEFT_A,4,16985020389855232718,grpc:Council_of_two_bot,MaltheMCTS,1,3,0,1,3,4,
Council_of_two_bot_vs_MaltheMCTS,33,LEFT_B,4,17407993276654564729,MaltheMCTS,grpc:Council_of_two_bot,4,0,0,0,4,4,
Council_of_two_bot_vs_MaltheMCTS,34,LEFT_A,4,1276968091189138998,grpc:Council_of_two_bot,MaltheMCTS,3,1,0,3,1,4,
Council_of_two_bot_vs_MaltheMCTS,34,LEFT_B,4,11787670817773741009,MaltheMCTS,grpc:Council_of_two_bot,2,2,0,2,2,4,
Council_of_two_bot_vs_MaltheMCTS,35,LEFT_A,4,6253542630825261335,grpc:Council_of_two_bot,MaltheMCTS,3,1,0,3,1,4,
Council_of_two_bot_vs_MaltheMCTS,35,LEFT_B,4,14785224583036095316,MaltheMCTS,grpc:Council_of_two_bot,2,2,0,2,2,4,
