pair_id,round_idx,side,runs,seed,left,right,p1_wins,p2_wins,draws,mapped_a_wins,mapped_b_wins,games,avg_ms
Council_of_two_bot_vs_ZMyBot,0,LEFT_A,4,15174132121896164102,grpc:Council_of_two_bot,grpc:ZMyBot,4,0,0,4,0,4,
Council_of_two_bot_vs_ZMyBot,0,LEFT_B,4,281885329526441105,grpc:ZMyBot,grpc:Council_of_two_bot,4,0,0,0,4,4,
Council_of_two_bot_vs_ZMyBot,1,LEFT_A,4,17160689605914003180,grpc:Council_of_two_bot,grpc:ZMyBot,4,0,0,4,0,4,
Council_of_two_bot_vs_ZMyBot,1,LEFT_B,4,9095616251320455089,grpc:ZMyBot,grpc:Council_of_two_bot,4,0,0,0,4,4,
Council_of_two_bot_vs_ZMyBot,2,LEFT_A,4,18164187444657187177,grpc:Council_of_two_bot,grpc:ZMyBot,4,0,0,4,0,4,
Council_of_two_bot_vs_ZMyBot,2,LEFT_B,4,14354943666559673363,grpc:ZMyBot,grpc:Council_of_two_bot,4,0,0,0,4,4,
Council_of_two_bot_vs_ZMyBot,3,LEFT_A,4,11332147076254312249,grpc:Council_of_two_bot,grpc:ZMyBot,4,0,0,4,0,4,
Council_of_two_bot_vs_ZMyBot,3,LEFT_B,4,7622655517876110911,grpc:ZMyBot,grpc:Council_of_two_bot,4,0,0,0,4,4,
Council_of_two_bot_vs_ZMyBot,4,LEFT_A,4,9983911060904918468,grpc:Council_of_two_bot,grpc:ZMyBot,4,0,0,4,0,4,
Council_of_two_bot_vs_ZMyBot,4,LEFT_B,4,16005491349790372745,grpc:ZMyBot,grpc:Council_of_two_bot,4,0,0,0,4,4,
Council_of_two_bot_vs_ZMyBot,5,LEFT_A,4,8266911006665550312,grpc:Council_of_two_bot,grpc:ZMyBot,4,0,0,4,0,4,
Council_of_two_bot_vs_ZMyBot,5,LEFT_B,4,553381930270953202,grpc:ZMyBot,grpc:Council_of_two_bot,4,0,0,0,4,4,
Council_of_two_bot_vs_ZMyBot,6,LEFT_A,4,13018715011680084924,grpc:Council_of_two_bot,grpc:ZMyBot,4,0,0,4,0,4,
Council_of_two_bot_vs_ZMyBot,6,LEFT_B,4,14046463081412385538,grpc:ZMyBot,grpc:Council_of_two_bot,4,0,0,0,4,4,
Council_of_two_bot_vs_ZMyBot,7,LEFT_A,4,7463666585588229323,grpc:Council_of_two_bot,grpc:ZMyBot,3,1,0,3,1,4,
Council_of_two_bot_vs_ZMyBot,7,LEFT_B,4,14135969709820322086,grpc:ZMyBot,grpc:Council_of_two_bot,3,1,0,1,3,4,
Council_of_two_bot_vs_ZMyBot,8,LEFT_A,4,16212038235096614029,grpc:Council_of_two_bot,grpc:ZMyBot,4,0,0,4,0,4,
Council_of_two_bot_vs_ZMyBot,8,LEFT_B,4,7079517171516386798,grpc:ZMyBot,grpc:Council_of_two_bot,4,0,0,0,4,4,
Council_of_two_bot_vs_ZMyBot,9,LEFT_A,4,17053796104503824108,grpc:Council_of_two_bot,grpc:ZMyBot,4,0,0,4,0,4,
Council_of_two_bot_vs_ZMyBot,9,LEFT_B,4,4183531743649011274,grpc:ZMyBot,grpc:Council_of_two_bot,4,0,0,0,4,4,
Council_of_two_bot_vs_ZMyBot,10,LEFT_A,4,16012980333652612262,grpc:Council_of_two_bot,grpc:ZMyBot,4,0,0,4,0,4,
Council_of_two_bot_vs_ZMyBot,10,LEFT_B,4,5438280783239761163,grpc:ZMyBot,grpc:Council_of_two_bot,4,0,0,0,4,4,
Council_of_two_bot_vs_ZMyBot,11,LEFT_A,4,1489282108395247489,grpc:Council_of_two_bot,grpc:ZMyBot,3,1,0,3,1,4,
Council_of_two_bot_vs_ZMyBot,11,LEFT_B,4,15503484694132564626,grpc:ZMyBot,grpc:Council_of_two_bot,4,0,0,0,4,4,
Council_of_two_bot_vs_ZMyBot,12,LEFT_A,4,6343746340392266916,grpc:Council_of_two_bot,grpc:ZMyBot,4,0,0,4,0,4,
Council_of_two_bot_vs_ZMyBot,12,LEFT_B,4,6481588432289689638,grpc:ZMyBot,grpc:Council_of_two_bot,4,0,0,0,4,4,
Council_of_two_bot_vs_ZMyBot,13,LEFT_A,4,1208545623942974236,grpc:Council_of_two_bot,grpc:ZMyBot,4,0,0,4,0,4,
Council_of_two_bot_vs_ZMyBot,13,LEFT_B,4,4673500252878453758,grpc:ZMyBot,grpc:Council_of_two_bot,4,0,0,0,4,4,
Council_of_two_bot_vs_ZMyBot,14,LEFT_A,4,15789970903105841815,grpc:Council_of_two_bot,grpc:ZMyBot,4,0,0,4,0,4,
Council_of_two_bot_vs_ZMyBot,14,LEFT_B,4,1579542097415218743,grpc:ZMyBot,grpc:Council_of_two_bot,4,0,0,0,4,4,
Council_of_two_bot_vs_ZMyBot,15,LEFT_A,4,14497272817346655369,grpc:Council_of_two_bot,grpc:ZMyBot,4,0,0,4,0,4,
Council_of_two_bot_vs_ZMyBot,15,LEFT_B,4,10147070920558489014,grpc:ZMyBot,grpc:Council_of_two_bot,4,0,0,0,4,4,
Council_of_two_bot_vs_ZMyBot,16,LEFT_A,4,9693750567464566584,grpc:Council_of_two_bot,grpc:ZMyBot,4,0,0,4,0,4,
Council_of_two_bot_vs_ZMyBot,16,LEFT_B,4,7542023744197421547,grpc:ZMyBot,grpc:Council_of_two_bot,4,0,0,0,4,4,
Council_of_two_bot_vs_ZMyBot,17,LEFT_A,4,8340345918560880789,grpc:Council_of_two_bot,grpc:ZMyBot,4,0,0,4,0,4,
Council_of_two_bot_vs_ZMyBot,17,LEFT_B,4,11299723108399366726,grpc:ZMyBot,grpc:Council_of_two_bot,4,0,0,0,4,4,
Council_of_two_bot_vs_ZMyBot,18,LEFT_A,4,2373458166256389325,grpc:Council_of_two_bot,grpc:ZMyBot,4,0,0,4,0,4,
Council_of_two_bot_vs_ZMyBot,18,LEFT_B,4,4441580261680055763,grpc:ZMyBot,grpc:Council_of_two_bot,4,0,0,0,4,4,
Council_of_two_bot_vs_ZMyBot,19,LEFT_A,4,12635264957245870533,grpc:Council_of_two_bot,grpc:ZMyBot,4,0,0,4,0,4,
Council_of_two_bot_vs_ZMyBot,19,LEFT_B,4,5292807570818847731,grpc:ZMyBot,grpc:Council_of_two_bot,4,0,0,0,4,4,
Council_of_two_bot_vs_ZMyBot,20,LEFT_A,4,8603037619073105375,grpc:Council_of_two_bot,grpc:ZMyBot,4,0,0,4,0,4,
Council_of_two_bot_vs_ZMyBot,20,LEFT_B,4,9090339813617944113,grpc:ZMyBot,grpc:Council_of_two_bot,4,0,0,0,4,4,
Council_of_two_bot_vs_ZMyBot,21,LEFT_A,4,5681070292740682893,grpc:Council_of_two_bot,grpc:ZMyBot,4,0,0,4,0,4,
Council_of_two_bot_vs_ZMyBot,21,LEFT_B,4,7195398908992926090,grpc:ZMyBot,grpc:Council_of_two_bot,4,0,0,0,4,4,
Council_of_two_bot_vs_ZMyBot,22,LEFT_A,4,7119015890739697372,grpc:Council_of_two_bot,grpc:ZMyBot,4,0,0,4,0,4,
Council_of_two_bot_vs_ZMyBot,22,LEFT_B,4,5052934160280992242,grpc:ZMyBot,grpc:Council_of_two_bot,4,0,0,0,4,4,
Council_of_two_bot_vs_ZMyBot,23,LEFT_A,4,16051917095286028483,grpc:Council_of_two_bot,grpc:ZMyBot,3,1,0,3,1,4,
Council_of_two_bot_vs_ZMyBot,23,LEFT_B,4,4969198951767511501,grpc:ZMyBot,grpc:Council_of_two_bot,4,0,0,0,4,4,
Council_of_two_bot_vs_ZMyBot,24,LEFT_A,4,10860162530296729577,grpc:Council_of_two_bot,grpc:ZMyBot,3,1,0,3,1,4,
Council_of_two_bot_vs_ZMyBot,24,LEFT_B,4,7887461338435656029,grpc:ZMyBot,grpc:Council_of_two_bot,4,0,0,0,4,4,
Council_of_two_bot_vs_ZMyBot,25,LEFT_A,4,8602811682088722875,grpc:Council_of_two_bot,grpc:ZMyBot,4,0,0,4,0,4,
Council_of_two_bot_vs_ZMyBot,25,LEFT_B,4,14894306427938271075,grpc:ZMyBot,grpc:Council_of_two_bot,4,0,0,0,4,4,
Council_of_two_bot_vs_ZMyBot,26,LEFT_A,4,12689432339351533461,grpc:Council_of_two_bot,grpc:ZMyBot,4,0,0,4,0,4,
Council_of_two_bot_vs_ZMyBot,26,LEFT_B,4,18091307793632181165,grpc:ZMyBot,grpc:Council_of_two_bot,4,0,0,0,4,4,
Council_of_two_bot_vs_ZMyBot,27,LEFT_A,4,14146014939388346285,grpc:Council_of_two_bot,grpc:ZMyBot,4,0,0,4,0,4,
Council_of_two_bot_vs_ZMyBot,27,LEFT_B,4,17229685121714858316,grpc:ZMyBot,grpc:Council_of_two_bot,4,0,0,0,4,4,
Council_of_two_bot_vs_ZMyBot,28,LEFT_A,4,7743004948039296297,grpc:Council_of_two_bot,grpc:ZMyBot,4,0,0,4,0,4,
Council_of_two_bot_vs_ZMyBot,28,LEFT_B,4,17892928438749638723,grpc:ZMyBot,grpc:Council_of_two_bot,4,0,0,0,4,4,
Council_of_two_bot_vs_ZMyBot,29,LEFT_A,4,13253462566200678809,grpc:Council_of_two_bot,grpc:ZMyBot,3,1,0,3,1,4,
Council_of_two_bot_vs_ZMyBot,29,LEFT_B,4,5763442449991647515,grpc:ZMyBot,grpc:Council_of_two_bot,4,0,0,0,4,4,
Council_of_two_bot_vs_ZMyBot,30,LEFT_A,4,17854857191100694557,grpc:Council_of_two_bot,grpc:ZMyBot,4,0,0,4,0,4,
Council_of_two_bot_vs_ZMyBot,30,LEFT_B,4,17250494436530507137,grpc:ZMyBot,grpc:Council_of_two_bot,4,0,0,0,4,4,
Council_of_two_bot_vs_ZMyBot,31,LEFT_A,4,17655488132965671129,grpc:Council_of_two_bot,grpc:ZMyBot,4,0,0,4,0,4,
Council_of_two_bot_vs_ZMyBot,31,LEFT_B,4,13167799309299180678,grpc:ZMyBot,grpc:Council_of_two_bot,4,0,0,0,4,4,
Council_of_two_bot_vs_ZMyBot,32,LEFT_A,4,11551171394679023813,grpc:Council_of_two_bot,grpc:ZMyBot,3,1,0,3,1,4,
Council_of_two_bot_vs_ZMyBot,32,LEFT_B,4,282622546627511740,grpc:ZMyBot,grpc:Council_of_two_bot,4,0,0,0,4,4,
Council_of_two_bot_vs_ZMyBot,33,LEFT_A,4,11430852756925122032,grpc:Council_of_two_bot,grpc:ZMyBot,3,1,0,3,1,4,
Council_of_two_bot_vs_ZMyBot,33,LEFT_B,4,5593841095233304855,grpc:ZMyBot,grpc:Council_of_two_bot,4,0,0,0,4,4,
Council_of_two_bot_vs_ZMyBot,34,LEFT_A,4,16168513347893523879,grpc:Council_of_two_bot,grpc:ZMyBot,4,0,0,4,0,4,
Council_of_two_bot_vs_ZMyBot,34,LEFT_B,4,2965485087451287663,grpc:ZMyBot,grpc:Council_of_two_bot,3,1,0,1,3,4,
Council_of_two_bot_vs_ZMyBot,35,LEFT_A,4,7900655590767555866,grpc:Council_of_two_bot,grpc:ZMyBot,0,0,0,0,0,0,
Council_of_two_bot_vs_ZMyBot,35,LEFT_B,4,15376709015864045362,grpc:ZMyBot,grpc:Council_of_two_bot,0,0,0,0,0,0,
