pair_id,round_idx,side,runs,seed,left,right,p1_wins,p2_wins,draws,mapped_a_wins,mapped_b_wins,games,avg_ms
Council_of_two_bot_vs_Nangert_submission_v4,0,LEFT_A,4,14033467202387014472,grpc:Council_of_two_bot,grpc:Nangert_submission_v4,3,1,0,3,1,4,
Council_of_two_bot_vs_Nangert_submission_v4,0,LEFT_B,4,4975635169500694612,grpc:Nangert_submission_v4,grpc:Council_of_two_bot,2,2,0,2,2,4,
Council_of_two_bot_vs_Nangert_submission_v4,1,LEFT_A,4,16994739237721289076,grpc:Council_of_two_bot,grpc:Nangert_submission_v4,3,1,0,3,1,4,
Council_of_two_bot_vs_Nangert_submission_v4,1,LEFT_B,4,1389115420701771409,grpc:Nangert_submission_v4,grpc:Council_of_two_bot,3,1,0,1,3,4,
Council_of_two_bot_vs_Nangert_submission_v4,2,LEFT_A,4,6612413754223309251,grpc:Council_of_two_bot,grpc:Nangert_submission_v4,1,3,0,1,3,4,
Council_of_two_bot_vs_Nangert_submission_v4,2,LEFT_B,4,10533772951017325144,grpc:Nangert_submission_v4,grpc:Council_of_two_bot,2,2,0,2,2,4,
Council_of_two_bot_vs_Nangert_submission_v4,3,LEFT_A,4,13588369279199338123,grpc:Council_of_two_bot,grpc:Nangert_submission_v4,3,1,0,3,1,4,
Council_of_two_bot_vs_Nangert_submission_v4,3,LEFT_B,4,10861918480494365723,grpc:Nangert_submission_v4,grpc:Council_of_two_bot,3,1,0,1,3,4,
Council_of_two_bot_vs_Nangert_submission_v4,4,LEFT_A,4,15743988692847885848,grpc:Council_of_two_bot,grpc:Nangert_submission_v4,3,1,0,3,1,4,
Council_of_two_bot_vs_Nangert_submission_v4,4,LEFT_B,4,11133177978506617413,grpc:Nangert_submission_v4,grpc:Council_of_two_bot,2,2,0,2,2,4,
Council_of_two_bot_vs_Nangert_submission_v4,5,LEFT_A,4,4577466532795463573,grpc:Council_of_two_bot,grpc:Nangert_submission_v4,2,2,0,2,2,4,
Council_of_two_bot_vs_Nangert_submission_v4,5,LEFT_B,4,9712706453854404422,grpc:Nangert_submission_v4,grpc:Council_of_two_bot,1,3,0,3,1,4,
Council_of_two_bot_vs_Nangert_submission_v4,6,LEFT_A,4,15608225524966555062,grpc:Council_of_two_bot,grpc:Nangert_submission_v4,3,1,0,3,1,4,
Council_of_two_bot_vs_Nangert_submission_v4,6,LEFT_B,4,6659682548074390785,grpc:Nangert_submission_v4,grpc:Council_of_two_bot,2,2,0,2,2,4,
Council_of_two_bot_vs_Nangert_submission_v4,7,LEFT_A,4,239848039464521323,grpc:Council_of_two_bot,grpc:Nangert_submission_v4,4,0,0,4,0,4,
Council_of_two_bot_vs_Nangert_submission_v4,7,LEFT_B,4,15284567153345786101,grpc:Nangert_submission_v4,grpc:Council_of_two_bot,2,2,0,2,2,4,
Council_of_two_bot_vs_Nangert_submission_v4,8,LEFT_A,4,8887464755388723922,grpc:Council_of_two_bot,grpc:Nangert_submission_v4,4,0,0,4,0,4,
Council_of_two_bot_vs_Nangert_submission_v4,8,LEFT_B,4,13063040999026879665,grpc:Nangert_submission_v4,grpc:Council_of_two_bot,1,3,0,3,1,4,
Council_of_two_bot_vs_Nangert_submission_v4,9,LEFT_A,4,15174640887506144028,grpc:Council_of_two_bot,grpc:Nangert_submission_v4,4,0,0,4,0,4,
Council_of_two_bot_vs_Nangert_submission_v4,9,LEFT_B,4,2910561448048008151,grpc:Nangert_submission_v4,grpc:Council_of_two_bot,3,1,0,1,3,4,
Council_of_two_bot_vs_Nangert_submission_v4,10,LEFT_A,4,15649274353999624133,grpc:Council_of_two_bot,grpc:Nangert_submission_v4,4,0,0,4,0,4,
Council_of_two_bot_vs_Nangert_submission_v4,10,LEFT_B,4,1906630861446007887,grpc:Nangert_submission_v4,grpc:Council_of_two_bot,2,2,0,2,2,4,
Council_of_two_bot_vs_Nangert_submission_v4,11,LEFT_A,4,13303511950170263500,grpc:Council_of_two_bot,grpc:Nangert_submission_v4,4,0,0,4,0,4,
Council_of_two_bot_vs_Nangert_submission_v4,11,LEFT_B,4,15636430723328619430,grpc:Nangert_submission_v4,grpc:Council_of_two_bot,3,1,0,1,3,4,
Council_of_two_bot_vs_Nangert_submission_v4,12,LEFT_A,4,17760793602718689944,grpc:Council_of_two_bot,grpc:Nangert_submission_v4,3,1,0,3,1,4,
Council_of_two_bot_vs_Nangert_submission_v4,12,LEFT_B,4,16686193614125439428,grpc:Nangert_submission_v4,grpc:Council_of_two_bot,2,2,0,2,2,4,
Council_of_two_bot_vs_Nangert_submission_v4,13,LEFT_A,4,15957676973295683937,grpc:Council_of_two_bot,grpc:Nangert_submission_v4,3,1,0,3,1,4,
Council_of_two_bot_vs_Nangert_submission_v4,13,LEFT_B,4,9289828052270876427,grpc:Nangert_submission_v4,grpc:Council_of_two_bot,3,1,0,1,3,4,
Council_of_two_bot_vs_Nangert_submission_v4,14,LEFT_A,4,7215118886554888636,grpc:Council_of_two_bot,grpc:Nangert_submission_v4,4,0,0,4,0,4,
Council_of_two_bot_vs_Nangert_submission_v4,14,LEFT_B,4,7147011963697887714,grpc:Nangert_submission_v4,grpc:Council_of_two_bot,2,2,0,2,2,4,
Council_of_two_bot_vs_Nangert_submission_v4,15,LEFT_A,4,4879740503741108350,grpc:Council_of_two_bot,grpc:Nangert_submission_v4,4,0,0,4,0,4,
Council_of_two_bot_vs_Nangert_submission_v4,15,LEFT_B,4,16250737938002114875,grpc:Nangert_submission_v4,grpc:Council_of_two_bot,2,2,0,2,2,4,
Council_of_two_bot_vs_Nangert_submission_v4,16,LEFT_A,4,10803049243070200320,grpc:Council_of_two_bot,grpc:Nangert_submission_v4,3,1,0,3,1,4,
Council_of_two_bot_vs_Nangert_submission_v4,16,LEFT_B,4,17655958616932090216,grpc:Nangert_submission_v4,grpc:Council_of_two_bot,2,2,0,2,2,4,
Council_of_two_bot_vs_Nangert_submission_v4,17,LEFT_A,4,16880279208503246171,grpc:Council_of_two_bot,grpc:Nangert_submission_v4,4,0,0,4,0,4,
Council_of_two_bot_vs_Nangert_submission_v4,17,LEFT_B,4,680167718586775861,grpc:Nangert_submission_v4,grpc:Council_of_two_bot,0,4,0,4,0,4,
Council_of_two_bot_vs_Nangert_submission_v4,18,LEFT_A,4,8486367104033391029,grpc:Council_of_two_bot,grpc:Nangert_submission_v4,2,2,0,2,2,4,
Council_of_two_bot_vs_Nangert_submission_v4,18,LEFT_B,4,10866613376867854292,grpc:Nangert_submission_v4,grpc:Council_of_two_bot,2,2,0,2,2,4,
Council_of_two_bot_vs_Nangert_submission_v4,19,LEFT_A,4,3321013429470528794,grpc:Council_of_two_bot,grpc:Nangert_submission_v4,2,2,0,2,2,4,
Council_of_two_bot_vs_Nangert_submission_v4,19,LEFT_B,4,1867817009465556981,grpc:Nangert_submission_v4,grpc:Council_of_two_bot,4,0,0,0,4,4,
Council_of_two_bot_vs_Nangert_submission_v4,20,LEFT_A,4,17804134929788173145,grpc:Council_of_two_bot,grpc:Nangert_submission_v4,3,1,0,3,1,4,
Council_of_two_bot_vs_Nangert_submission_v4,20,LEFT_B,4,9615829050881843673,grpc:Nangert_submission_v4,grpc:Council_of_two_bot,1,3,0,3,1,4,
Council_of_two_bot_vs_Nangert_submission_v4,21,LEFT_A,4,1633030475576234907,grpc:Council_of_two_bot,grpc:Nangert_submission_v4,2,2,0,2,2,4,
Council_of_two_bot_vs_Nangert_submission_v4,21,LEFT_B,4,23387298373113442,grpc:Nangert_submission_v4,grpc:Council_of_two_bot,1,3,0,3,1,4,
Council_of_two_bot_vs_Nangert_submission_v4,22,LEFT_A,4,17878018640669685848,grpc:Council_of_two_bot,grpc:Nangert_submission_v4,4,0,0,4,0,4,
Council_of_two_bot_vs_Nangert_submission_v4,22,LEFT_B,4,118801194260788711,grpc:Nangert_submission_v4,grpc:Council_of_two_bot,3,1,0,1,3,4,
Council_of_two_bot_vs_Nangert_submission_v4,23,LEFT_A,4,18295526913020685336,grpc:Council_of_two_bot,grpc:Nangert_submission_v4,2,2,0,2,2,4,
Council_of_two_bot_vs_Nangert_submission_v4,23,LEFT_B,4,17152928874855830782,grpc:Nangert_submission_v4,grpc:Council_of_two_bot,3,1,0,1,3,4,
Council_of_two_bot_vs_Nangert_submission_v4,24,LEFT_A,4,9053837664993946862,grpc:Council_of_two_bot,grpc:Nangert_submission_v4,4,0,0,4,0,4,
Council_of_two_bot_vs_Nangert_submission_v4,24,LEFT_B,4,14700919230577193924,grpc:Nangert_submission_v4,grpc:Council_of_two_bot,2,2,0,2,2,4,
Council_of_two_bot_vs_Nangert_submission_v4,25,LEFT_A,4,17855451799489263279,grpc:Council_of_two_bot,grpc:Nangert_submission_v4,4,0,0,4,0,4,
Council_of_two_bot_vs_Nangert_submission_v4,25,LEFT_B,4,14510952429436711483,grpc:Nangert_submission_v4,grpc:Council_of_two_bot,2,2,0,2,2,4,
Council_of_two_bot_vs_Nangert_submission_v4,26,LEFT_A,4,9660054113154754242,grpc:Council_of_two_bot,grpc:Nangert_submission_v4,2,2,0,2,2,4,
Council_of_two_bot_vs_Nangert_submission_v4,26,LEFT_B,4,14403175124194098250,grpc:Nangert_submission_v4,grpc:Council_of_two_bot,3,1,0,1,3,4,
Council_of_two_bot_vs_Nangert_submission_v4,27,LEFT_A,4,12590903163693416023,grpc:Council_of_two_bot,grpc:Nangert_submission_v4,2,2,0,2,2,4,
Council_of_two_bot_vs_Nangert_submission_v4,27,LEFT_B,4,2697878253291027252,grpc:Nangert_submission_v4,grpc:Council_of_two_bot,3,1,0,1,3,4,
Council_of_two_bot_vs_Nangert_submission_v4,28,LEFT_A,4,16731939402455002898,grpc:Council_of_two_bot,grpc:Nangert_submission_v4,4,0,0,4,0,4,
Council_of_two_bot_vs_Nangert_submission_v4,28,LEFT_B,4,12358081740625961761,grpc:Nangert_submission_v4,grpc:Council_of_two_bot,2,2,0,2,2,4,
Council_of_two_bot_vs_Nangert_submission_v4,29,LEFT_A,4,17659884396538891047,grpc:Council_of_two_bot,grpc:Nangert_submission_v4,3,1,0,3,1,4,
Council_of_two_bot_vs_Nangert_submission_v4,29,LEFT_B,4,4320753364025119530,grpc:Nangert_submission_v4,grpc:Council_of_two_bot,2,2,0,2,2,4,
Council_of_two_bot_vs_Nangert_submission_v4,30,LEFT_A,4,9006051555175651322,grpc:Council_of_two_bot,grpc:Nangert_submission_v4,3,1,0,3,1,4,
Council_of_two_bot_vs_Nangert_submission_v4,30,LEFT_B,4,10009810066219805819,grpc:Nangert_submission_v4,grpc:Council_of_two_bot,3,1,0,1,3,4,
Council_of_two_bot_vs_Nangert_submission_v4,31,LEFT_A,4,8228957881567598546,grpc:Council_of_two_bot,grpc:Nangert_submission_v4,3,1,0,3,1,4,
Council_of_two_bot_vs_Nangert_submission_v4,31,LEFT_B,4,18079958740703139085,grpc:Nangert_submission_v4,grpc:Council_of_two_bot,3,1,0,1,3,4,
Council_of_two_bot_vs_Nangert_submission_v4,32,LEFT_A,4,11769748112896297877,grpc:Council_of_two_bot,grpc:Nangert_submission_v4,4,0,0,4,0,4,
Council_of_two_bot_vs_Nangert_submission_v4,32,LEFT_B,4,3133027827513683578,grpc:Nangert_submission_v4,grpc:Council_of_two_bot,1,3,0,3,1,4,
Council_of_two_bot_vs_Nangert_submission_v4,33,LEFT_A,4,18278704237945201368,grpc:Council_of_two_bot,grpc:Nangert_submission_v4,3,1,0,3,1,4,
Council_of_two_bot_vs_Nangert_submission_v4,33,LEFT_B,4,1558656300756771469,grpc:Nangert_submission_v4,grpc:Council_of_two_bot,1,3,0,3,1,4,
Council_of_two_bot_vs_Nangert_submission_v4,34,LEFT_A,4,11486231741764612116,grpc:Council_of_two_bot,grpc:Nangert_submission_v4,0,0,0,0,0,0,
Council_of_two_bot_vs_Nangert_submission_v4,34,LEFT_B,4,7286417468217127677,grpc:Nangert_submission_v4,grpc:Council_of_two_bot,1,3,0,3,1,4,
Council_of_two_bot_vs_Nangert_submission_v4,35,LEFT_A,4,2334423301006843838,grpc:Council_of_two_bot,grpc:Nangert_submission_v4,2,2,0,2,2,4,
Council_of_two_bot_vs_Nangert_submission_v4,35,LEFT_B,4,6209018644420723792,grpc:Nangert_submission_v4,grpc:Council_of_two_bot,0,0,0,0,0,0,
