pair_id,round_idx,side,runs,seed,left,right,p1_wins,p2_wins,draws,mapped_a_wins,mapped_b_wins,games,avg_ms
Council_of_two_bot_vs_Sakkirina,0,LEFT_A,4,11199122606502799071,grpc:Council_of_two_bot,Sakkirina,0,4,0,0,4,4,
Council_of_two_bot_vs_Sakkirina,0,LEFT_B,4,5523986443944009792,Sakkirina,grpc:Council_of_two_bot,3,1,0,1,3,4,
Council_of_two_bot_vs_Sakkirina,1,LEFT_A,4,8047509744772042146,grpc:Council_of_two_bot,Sakkirina,0,4,0,0,4,4,
Council_of_two_bot_vs_Sakkirina,1,LEFT_B,4,5884258283339320364,Sakkirina,grpc:Council_of_two_bot,4,0,0,0,4,4,
Council_of_two_bot_vs_Sakkirina,2,LEFT_A,4,4052875382121493231,grpc:Council_of_two_bot,Sakkirina,0,4,0,0,4,4,
Council_of_two_bot_vs_Sakkirina,2,LEFT_B,4,3105839980079681274,Sakkirina,grpc:Council_of_two_bot,4,0,0,0,4,4,
Council_of_two_bot_vs_Sakkirina,3,LEFT_A,4,5740379351414529500,grpc:Council_of_two_bot,Sakkirina,0,4,0,0,4,4,
Council_of_two_bot_vs_Sakkirina,3,LEFT_B,4,14630359765946995994,Sakkirina,grpc:Council_of_two_bot,4,0,0,0,4,4,
Council_of_two_bot_vs_Sakkirina,4,LEFT_A,4,832604563324873109,grpc:Council_of_two_bot,Sakkirina,0,4,0,0,4,4,
Council_of_two_bot_vs_Sakkirina,4,LEFT_B,4,10580062481890737296,Sakkirina,grpc:Council_of_two_bot,4,0,0,0,4,4,
Council_of_two_bot_vs_Sakkirina,5,LEFT_A,4,4008009177346711354,grpc:Council_of_two_bot,Sakkirina,0,4,0,0,4,4,
Council_of_two_bot_vs_Sakkirina,5,LEFT_B,4,13757051328944094650,Sakkirina,grpc:Council_of_two_bot,4,0,0,0,4,4,
Council_of_two_bot_vs_Sakkirina,6,LEFT_A,4,16624054578750281070,grpc:Council_of_two_bot,Sakkirina,1,3,0,1,3,4,
Council_of_two_bot_vs_Sakkirina,6,LEFT_B,4,2380421867755876711,Sakkirina,grpc:Council_of_two_bot,4,0,0,0,4,4,
Council_of_two_bot_vs_Sakkirina,7,LEFT_A,4,16252537532369225428,grpc:Council_of_two_bot,Sakkirina,0,4,0,0,4,4,
Council_of_two_bot_vs_Sakkirina,7,LEFT_B,4,2102172861845520649,Sakkirina,grpc:Council_of_two_bot,4,0,0,0,4,4,
Council_of_two_bot_vs_Sakkirina,8,LEFT_A,4,10586325573578655245,grpc:Council_of_two_bot,Sakkirina,0,4,0,0,4,4,
Council_of_two_bot_vs_Sakkirina,8,LEFT_B,4,6442674048284631648,Sakkirina,grpc:Council_of_two_bot,4,0,0,0,4,4,
Council_of_two_bot_vs_Sakkirina,9,LEFT_A,4,15190223824860070485,grpc:Council_of_two_bot,Sakkirina,0,4,0,0,4,4,
Council_of_two_bot_vs_Sakkirina,9,LEFT_B,4,8051155562262515901,Sakkirina,grpc:Council_of_two_bot,4,0,0,0,4,4,
Council_of_two_bot_vs_Sakkirina,10,LEFT_A,4,6280378823655680768,grpc:Council_of_two_bot,Sakkirina,1,3,0,1,3,4,
Council_of_two_bot_vs_Sakkirina,10,LEFT_B,4,17867456276019166362,Sakkirina,grpc:Council_of_two_bot,4,0,0,0,4,4,
Council_of_two_bot_vs_Sakkirina,11,LEFT_A,4,7948378231444780246,grpc:Council_of_two_bot,Sakkirina,0,4,0,0,4,4,
Council_of_two_bot_vs_Sakkirina,11,LEFT_B,4,12454270281238609544,Sakkirina,grpc:Council_of_two_bot,4,0,0,0,4,4,
Council_of_two_bot_vs_Sakkirina,12,LEFT_A,4,818671018445117499,grpc:Council_of_two_bot,Sakkirina,1,3,0,1,3,4,
Council_of_two_bot_vs_Sakkirina,12,LEFT_B,4,12722160418300143769,Sakkirina,grpc:Council_of_two_bot,3,1,0,1,3,4,
Council_of_two_bot_vs_Sakkirina,13,LEFT_A,4,14935863888469033925,grpc:Council_of_two_bot,Sakkirina,1,3,0,1,3,4,
Council_of_two_bot_vs_Sakkirina,13,LEFT_B,4,10833242110838904350,Sakkirina,grpc:Council_of_two_bot,4,0,0,0,4,4,
Council_of_two_bot_vs_Sakkirina,14,LEFT_A,4,14458854967007017612,grpc:Council_of_two_bot,Sakkirina,0,4,0,0,4,4,
Council_of_two_bot_vs_Sakkirina,14,LEFT_B,4,12686177708378318731,Sakkirina,grpc:Council_of_two_bot,4,0,0,0,4,4,
Council_of_two_bot_vs_Sakkirina,15,LEFT_A,4,4259975474353753052,grpc:Council_of_two_bot,Sakkirina,0,4,0,0,4,4,
Council_of_two_bot_vs_Sakkirina,15,LEFT_B,4,15073419321713663522,Sakkirina,grpc:Council_of_two_bot,4,0,0,0,4,4,
Council_of_two_bot_vs_Sakkirina,16,LEFT_A,4,17176657330352523845,grpc:Council_of_two_bot,Sakkirina,0,4,0,0,4,4,
Council_of_two_bot_vs_Sakkirina,16,LEFT_B,4,17659115781880741650,Sakkirina,grpc:Council_of_two_bot,4,0,0,0,4,4,
Council_of_two_bot_vs_Sakkirina,17,LEFT_A,4,9544116501743489325,grpc:Council_of_two_bot,Sakkirina,0,4,0,0,4,4,
Council_of_two_bot_vs_Sakkirina,17,LEFT_B,4,6326664929014308701,Sakkirina,grpc:Council_of_two_bot,4,0,0,0,4,4,
Council_of_two_bot_vs_Sakkirina,18,LEFT_A,4,13707673900871742107,grpc:Council_of_two_bot,Sakkirina,1,3,0,1,3,4,
Council_of_two_bot_vs_Sakkirina,18,LEFT_B,4,8875522325601876634,Sakkirina,grpc:Council_of_two_bot,3,1,0,1,3,4,
Council_of_two_bot_vs_Sakkirina,19,LEFT_A,4,1983642518607708316,grpc:Council_of_two_bot,Sakkirina,0,4,0,0,4,4,
Council_of_two_bot_vs_Sakkirina,19,LEFT_B,4,7391641319238624587,Sakkirina,grpc:Council_of_two_bot,4,0,0,0,4,4,
Council_of_two_bot_vs_Sakkirina,20,LEFT_A,4,7197873463546702716,grpc:Council_of_two_bot,Sakkirina,0,4,0,0,4,4,
Council_of_two_bot_vs_Sakkirina,20,LEFT_B,4,7889550630626966228,Sakkirina,grpc:Council_of_two_bot,4,0,0,0,4,4,
Council_of_two_bot_vs_Sakkirina,21,LEFT_A,4,16556180675301406714,grpc:Council_of_two_bot,Sakkirina,0,4,0,0,4,4,
Council_of_two_bot_vs_Sakkirina,21,LEFT_B,4,5138643657084961767,Sakkirina,grpc:Council_of_two_bot,4,0,0,0,4,4,
Council_of_two_bot_vs_Sakkirina,22,LEFT_A,4,14579204919585657729,grpc:Council_of_two_bot,Sakkirina,0,4,0,0,4,4,
Council_of_two_bot_vs_Sakkirina,22,LEFT_B,4,11928636328532119177,Sakkirina,grpc:Council_of_two_bot,3,1,0,1,3,4,
Council_of_two_bot_vs_Sakkirina,23,LEFT_A,4,10041167633817616597,grpc:Council_of_two_bot,Sakkirina,0,4,0,0,4,4,
Council_of_two_bot_vs_Sakkirina,23,LEFT_B,4,2744376952178997741,Sakkirina,grpc:Council_of_two_bot,4,0,0,0,4,4,
Council_of_two_bot_vs_Sakkirina,24,LEFT_A,4,7261829039965967377,grpc:Council_of_two_bot,Sakkirina,1,3,0,1,3,4,
Council_of_two_bot_vs_Sakkirina,24,LEFT_B,4,10127556959355949633,Sakkirina,grpc:Council_of_two_bot,4,0,0,0,4,4,
Council_of_two_bot_vs_Sakkirina,25,LEFT_A,4,14815191566670562754,grpc:Council_of_two_bot,Sakkirina,0,4,0,0,4,4,
Council_of_two_bot_vs_Sakkirina,25,LEFT_B,4,2460401727794525456,Sakkirina,grpc:Council_of_two_bot,4,0,0,0,4,4,
Council_of_two_bot_vs_Sakkirina,26,LEFT_A,4,1378241319113802834,grpc:Council_of_two_bot,Sakkirina,0,4,0,0,4,4,
Council_of_two_bot_vs_Sakkirina,26,LEFT_B,4,878608602581353092,Sakkirina,grpc:Council_of_two_bot,4,0,0,0,4,4,
Council_of_two_bot_vs_Sakkirina,27,LEFT_A,4,7856653795214940360,grpc:Council_of_two_bot,Sakkirina,1,3,0,1,3,4,
Council_of_two_bot_vs_Sakkirina,27,LEFT_B,4,17345713285171799359,Sakkirina,grpc:Council_of_two_bot,4,0,0,0,4,4,
Council_of_two_bot_vs_Sakkirina,28,LEFT_A,4,4893928420501345477,grpc:Council_of_two_bot,Sakkirina,0,4,0,0,4,4,
Council_of_two_bot_vs_Sakkirina,28,LEFT_B,4,17796482617428191938,Sakkirina,grpc:Council_of_two_bot,3,1,0,1,3,4,
Council_of_two_bot_vs_Sakkirina,29,LEFT_A,4,18182260283566779361,grpc:Council_of_two_bot,Sakkirina,1,3,0,1,3,4,
Council_of_two_bot_vs_Sakkirina,29,LEFT_B,4,2642237930322554489,Sakkirina,grpc:Council_of_two_bot,4,0,0,0,4,4,
Council_of_two_bot_vs_Sakkirina,30,LEFT_A,4,8407958918891264878,grpc:Council_of_two_bot,Sakkirina,1,3,0,1,3,4,
Council_of_two_bot_vs_Sakkirina,30,LEFT_B,4,14264919357157529766,Sakkirina,grpc:Council_of_two_bot,4,0,0,0,4,4,
Council_of_two_bot_vs_Sakkirina,31,LEFT_A,4,92988099143790124,grpc:Council_of_two_bot,Sakkirina,0,4,0,0,4,4,
Council_of_two_bot_vs_Sakkirina,31,LEFT_B,4,8855892921911997557,Sakkirina,grpc:Council_of_two_bot,4,0,0,0,4,4,
Council_of_two_bot_vs_Sakkirina,32,LEFT_A,4,14441084638968908043,grpc:Council_of_two_bot,Sakkirina,0,4,0,0,4,4,
Council_of_two_bot_vs_Sakkirina,32,LEFT_B,4,11307928891529847625,Sakkirina,grpc:Council_of_two_bot,4,0,0,0,4,4,
Council_of_two_bot_vs_Sakkirina,33,LEFT_A,4,3942939322917098888,grpc:Council_of_two_bot,Sakkirina,0,4,0,0,4,4,
Council_of_two_bot_vs_Sakkirina,33,LEFT_B,4,7318707859712102324,Sakkirina,grpc:Council_of_two_bot,4,0,0,0,4,4,
Council_of_two_bot_vs_Sakkirina,34,LEFT_A,4,17094441488929719825,grpc:Council_of_two_bot,Sakkirina,0,4,0,0,4,4,
Council_of_two_bot_vs_Sakkirina,34,LEFT_B,4,5572180835414900037,Sakkirina,grpc:Council_of_two_bot,3,1,0,1,3,4,
Council_of_two_bot_vs_Sakkirina,35,LEFT_A,4,9036822176492485245,grpc:Council_of_two_bot,Sakkirina,0,4,0,0,4,4,
Council_of_two_bot_vs_Sakkirina,35,LEFT_B,4,2657145896924132224,Sakkirina,grpc:Council_of_two_bot,4,0,0,0,4,4,
