pair_id,round_idx,side,runs,seed,left,right,p1_wins,p2_wins,draws,mapped_a_wins,mapped_b_wins,games,avg_ms
Council_of_two_bot_vs_HQL_Plus_BOT,0,LEFT_A,4,3947433002350263863,grpc:Council_of_two_bot,HQL_Plus_BOT,1,3,0,1,3,4,
Council_of_two_bot_vs_HQL_Plus_BOT,0,LEFT_B,4,3462917484295834845,HQL_Plus_BOT,grpc:Council_of_two_bot,4,0,0,0,4,4,
Council_of_two_bot_vs_HQL_Plus_BOT,1,LEFT_A,4,2873255850784532286,grpc:Council_of_two_bot,HQL_Plus_BOT,0,4,0,0,4,4,
Council_of_two_bot_vs_HQL_Plus_BOT,1,LEFT_B,4,4193851862622229171,HQL_Plus_BOT,grpc:Council_of_two_bot,4,0,0,0,4,4,
Council_of_two_bot_vs_HQL_Plus_BOT,2,LEFT_A,4,12921744128689451720,grpc:Council_of_two_bot,HQL_Plus_BOT,0,4,0,0,4,4,
Council_of_two_bot_vs_HQL_Plus_BOT,2,LEFT_B,4,14443560235550701055,HQL_Plus_BOT,grpc:Council_of_two_bot,4,0,0,0,4,4,
Council_of_two_bot_vs_HQL_Plus_BOT,3,LEFT_A,4,2397284144855226637,grpc:Council_of_two_bot,HQL_Plus_BOT,0,4,0,0,4,4,
Council_of_two_bot_vs_HQL_Plus_BOT,3,LEFT_B,4,15361318673746113392,HQL_Plus_BOT,grpc:Council_of_two_bot,4,0,0,0,4,4,
Council_of_two_bot_vs_HQL_Plus_BOT,4,LEFT_A,4,17601556201682824898,grpc:Council_of_two_bot,HQL_Plus_BOT,1,3,0,1,3,4,
Council_of_two_bot_vs_HQL_Plus_BOT,4,LEFT_B,4,8845986378588287029,HQL_Plus_BOT,grpc:Council_of_two_bot,3,1,0,1,3,4,
Council_of_two_bot_vs_HQL_Plus_BOT,5,LEFT_A,4,10193071147424114357,grpc:Council_of_two_bot,HQL_Plus_BOT,0,4,0,0,4,4,
Council_of_two_bot_vs_HQL_Plus_BOT,5,LEFT_B,4,15507873962641326376,HQL_Plus_BOT,grpc:Council_of_two_bot,3,1,0,1,3,4,
Council_of_two_bot_vs_HQL_Plus_BOT,6,LEFT_A,4,10225004142919373695,grpc:Council_of_two_bot,HQL_Plus_BOT,0,4,0,0,4,4,
Council_of_two_bot_vs_HQL_Plus_BOT,6,LEFT_B,4,13784005475236937802,HQL_Plus_BOT,grpc:Council_of_two_bot,4,0,0,0,4,4,
Council_of_two_bot_vs_HQL_Plus_BOT,7,LEFT_A,4,14191071993027330073,grpc:Council_of_two_bot,HQL_Plus_BOT,1,3,0,1,3,4,
Council_of_two_bot_vs_HQL_Plus_BOT,7,LEFT_B,4,642558781041689720,HQL_Plus_BOT,grpc:Council_of_two_bot,4,0,0,0,4,4,
Council_of_two_bot_vs_HQL_Plus_BOT,8,LEFT_A,4,1802009751131697886,grpc:Council_of_two_bot,HQL_Plus_BOT,1,3,0,1,3,4,
Council_of_two_bot_vs_HQL_Plus_BOT,8,LEFT_B,4,5305115752004264300,HQL_Plus_BOT,grpc:Council_of_two_bot,4,0,0,0,4,4,
Council_of_two_bot_vs_HQL_Plus_BOT,9,LEFT_A,4,13340703804524929746,grpc:Council_of_two_bot,HQL_Plus_BOT,0,4,0,0,4,4,
Council_of_two_bot_vs_HQL_Plus_BOT,9,LEFT_B,4,15446262377468875685,HQL_Plus_BOT,grpc:Council_of_two_bot,4,0,0,0,4,4,
Council_of_two_bot_vs_HQL_Plus_BOT,10,LEFT_A,4,14144338098182669283,grpc:Council_of_two_bot,HQL_Plus_BOT,0,4,0,0,4,4,
Council_of_two_bot_vs_HQL_Plus_BOT,10,LEFT_B,4,2557667024666368006,HQL_Plus_BOT,grpc:Council_of_two_bot,4,0,0,0,4,4,
Council_of_two_bot_vs_HQL_Plus_BOT,11,LEFT_A,4,2626206869412934038,grpc:Council_of_two_bot,HQL_Plus_BOT,0,4,0,0,4,4,
Council_of_two_bot_vs_HQL_Plus_BOT,11,LEFT_B,4,17556211263191226136,HQL_Plus_BOT,grpc:Council_of_two_bot,4,0,0,0,4,4,
Council_of_two_bot_vs_HQL_Plus_BOT,12,LEFT_A,4,220683066060207198,grpc:Council_of_two_bot,HQL_Plus_BOT,0,4,0,0,4,4,
Council_of_two_bot_vs_HQL_Plus_BOT,12,LEFT_B,4,18147219876572969012,HQL_Plus_BOT,grpc:Council_of_two_bot,3,1,0,1,3,4,
Council_of_two_bot_vs_HQL_Plus_BOT,13,LEFT_A,4,10464052744630242495,grpc:Council_of_two_bot,HQL_Plus_BOT,0,4,0,0,4,4,
Council_of_two_bot_vs_HQL_Plus_BOT,13,LEFT_B,4,15708654636964803282,HQL_Plus_BOT,grpc:Council_of_two_bot,3,1,0,1,3,4,
Council_of_two_bot_vs_HQL_Plus_BOT,14,LEFT_A,4,6028462436378996206,grpc:Council_of_two_bot,HQL_Plus_BOT,0,4,0,0,4,4,
Council_of_two_bot_vs_HQL_Plus_BOT,14,LEFT_B,4,13417185572215705277,HQL_Plus_BOT,grpc:Council_of_two_bot,4,0,0,0,4,4,
Council_of_two_bot_vs_HQL_Plus_BOT,15,LEFT_A,4,144500062920372862,grpc:Council_of_two_bot,HQL_Plus_BOT,0,4,0,0,4,4,
Council_of_two_bot_vs_HQL_Plus_BOT,15,LEFT_B,4,16665015990381394618,HQL_Plus_BOT,grpc:Council_of_two_bot,4,0,0,0,4,4,
Council_of_two_bot_vs_HQL_Plus_BOT,16,LEFT_A,4,16092254978375990416,grpc:Council_of_two_bot,HQL_Plus_BOT,0,4,0,0,4,4,
Council_of_two_bot_vs_HQL_Plus_BOT,16,LEFT_B,4,15702157892141584116,HQL_Plus_BOT,grpc:Council_of_two_bot,4,0,0,0,4,4,
Council_of_two_bot_vs_HQL_Plus_BOT,17,LEFT_A,4,13432508515955867921,grpc:Council_of_two_bot,HQL_Plus_BOT,0,4,0,0,4,4,
Council_of_two_bot_vs_HQL_Plus_BOT,17,LEFT_B,4,15147211564579263277,HQL_Plus_BOT,grpc:Council_of_two_bot,4,0,0,0,4,4,
Council_of_two_bot_vs_HQL_Plus_BOT,18,LEFT_A,4,3742638540091077804,grpc:Council_of_two_bot,HQL_Plus_BOT,0,4,0,0,4,4,
Council_of_two_bot_vs_HQL_Plus_BOT,18,LEFT_B,4,17684233807082985891,HQL_Plus_BOT,grpc:Council_of_two_bot,4,0,0,0,4,4,
Council_of_two_bot_vs_HQL_Plus_BOT,19,LEFT_A,4,12350951803512310065,grpc:Council_of_two_bot,HQL_Plus_BOT,0,4,0,0,4,4,
Council_of_two_bot_vs_HQL_Plus_BOT,19,LEFT_B,4,1161243926072306234,HQL_Plus_BOT,grpc:Council_of_two_bot,4,0,0,0,4,4,
Council_of_two_bot_vs_HQL_Plus_BOT,20,LEFT_A,4,4283171217082246740,grpc:Council_of_two_bot,HQL_Plus_BOT,0,4,0,0,4,4,
Council_of_two_bot_vs_HQL_Plus_BOT,20,LEFT_B,4,8168246896472898069,HQL_Plus_BOT,grpc:Council_of_two_bot,4,0,0,0,4,4,
Council_of_two_bot_vs_HQL_Plus_BOT,21,LEFT_A,4,3501800417333844330,grpc:Council_of_two_bot,HQL_Plus_BOT,0,4,0,0,4,4,
Council_of_two_bot_vs_HQL_Plus_BOT,21,LEFT_B,4,7881507539248878709,HQL_Plus_BOT,grpc:Council_of_two_bot,4,0,0,0,4,4,
Council_of_two_bot_vs_HQL_Plus_BOT,22,LEFT_A,4,5757540638790139112,grpc:Council_of_two_bot,HQL_Plus_BOT,0,4,0,0,4,4,
Council_of_two_bot_vs_HQL_Plus_BOT,22,LEFT_B,4,5639202131725948329,HQL_Plus_BOT,grpc:Council_of_two_bot,4,0,0,0,4,4,
Council_of_two_bot_vs_HQL_Plus_BOT,23,LEFT_A,4,11328480858286963302,grpc:Council_of_two_bot,HQL_Plus_BOT,1,3,0,1,3,4,
Council_of_two_bot_vs_HQL_Plus_BOT,23,LEFT_B,4,17229141344600236059,HQL_Plus_BOT,grpc:Council_of_two_bot,4,0,0,0,4,4,
Council_of_two_bot_vs_HQL_Plus_BOT,24,LEFT_A,4,1653942321707806452,grpc:Council_of_two_bot,HQL_Plus_BOT,0,4,0,0,4,4,
Council_of_two_bot_vs_HQL_Plus_BOT,24,LEFT_B,4,15535186834043183445,HQL_Plus_BOT,grpc:Council_of_two_bot,4,0,0,0,4,4,
Council_of_two_bot_vs_HQL_Plus_BOT,25,LEFT_A,4,6114978759996358360,grpc:Council_of_two_bot,HQL_Plus_BOT,1,3,0,1,3,4,
Council_of_two_bot_vs_HQL_Plus_BOT,25,LEFT_B,4,15945405187786979297,HQL_Plus_BOT,grpc:Council_of_two_bot,3,1,0,1,3,4,
Council_of_two_bot_vs_HQL_Plus_BOT,26,LEFT_A,4,17007730153449911458,grpc:Council_of_two_bot,HQL_Plus_BOT,1,3,0,1,3,4,
Council_of_two_bot_vs_HQL_Plus_BOT,26,LEFT_B,4,13653944970208173252,HQL_Plus_BOT,grpc:Council_of_two_bot,4,0,0,0,4,4,
Council_of_two_bot_vs_HQL_Plus_BOT,27,LEFT_A,4,4684167957902783577,grpc:Council_of_two_bot,HQL_Plus_BOT,0,4,0,0,4,4,
Council_of_two_bot_vs_HQL_Plus_BOT,27,LEFT_B,4,16848383006843678846,HQL_Plus_BOT,grpc:Council_of_two_bot,4,0,0,0,4,4,
Council_of_two_bot_vs_HQL_Plus_BOT,28,LEFT_A,4,6697453718633479511,grpc:Council_of_two_bot,HQL_Plus_BOT,2,2,0,2,2,4,
Council_of_two_bot_vs_HQL_Plus_BOT,28,LEFT_B,4,29548842074857437,HQL_Plus_BOT,grpc:Council_of_two_bot,4,0,0,0,4,4,
Council_of_two_bot_vs_HQL_Plus_BOT,29,LEFT_A,4,2631719001678021507,grpc:Council_of_two_bot,HQL_Plus_BOT,0,4,0,0,4,4,
Council_of_two_bot_vs_HQL_Plus_BOT,29,LEFT_B,4,9985326793556206292,HQL_Plus_BOT,grpc:Council_of_two_bot,4,0,0,0,4,4,
Council_of_two_bot_vs_HQL_Plus_BOT,30,LEFT_A,4,8797194585655745985,grpc:Council_of_two_bot,HQL_Plus_BOT,1,3,0,1,3,4,
Council_of_two_bot_vs_HQL_Plus_BOT,30,LEFT_B,4,12830832996843380600,HQL_Plus_BOT,grpc:Council_of_two_bot,4,0,0,0,4,4,
Council_of_two_bot_vs_HQL_Plus_BOT,31,LEFT_A,4,11961549733667472936,grpc:Council_of_two_bot,HQL_Plus_BOT,0,4,0,0,4,4,
Council_of_two_bot_vs_HQL_Plus_BOT,31,LEFT_B,4,6516293059369674871,HQL_Plus_BOT,grpc:Council_of_two_bot,4,0,0,0,4,4,
Council_of_two_bot_vs_HQL_Plus_BOT,32,LEFT_A,4,15518105031248863590,grpc:Council_of_two_bot,HQL_Plus_BOT,0,4,0,0,4,4,
Council_of_two_bot_vs_HQL_Plus_BOT,32,LEFT_B,4,11868180110426577377,HQL_Plus_BOT,grpc:Council_of_two_bot,4,0,0,0,4,4,
Council_of_two_bot_vs_HQL_Plus_BOT,33,LEFT_A,4,2688237955256456217,grpc:Council_of_two_bot,HQL_Plus_BOT,0,4,0,0,4,4,
Council_of_two_bot_vs_HQL_Plus_BOT,33,LEFT_B,4,16643247693418853556,HQL_Plus_BOT,grpc:Council_of_two_bot,4,0,0,0,4,4,
Council_of_two_bot_vs_HQL_Plus_BOT,34,LEFT_A,4,7689286874912155124,grpc:Council_of_two_bot,HQL_Plus_BOT,1,3,0,1,3,4,
Council_of_two_bot_vs_HQL_Plus_BOT,34,LEFT_B,4,11849283802794711864,HQL_Plus_BOT,grpc:Council_of_two_bot,4,0,0,0,4,4,
Council_of_two_bot_vs_HQL_Plus_BOT,35,LEFT_A,4,10685612012809791038,grpc:Council_of_two_bot,HQL_Plus_BOT,0,4,0,0,4,4,
Council_of_two_bot_vs_HQL_Plus_BOT,35,LEFT_B,4,17278784803938010367,HQL_Plus_BOT,grpc:Council_of_two_bot,4,0,0,0,4,4,
