pair_id,round_idx,side,runs,seed,left,right,p1_wins,p2_wins,draws,mapped_a_wins,mapped_b_wins,games,avg_ms
EBot_F_vs_ZMyBot,0,LEFT_A,4,5656066266277089313,EBot_F,grpc:ZMyBot,4,0,0,4,0,4,
EBot_F_vs_ZMyBot,0,LEFT_B,4,212562536048801635,grpc:ZMyBot,EBot_F,0,4,0,4,0,4,
EBot_F_vs_ZMyBot,1,LEFT_A,4,5395685378302791443,EBot_F,grpc:ZMyBot,4,0,0,4,0,4,
EBot_F_vs_ZMyBot,1,LEFT_B,4,12391040708030161752,grpc:ZMyBot,EBot_F,1,3,0,3,1,4,
EBot_F_vs_ZMyBot,2,LEFT_A,4,4698840408194754595,EBot_F,grpc:ZMyBot,4,0,0,4,0,4,
EBot_F_vs_ZMyBot,2,LEFT_B,4,9377834775503381408,grpc:ZMyBot,EBot_F,1,3,0,3,1,4,
EBot_F_vs_ZMyBot,3,LEFT_A,4,14408961348411956335,EBot_F,grpc:ZMyBot,3,1,0,3,1,4,
EBot_F_vs_ZMyBot,3,LEFT_B,4,16291051093700612766,grpc:ZMyBot,EBot_F,1,3,0,3,1,4,
EBot_F_vs_ZMyBot,4,LEFT_A,4,9143722567786230589,EBot_F,grpc:ZMyBot,4,0,0,4,0,4,
EBot_F_vs_ZMyBot,4,LEFT_B,4,13579032873767468314,grpc:ZMyBot,EBot_F,2,2,0,2,2,4,
EBot_F_vs_ZMyBot,5,LEFT_A,4,18445210967879998663,EBot_F,grpc:ZMyBot,2,2,0,2,2,4,
EBot_F_vs_ZMyBot,5,LEFT_B,4,14010716263353436161,grpc:ZMyBot,EBot_F,0,4,0,4,0,4,
EBot_F_vs_ZMyBot,6,LEFT_A,4,9602531830723250123,EBot_F,grpc:ZMyBot,4,0,0,4,0,4,
EBot_F_vs_ZMyBot,6,LEFT_B,4,4498160942560998138,grpc:ZMyBot,EBot_F,2,2,0,2,2,4,
EBot_F_vs_ZMyBot,7,LEFT_A,4,12828301204033125948,EBot_F,grpc:ZMyBot,3,1,0,3,1,4,
EBot_F_vs_ZMyBot,7,LEFT_B,4,14751343596393746697,grpc:ZMyBot,EBot_F,0,4,0,4,0,4,
EBot_F_vs_ZMyBot,8,LEFT_A,4,12767364770283151957,EBot_F,grpc:ZMyBot,4,0,0,4,0,4,
EBot_F_vs_ZMyBot,8,LEFT_B,4,2618116171591819324,grpc:ZMyBot,EBot_F,1,3,0,3,1,4,
EBot_F_vs_ZMyBot,9,LEFT_A,4,10669156621487790096,EBot_F,grpc:ZMyBot,4,0,0,4,0,4,
EBot_F_vs_ZMyBot,9,LEFT_B,4,7544902491800796382,grpc:ZMyBot,EBot_F,1,3,0,3,1,4,
EBot_F_vs_ZMyBot,10,LEFT_A,4,16612081236980669551,EBot_F,grpc:ZMyBot,3,1,0,3,1,4,
EBot_F_vs_ZMyBot,10,LEFT_B,4,336519883469841606,grpc:ZMyBot,EBot_F,1,3,0,3,1,4,
EBot_F_vs_ZMyBot,11,LEFT_A,4,3397180072340977330,EBot_F,grpc:ZMyBot,4,0,0,4,0,4,
EBot_F_vs_ZMyBot,11,LEFT_B,4,16548621769416553534,grpc:ZMyBot,EBot_F,0,4,0,4,0,4,
EBot_F_vs_ZMyBot,12,LEFT_A,4,6379855385541783761,EBot_F,grpc:ZMyBot,4,0,0,4,0,4,
EBot_F_vs_ZMyBot,12,LEFT_B,4,1092157019807778762,grpc:ZMyBot,EBot_F,2,2,0,2,2,4,
EBot_F_vs_ZMyBot,13,LEFT_A,4,18057127492527992876,EBot_F,grpc:ZMyBot,4,0,0,4,0,4,
EBot_F_vs_ZMyBot,13,LEFT_B,4,16635238123758524288,grpc:ZMyBot,EBot_F,3,1,0,1,3,4,
EBot_F_vs_ZMyBot,14,LEFT_A,4,1977136955988222558,EBot_F,grpc:ZMyBot,4,0,0,4,0,4,
EBot_F_vs_ZMyBot,14,LEFT_B,4,7578122904227604267,grpc:ZMyBot,EBot_F,2,2,0,2,2,4,
EBot_F_vs_ZMyBot,15,LEFT_A,4,17651836918501209144,EBot_F,grpc:ZMyBot,4,0,0,4,0,4,
EBot_F_vs_ZMyBot,15,LEFT_B,4,15268331903419996151,grpc:ZMyBot,EBot_F,0,4,0,4,0,4,
EBot_F_vs_ZMyBot,16,LEFT_A,4,9417355881723092878,EBot_F,grpc:ZMyBot,4,0,0,4,0,4,
EBot_F_vs_ZMyBot,16,LEFT_B,4,6669803003319487056,grpc:ZMyBot,EBot_F,1,3,0,3,1,4,
EBot_F_vs_ZMyBot,17,LEFT_A,4,6799726635648511196,EBot_F,grpc:ZMyBot,4,0,0,4,0,4,
EBot_F_vs_ZMyBot,17,LEFT_B,4,10534426285957978583,grpc:ZMyBot,EBot_F,1,3,0,3,1,4,
EBot_F_vs_ZMyBot,18,LEFT_A,4,8921633415620473323,EBot_F,grpc:ZMyBot,4,0,0,4,0,4,
EBot_F_vs_ZMyBot,18,LEFT_B,4,18158368251845729671,grpc:ZMyBot,EBot_F,0,4,0,4,0,4,
EBot_F_vs_ZMyBot,19,LEFT_A,4,5760133894547090535,EBot_F,grpc:ZMyBot,4,0,0,4,0,4,
EBot_F_vs_ZMyBot,19,LEFT_B,4,7883871881274524117,grpc:ZMyBot,EBot_F,0,4,0,4,0,4,
EBot_F_vs_ZMyBot,20,LEFT_A,4,8571601032508351744,EBot_F,grpc:ZMyBot,4,0,0,4,0,4,
EBot_F_vs_ZMyBot,20,LEFT_B,4,14830568867827625907,grpc:ZMyBot,EBot_F,1,3,0,3,1,4,
EBot_F_vs_ZMyBot,21,LEFT_A,4,16500256094682207668,EBot_F,grpc:ZMyBot,4,0,0,4,0,4,
EBot_F_vs_ZMyBot,21,LEFT_B,4,6170385318309329716,grpc:ZMyBot,EBot_F,2,2,0,2,2,4,
EBot_F_vs_ZMyBot,22,LEFT_A,4,13592529279802298703,EBot_F,grpc:ZMyBot,4,0,0,4,0,4,
EBot_F_vs_ZMyBot,22,LEFT_B,4,14579741358698885620,grpc:ZMyBot,EBot_F,1,3,0,3,1,4,
EBot_F_vs_ZMyBot,23,LEFT_A,4,10861084454075023394,EBot_F,grpc:ZMyBot,3,1,0,3,1,4,
EBot_F_vs_ZMyBot,23,LEFT_B,4,12459443657367741126,grpc:ZMyBot,EBot_F,0,4,0,4,0,4,
EBot_F_vs_ZMyBot,24,LEFT_A,4,12582981160894160970,EBot_F,grpc:ZMyBot,3,1,0,3,1,4,
EBot_F_vs_ZMyBot,24,LEFT_B,4,2479747465652507621,grpc:ZMyBot,EBot_F,1,3,0,3,1,4,
EBot_F_vs_ZMyBot,25,LEFT_A,4,10289585342644269127,EBot_F,grpc:ZMyBot,4,0,0,4,0,4,
EBot_F_vs_ZMyBot,25,LEFT_B,4,4740403909758488053,grpc:ZMyBot,EBot_F,1,3,0,3,1,4,
EBot_F_vs_ZMyBot,26,LEFT_A,4,2699313052446116289,EBot_F,grpc:ZMyBot,4,0,0,4,0,4,
EBot_F_vs_ZMyBot,26,LEFT_B,4,5389285606029757168,grpc:ZMyBot,EBot_F,0,4,0,4,0,4,
EBot_F_vs_ZMyBot,27,LEFT_A,4,1666478820343617711,EBot_F,grpc:ZMyBot,4,0,0,4,0,4,
EBot_F_vs_ZMyBot,27,LEFT_B,4,13821487925128174780,grpc:ZMyBot,EBot_F,1,3,0,3,1,4,
EBot_F_vs_ZMyBot,28,LEFT_A,4,4762582995429443921,EBot_F,grpc:ZMyBot,4,0,0,4,0,4,
EBot_F_vs_ZMyBot,28,LEFT_B,4,9673817471161730289,grpc:ZMyBot,EBot_F,0,4,0,4,0,4,
EBot_F_vs_ZMyBot,29,LEFT_A,4,14831845425367910171,EBot_F,grpc:ZMyBot,4,0,0,4,0,4,
EBot_F_vs_ZMyBot,29,LEFT_B,4,11359978903804361829,grpc:ZMyBot,EBot_F,1,3,0,3,1,4,
EBot_F_vs_ZMyBot,30,LEFT_A,4,11901023685926011210,EBot_F,grpc:ZMyBot,4,0,0,4,0,4,
EBot_F_vs_ZMyBot,30,LEFT_B,4,4117209518998719419,grpc:ZMyBot,EBot_F,1,3,0,3,1,4,
EBot_F_vs_ZMyBot,31,LEFT_A,4,14688209354315655249,EBot_F,grpc:ZMyBot,4,0,0,4,0,4,
EBot_F_vs_ZMyBot,31,LEFT_B,4,12338881825152107405,grpc:ZMyBot,EBot_F,1,3,0,3,1,4,
EBot_F_vs_ZMyBot,32,LEFT_A,4,1094326344469381358,EBot_F,grpc:ZMyBot,4,0,0,4,0,4,
EBot_F_vs_ZMyBot,32,LEFT_B,4,11874238455213321566,grpc:ZMyBot,EBot_F,1,3,0,3,1,4,
EBot_F_vs_ZMyBot,33,LEFT_A,4,3171479491171095617,EBot_F,grpc:ZMyBot,4,0,0,4,0,4,
EBot_F_vs_ZMyBot,33,LEFT_B,4,4848100762691402771,grpc:ZMyBot,EBot_F,1,3,0,3,1,4,
EBot_F_vs_ZMyBot,34,LEFT_A,4,7605870681147524907,EBot_F,grpc:ZMyBot,4,0,0,4,0,4,
EBot_F_vs_ZMyBot,34,LEFT_B,4,9406840382955279344,grpc:ZMyBot,EBot_F,2,2,0,2,2,4,
EBot_F_vs_ZMyBot,35,LEFT_A,4,7270608845070125557,EBot_F,grpc:ZMyBot,4,0,0,4,0,4,
EBot_F_vs_ZMyBot,35,LEFT_B,4,18142423896475299788,grpc:ZMyBot,EBot_F,0,4,0,4,0,4,
