pair_id,round_idx,side,runs,seed,left,right,p1_wins,p2_wins,draws,mapped_a_wins,mapped_b_wins,games,avg_ms
EBot_F_vs_MaltheMCTS,0,LEFT_A,4,6044876898543344644,EBot_F,MaltheMCTS,3,1,0,3,1,4,
EBot_F_vs_MaltheMCTS,0,LEFT_B,4,14874841211032826614,MaltheMCTS,EBot_F,2,2,0,2,2,4,
EBot_F_vs_MaltheMCTS,1,LEFT_A,4,11038424378647499008,EBot_F,MaltheMCTS,4,0,0,4,0,4,
EBot_F_vs_MaltheMCTS,1,LEFT_B,4,604818593471615793,MaltheMCTS,EBot_F,1,3,0,3,1,4,
EBot_F_vs_MaltheMCTS,2,LEFT_A,4,7932090307362773600,EBot_F,MaltheMCTS,3,1,0,3,1,4,
EBot_F_vs_MaltheMCTS,2,LEFT_B,4,13125764601488222129,MaltheMCTS,EBot_F,2,2,0,2,2,4,
EBot_F_vs_MaltheMCTS,3,LEFT_A,4,5760926129647555689,EBot_F,MaltheMCTS,3,1,0,3,1,4,
EBot_F_vs_MaltheMCTS,3,LEFT_B,4,16411983616619837555,MaltheMCTS,EBot_F,1,3,0,3,1,4,
EBot_F_vs_MaltheMCTS,4,LEFT_A,4,4558476681591015933,EBot_F,MaltheMCTS,4,0,0,4,0,4,
EBot_F_vs_MaltheMCTS,4,LEFT_B,4,1332874667257314298,MaltheMCTS,EBot_F,0,4,0,4,0,4,
EBot_F_vs_MaltheMCTS,5,LEFT_A,4,14720657535895086611,EBot_F,MaltheMCTS,4,0,0,4,0,4,
EBot_F_vs_MaltheMCTS,5,LEFT_B,4,11016009445796242156,MaltheMCTS,EBot_F,0,4,0,4,0,4,
EBot_F_vs_MaltheMCTS,6,LEFT_A,4,3820363888038685070,EBot_F,MaltheMCTS,4,0,0,4,0,4,
EBot_F_vs_MaltheMCTS,6,LEFT_B,4,5687025970153630205,MaltheMCTS,EBot_F,1,3,0,3,1,4,
EBot_F_vs_MaltheMCTS,7,LEFT_A,4,15114213572634493959,EBot_F,MaltheMCTS,3,1,0,3,1,4,
EBot_F_vs_MaltheMCTS,7,LEFT_B,4,10228008819569429650,MaltheMCTS,EBot_F,2,2,0,2,2,4,
EBot_F_vs_MaltheMCTS,8,LEFT_A,4,13962144909195990468,EBot_F,MaltheMCTS,4,0,0,4,0,4,
EBot_F_vs_MaltheMCTS,8,LEFT_B,4,6639310510154266747,MaltheMCTS,EBot_F,0,4,0,4,0,4,
EBot_F_vs_MaltheMCTS,9,LEFT_A,4,2506313757522998386,EBot_F,MaltheMCTS,4,0,0,4,0,4,
EBot_F_vs_MaltheMCTS,9,LEFT_B,4,12327367159917616167,MaltheMCTS,EBot_F,0,4,0,4,0,4,
EBot_F_vs_MaltheMCTS,10,LEFT_A,4,3099688806069896330,EBot_F,MaltheMCTS,3,1,0,3,1,4,
EBot_F_vs_MaltheMCTS,10,LEFT_B,4,14357199846195533860,MaltheMCTS,EBot_F,2,2,0,2,2,4,
EBot_F_vs_MaltheMCTS,11,LEFT_A,4,14746121166569275416,EBot_F,MaltheMCTS,3,1,0,3,1,4,
EBot_F_vs_MaltheMCTS,11,LEFT_B,4,12625329819255418438,MaltheMCTS,EBot_F,1,3,0,3,1,4,
EBot_F_vs_MaltheMCTS,12,LEFT_A,4,2078607811395247103,EBot_F,MaltheMCTS,3,1,0,3,1,4,
EBot_F_vs_MaltheMCTS,12,LEFT_B,4,7691077685346468040,MaltheMCTS,EBot_F,2,2,0,2,2,4,
EBot_F_vs_MaltheMCTS,13,LEFT_A,4,13122559729378928259,EBot_F,MaltheMCTS,2,2,0,2,2,4,
EBot_F_vs_MaltheMCTS,13,LEFT_B,4,1578465368075255358,MaltheMCTS,EBot_F,1,3,0,3,1,4,
EBot_F_vs_MaltheMCTS,14,LEFT_A,4,4981473678522199565,EBot_F,MaltheMCTS,4,0,0,4,0,4,
EBot_F_vs_MaltheMCTS,14,LEFT_B,4,6991113128846923692,MaltheMCTS,EBot_F,2,2,0,2,2,4,
EBot_F_vs_MaltheMCTS,15,LEFT_A,4,5039080512512282473,EBot_F,MaltheMCTS,4,0,0,4,0,4,
EBot_F_vs_MaltheMCTS,15,LEFT_B,4,1566137563105069284,MaltheMCTS,EBot_F,0,4,0,4,0,4,
EBot_F_vs_MaltheMCTS,16,LEFT_A,4,16788805543481447573,EBot_F,MaltheMCTS,4,0,0,4,0,4,
EBot_F_vs_MaltheMCTS,16,LEFT_B,4,12948163768522368107,MaltheMCTS,EBot_F,2,2,0,2,2,4,
EBot_F_vs_MaltheMCTS,17,LEFT_A,4,13363618409461826647,EBot_F,MaltheMCTS,4,0,0,4,0,4,
EBot_F_vs_MaltheMCTS,17,LEFT_B,4,10871772799675783441,MaltheMCTS,EBot_F,0,4,0,4,0,4,
EBot_F_vs_MaltheMCTS,18,LEFT_A,4,11510427266124294252,EBot_F,MaltheMCTS,4,0,0,4,0,4,
EBot_F_vs_MaltheMCTS,18,LEFT_B,4,16819616750166176775,MaltheMCTS,EBot_F,1,3,0,3,1,4,
EBot_F_vs_MaltheMCTS,19,LEFT_A,4,14456212052055785896,EBot_F,MaltheMCTS,4,0,0,4,0,4,
EBot_F_vs_MaltheMCTS,19,LEFT_B,4,16522203924521331398,MaltheMCTS,EBot_F,1,3,0,3,1,4,
EBot_F_vs_MaltheMCTS,20,LEFT_A,4,8441620960461742701,EBot_F,MaltheMCTS,4,0,0,4,0,4,
EBot_F_vs_MaltheMCTS,20,LEFT_B,4,13894117138539710290,MaltheMCTS,EBot_F,1,3,0,3,1,4,
EBot_F_vs_MaltheMCTS,21,LEFT_A,4,16042747088916196220,EBot_F,MaltheMCTS,4,0,0,4,0,4,
EBot_F_vs_MaltheMCTS,21,LEFT_B,4,16150940127481192315,MaltheMCTS,EBot_F,2,2,0,2,2,4,
EBot_F_vs_MaltheMCTS,22,LEFT_A,4,17698533664105668250,EBot_F,MaltheMCTS,4,0,0,4,0,4,
EBot_F_vs_MaltheMCTS,22,LEFT_B,4,2387815005649487686,MaltheMCTS,EBot_F,1,3,0,3,1,4,
EBot_F_vs_MaltheMCTS,23,LEFT_A,4,12548083097882745283,EBot_F,MaltheMCTS,4,0,0,4,0,4,
EBot_F_vs_MaltheMCTS,23,LEFT_B,4,2095380941702683821,MaltheMCTS,EBot_F,0,4,0,4,0,4,
EBot_F_vs_MaltheMCTS,24,LEFT_A,4,5881168023823065455,EBot_F,MaltheMCTS,4,0,0,4,0,4,
EBot_F_vs_MaltheMCTS,24,LEFT_B,4,13282309128773335052,MaltheMCTS,EBot_F,0,4,0,4,0,4,
EBot_F_vs_MaltheMCTS,25,LEFT_A,4,7615289476060383190,EBot_F,MaltheMCTS,3,1,0,3,1,4,
EBot_F_vs_MaltheMCTS,25,LEFT_B,4,6636741541818761932,MaltheMCTS,EBot_F,0,4,0,4,0,4,
EBot_F_vs_MaltheMCTS,26,LEFT_A,4,1897202502120066862,EBot_F,MaltheMCTS,4,0,0,4,0,4,
EBot_F_vs_MaltheMCTS,26,LEFT_B,4,16919687712711794145,MaltheMCTS,EBot_F,0,4,0,4,0,4,
EBot_F_vs_MaltheMCTS,27,LEFT_A,4,14153579076093397632,EBot_F,MaltheMCTS,4,0,0,4,0,4,
EBot_F_vs_MaltheMCTS,27,LEFT_B,4,17233212187720111379,MaltheMCTS,EBot_F,0,4,0,4,0,4,
EBot_F_vs_MaltheMCTS,28,LEFT_A,4,14502514665892210230,EBot_F,MaltheMCTS,4,0,0,4,0,4,
EBot_F_vs_MaltheMCTS,28,LEFT_B,4,11300355803379378676,MaltheMCTS,EBot_F,1,3,0,3,1,4,
EBot_F_vs_MaltheMCTS,29,LEFT_A,4,17659816411887537507,EBot_F,MaltheMCTS,4,0,0,4,0,4,
EBot_F_vs_MaltheMCTS,29,LEFT_B,4,9178532912728662262,MaltheMCTS,EBot_F,0,4,0,4,0,4,
EBot_F_vs_MaltheMCTS,30,LEFT_A,4,13647049294604559051,EBot_F,MaltheMCTS,3,1,0,3,1,4,
EBot_F_vs_MaltheMCTS,30,LEFT_B,4,14685362442252624400,MaltheMCTS,EBot_F,0,4,0,4,0,4,
EBot_F_vs_MaltheMCTS,31,LEFT_A,4,8216493211215715379,EBot_F,MaltheMCTS,4,0,0,4,0,4,
EBot_F_vs_MaltheMCTS,31,LEFT_B,4,4741433940161251681,MaltheMCTS,EBot_F,1,3,0,3,1,4,
EBot_F_vs_MaltheMCTS,32,LEFT_A,4,10276113847312371393,EBot_F,MaltheMCTS,3,1,0,3,1,4,
EBot_F_vs_MaltheMCTS,32,LEFT_B,4,13530198401168113647,MaltheMCTS,EBot_F,0,4,0,4,0,4,
EBot_F_vs_MaltheMCTS,33,LEFT_A,4,14279815441097711151,EBot_F,MaltheMCTS,3,1,0,3,1,4,
EBot_F_vs_MaltheMCTS,33,LEFT_B,4,13565401556554478916,MaltheMCTS,EBot_F,0,4,0,4,0,4,
EBot_F_vs_MaltheMCTS,34,LEFT_A,4,13280230528478401528,EBot_F,MaltheMCTS,3,1,0,3,1,4,
EBot_F_vs_MaltheMCTS,34,LEFT_B,4,17138826939137577988,MaltheMCTS,EBot_F,0,4,0,4,0,4,
EBot_F_vs_MaltheMCTS,35,LEFT_A,4,18203953933504524518,EBot_F,MaltheMCTS,4,0,0,4,0,4,
EBot_F_vs_MaltheMCTS,35,LEFT_B,4,1168611742632748974,MaltheMCTS,EBot_F,1,3,0,3,1,4,
