pair_id,round_idx,side,runs,seed,left,right,p1_wins,p2_wins,draws,mapped_a_wins,mapped_b_wins,games,avg_ms
EBot_F_vs_Nangert_submission_v4,0,LEFT_A,4,12928465335911205841,EBot_F,grpc:Nangert_submission_v4,4,0,0,4,0,4,
EBot_F_vs_Nangert_submission_v4,0,LEFT_B,4,176163075997202780,grpc:Nangert_submission_v4,EBot_F,3,1,0,1,3,4,
EBot_F_vs_Nangert_submission_v4,1,LEFT_A,4,3320980672149992045,EBot_F,grpc:Nangert_submission_v4,2,2,0,2,2,4,
EBot_F_vs_Nangert_submission_v4,1,LEFT_B,4,4459782432182321487,grpc:Nangert_submission_v4,EBot_F,4,0,0,0,4,4,
EBot_F_vs_Nangert_submission_v4,2,LEFT_A,4,16813120178721816050,EBot_F,grpc:Nangert_submission_v4,4,0,0,4,0,4,
EBot_F_vs_Nangert_submission_v4,2,LEFT_B,4,13602340529492327481,grpc:Nangert_submission_v4,EBot_F,2,2,0,2,2,4,
EBot_F_vs_Nangert_submission_v4,3,LEFT_A,4,9009878086302892668,EBot_F,grpc:Nangert_submission_v4,4,0,0,4,0,4,
EBot_F_vs_Nangert_submission_v4,3,LEFT_B,4,13963378196733537081,grpc:Nangert_submission_v4,EBot_F,2,2,0,2,2,4,
EBot_F_vs_Nangert_submission_v4,4,LEFT_A,4,3299735040307909807,EBot_F,grpc:Nangert_submission_v4,3,1,0,3,1,4,
EBot_F_vs_Nangert_submission_v4,4,LEFT_B,4,11493690675500388673,grpc:Nangert_submission_v4,EBot_F,3,1,0,1,3,4,
EBot_F_vs_Nangert_submission_v4,5,LEFT_A,4,9278449173484586895,EBot_F,grpc:Nangert_submission_v4,4,0,0,4,0,4,
EBot_F_vs_Nangert_submission_v4,5,LEFT_B,4,10287808299797707521,grpc:Nangert_submission_v4,EBot_F,2,2,0,2,2,4,
EBot_F_vs_Nangert_submission_v4,6,LEFT_A,4,8446183778570996173,EBot_F,grpc:Nangert_submission_v4,4,0,0,4,0,4,
EBot_F_vs_Nangert_submission_v4,6,LEFT_B,4,16003455869506156893,grpc:Nangert_submission_v4,EBot_F,3,1,0,1,3,4,
EBot_F_vs_Nangert_submission_v4,7,LEFT_A,4,5352848939577871319,EBot_F,grpc:Nangert_submission_v4,3,1,0,3,1,4,
EBot_F_vs_Nangert_submission_v4,7,LEFT_B,4,11780257132457078965,grpc:Nangert_submission_v4,EBot_F,3,1,0,1,3,4,
EBot_F_vs_Nangert_submission_v4,8,LEFT_A,4,17173663357324668200,EBot_F,grpc:Nangert_submission_v4,3,1,0,3,1,4,
EBot_F_vs_Nangert_submission_v4,8,LEFT_B,4,2481790854628600772,grpc:Nangert_submission_v4,EBot_F,2,2,0,2,2,4,
EBot_F_vs_Nangert_submission_v4,9,LEFT_A,4,18169187740982645009,EBot_F,grpc:Nangert_submission_v4,4,0,0,4,0,4,
EBot_F_vs_Nangert_submission_v4,9,LEFT_B,4,7959487787629630725,grpc:Nangert_submission_v4,EBot_F,3,1,0,1,3,4,
EBot_F_vs_Nangert_submission_v4,10,LEFT_A,4,17146050923500308280,EBot_F,grpc:Nangert_submission_v4,3,1,0,3,1,4,
EBot_F_vs_Nangert_submission_v4,10,LEFT_B,4,14697982750472410237,grpc:Nangert_submission_v4,EBot_F,1,3,0,3,1,4,
EBot_F_vs_Nangert_submission_v4,11,LEFT_A,4,6319313527267194236,EBot_F,grpc:Nangert_submission_v4,3,1,0,3,1,4,
EBot_F_vs_Nangert_submission_v4,11,LEFT_B,4,4971946313985608621,grpc:Nangert_submission_v4,EBot_F,3,1,0,1,3,4,
EBot_F_vs_Nangert_submission_v4,12,LEFT_A,4,2446474520073129513,EBot_F,grpc:Nangert_submission_v4,3,1,0,3,1,4,
EBot_F_vs_Nangert_submission_v4,12,LEFT_B,4,3486470507311797969,grpc:Nangert_submission_v4,EBot_F,2,2,0,2,2,4,
EBot_F_vs_Nangert_submission_v4,13,LEFT_A,4,13808752275346438924,EBot_F,grpc:Nangert_submission_v4,4,0,0,4,0,4,
EBot_F_vs_Nangert_submission_v4,13,LEFT_B,4,1502823839790262915,grpc:Nangert_submission_v4,EBot_F,2,2,0,2,2,4,
EBot_F_vs_Nangert_submission_v4,14,LEFT_A,4,14514358124113173406,EBot_F,grpc:Nangert_submission_v4,4,0,0,4,0,4,
EBot_F_vs_Nangert_submission_v4,14,LEFT_B,4,13817703196244669603,grpc:Nangert_submission_v4,EBot_F,0,4,0,4,0,4,
EBot_F_vs_Nangert_submission_v4,15,LEFT_A,4,5126181573875385432,EBot_F,grpc:Nangert_submission_v4,4,0,0,4,0,4,
EBot_F_vs_Nangert_submission_v4,15,LEFT_B,4,9011724449017912578,grpc:Nangert_submission_v4,EBot_F,3,1,0,1,3,4,
EBot_F_vs_Nangert_submission_v4,16,LEFT_A,4,13742960259692893396,EBot_F,grpc:Nangert_submission_v4,3,1,0,3,1,4,
EBot_F_vs_Nangert_submission_v4,16,LEFT_B,4,15568802056122721084,grpc:Nangert_submission_v4,EBot_F,3,1,0,1,3,4,
EBot_F_vs_Nangert_submission_v4,17,LEFT_A,4,11524920966849535276,EBot_F,grpc:Nangert_submission_v4,3,1,0,3,1,4,
EBot_F_vs_Nangert_submission_v4,17,LEFT_B,4,13690877941280890907,grpc:Nangert_submission_v4,EBot_F,1,3,0,3,1,4,
EBot_F_vs_Nangert_submission_v4,18,LEFT_A,4,200411338733490065,EBot_F,grpc:Nangert_submission_v4,3,1,0,3,1,4,
EBot_F_vs_Nangert_submission_v4,18,LEFT_B,4,13841585398816406017,grpc:Nangert_submission_v4,EBot_F,2,2,0,2,2,4,
EBot_F_vs_Nangert_submission_v4,19,LEFT_A,4,5141775097748356943,EBot_F,grpc:Nangert_submission_v4,3,1,0,3,1,4,
EBot_F_vs_Nangert_submission_v4,19,LEFT_B,4,3540699984284226502,grpc:Nangert_submission_v4,EBot_F,3,1,0,1,3,4,
EBot_F_vs_Nangert_submission_v4,20,LEFT_A,4,14609868664664193176,EBot_F,grpc:Nangert_submission_v4,3,1,0,3,1,4,
EBot_F_vs_Nangert_submission_v4,20,LEFT_B,4,7395107205153368029,grpc:Nangert_submission_v4,EBot_F,4,0,0,0,4,4,
EBot_F_vs_Nangert_submission_v4,21,LEFT_A,4,1750912060868935311,EBot_F,grpc:Nangert_submission_v4,4,0,0,4,0,4,
EBot_F_vs_Nangert_submission_v4,21,LEFT_B,4,15930836464614152739,grpc:Nangert_submission_v4,EBot_F,0,4,0,4,0,4,
EBot_F_vs_Nangert_submission_v4,22,LEFT_A,4,14586844416328072917,EBot_F,grpc:Nangert_submission_v4,4,0,0,4,0,4,
EBot_F_vs_Nangert_submission_v4,22,LEFT_B,4,547981019181987095,grpc:Nangert_submission_v4,EBot_F,4,0,0,0,4,4,
EBot_F_vs_Nangert_submission_v4,23,LEFT_A,4,13538901796825797907,EBot_F,grpc:Nangert_submission_v4,4,0,0,4,0,4,
EBot_F_vs_Nangert_submission_v4,23,LEFT_B,4,6841877483822021694,grpc:Nangert_submission_v4,EBot_F,3,1,0,1,3,4,
EBot_F_vs_Nangert_submission_v4,24,LEFT_A,4,5920316184698737765,EBot_F,grpc:Nangert_submission_v4,3,1,0,3,1,4,
EBot_F_vs_Nangert_submission_v4,24,LEFT_B,4,7718950273359719316,grpc:Nangert_submission_v4,EBot_F,1,3,0,3,1,4,
EBot_F_vs_Nangert_submission_v4,25,LEFT_A,4,7776720117800257081,EBot_F,grpc:Nangert_submission_v4,4,0,0,4,0,4,
EBot_F_vs_Nangert_submission_v4,25,LEFT_B,4,12449682866228986811,grpc:Nangert_submission_v4,EBot_F,1,3,0,3,1,4,
EBot_F_vs_Nangert_submission_v4,26,LEFT_A,4,15462016178247415831,EBot_F,grpc:Nangert_submission_v4,4,0,0,4,0,4,
EBot_F_vs_Nangert_submission_v4,26,LEFT_B,4,10285133717588454486,grpc:Nangert_submission_v4,EBot_F,3,1,0,1,3,4,
EBot_F_vs_Nangert_submission_v4,27,LEFT_A,4,6056364089783348649,EBot_F,grpc:Nangert_submission_v4,4,0,0,4,0,4,
EBot_F_vs_Nangert_submission_v4,27,LEFT_B,4,5817738901512649816,grpc:Nangert_submission_v4,EBot_F,3,1,0,1,3,4,
EBot_F_vs_Nangert_submission_v4,28,LEFT_A,4,12656144768559846986,EBot_F,grpc:Nangert_submission_v4,3,1,0,3,1,4,
EBot_F_vs_Nangert_submission_v4,28,LEFT_B,4,7645056328999281537,grpc:Nangert_submission_v4,EBot_F,2,2,0,2,2,4,
EBot_F_vs_Nangert_submission_v4,29,LEFT_A,4,3295842659114163480,EBot_F,grpc:Nangert_submission_v4,4,0,0,4,0,4,
EBot_F_vs_Nangert_submission_v4,29,LEFT_B,4,1609202457478339678,grpc:Nangert_submission_v4,EBot_F,4,0,0,0,4,4,
EBot_F_vs_Nangert_submission_v4,30,LEFT_A,4,3412569392568344375,EBot_F,grpc:Nangert_submission_v4,3,1,0,3,1,4,
EBot_F_vs_Nangert_submission_v4,30,LEFT_B,4,5750426815102355180,grpc:Nangert_submission_v4,EBot_F,2,2,0,2,2,4,
EBot_F_vs_Nangert_submission_v4,31,LEFT_A,4,4544468449101719884,EBot_F,grpc:Nangert_submission_v4,4,0,0,4,0,4,
EBot_F_vs_Nangert_submission_v4,31,LEFT_B,4,11017203026802784204,grpc:Nangert_submission_v4,EBot_F,0,4,0,4,0,4,
EBot_F_vs_Nangert_submission_v4,32,LEFT_A,4,5997351835914330685,EBot_F,grpc:Nangert_submission_v4,3,1,0,3,1,4,
EBot_F_vs_Nangert_submission_v4,32,LEFT_B,4,10470072156774833971,grpc:Nangert_submission_v4,EBot_F,3,1,0,1,3,4,
EBot_F_vs_Nangert_submission_v4,33,LEFT_A,4,18059999104950095010,EBot_F,grpc:Nangert_submission_v4,4,0,0,4,0,4,
EBot_F_vs_Nangert_submission_v4,33,LEFT_B,4,3511536578246477337,grpc:Nangert_submission_v4,EBot_F,2,2,0,2,2,4,
EBot_F_vs_Nangert_submission_v4,34,LEFT_A,4,17118633899689037088,EBot_F,grpc:Nangert_submission_v4,4,0,0,4,0,4,
EBot_F_vs_Nangert_submission_v4,34,LEFT_B,4,15328780946599039502,grpc:Nangert_submission_v4,EBot_F,0,4,0,4,0,4,
EBot_F_vs_Nangert_submission_v4,35,LEFT_A,4,3693676788548352360,EBot_F,grpc:Nangert_submission_v4,4,0,0,4,0,4,
EBot_F_vs_Nangert_submission_v4,35,LEFT_B,4,4022390585767001015,grpc:Nangert_submission_v4,EBot_F,1,3,0,3,1,4,
