pair_id,round_idx,side,runs,seed,left,right,p1_wins,p2_wins,draws,mapped_a_wins,mapped_b_wins,games,avg_ms
EBot_C_vs_SakkirinaSolo,0,LEFT_A,4,12500574497458146844,EBot_C,SakkirinaSolo,3,1,0,3,1,4,
EBot_C_vs_SakkirinaSolo,0,LEFT_B,4,13876581587090493205,SakkirinaSolo,EBot_C,3,1,0,1,3,4,
EBot_C_vs_SakkirinaSolo,1,LEFT_A,4,4639107178560438156,EBot_C,SakkirinaSolo,3,1,0,3,1,4,
EBot_C_vs_SakkirinaSolo,1,LEFT_B,4,9855669574707066274,SakkirinaSolo,EBot_C,4,0,0,0,4,4,
EBot_C_vs_SakkirinaSolo,2,LEFT_A,4,12879165564896332198,EBot_C,SakkirinaSolo,2,2,0,2,2,4,
EBot_C_vs_SakkirinaSolo,2,LEFT_B,4,17679265939188911464,SakkirinaSolo,EBot_C,4,0,0,0,4,4,
EBot_C_vs_SakkirinaSolo,3,LEFT_A,4,4857375396574403462,EBot_C,SakkirinaSolo,2,2,0,2,2,4,
EBot_C_vs_SakkirinaSolo,3,LEFT_B,4,1021822583978819799,SakkirinaSolo,EBot_C,4,0,0,0,4,4,
EBot_C_vs_SakkirinaSolo,4,LEFT_A,4,6661436424271148856,EBot_C,SakkirinaSolo,3,1,0,3,1,4,
EBot_C_vs_SakkirinaSolo,4,LEFT_B,4,13640093660743868080,SakkirinaSolo,EBot_C,4,0,0,0,4,4,
EBot_C_vs_SakkirinaSolo,5,LEFT_A,4,16796445670143786092,EBot_C,SakkirinaSolo,3,1,0,3,1,4,
EBot_C_vs_SakkirinaSolo,5,LEFT_B,4,10293037189316146794,SakkirinaSolo,EBot_C,4,0,0,0,4,4,
EBot_C_vs_SakkirinaSolo,6,LEFT_A,4,4923515546494740945,EBot_C,SakkirinaSolo,2,2,0,2,2,4,
EBot_C_vs_SakkirinaSolo,6,LEFT_B,4,4605429071032364618,SakkirinaSolo,EBot_C,4,0,0,0,4,4,
EBot_C_vs_SakkirinaSolo,7,LEFT_A,4,5949199976529078614,EBot_C,SakkirinaSolo,1,3,0,1,3,4,
EBot_C_vs_SakkirinaSolo,7,LEFT_B,4,16069792641260910119,SakkirinaSolo,EBot_C,4,0,0,0,4,4,
EBot_C_vs_SakkirinaSolo,8,LEFT_A,4,12050347414492235128,EBot_C,SakkirinaSolo,3,1,0,3,1,4,
EBot_C_vs_SakkirinaSolo,8,LEFT_B,4,17612163218136311744,SakkirinaSolo,EBot_C,3,1,0,1,3,4,
EBot_C_vs_SakkirinaSolo,9,LEFT_A,4,7182516389655406031,EBot_C,SakkirinaSolo,0,4,0,0,4,4,
EBot_C_vs_SakkirinaSolo,9,LEFT_B,4,10064637278955319576,SakkirinaSolo,EBot_C,4,0,0,0,4,4,
EBot_C_vs_SakkirinaSolo,10,LEFT_A,4,3021509083575656331,EBot_C,SakkirinaSolo,4,0,0,4,0,4,
EBot_C_vs_SakkirinaSolo,10,LEFT_B,4,190894203843839341,SakkirinaSolo,EBot_C,4,0,0,0,4,4,
EBot_C_vs_SakkirinaSolo,11,LEFT_A,4,18257366657661237343,EBot_C,SakkirinaSolo,2,2,0,2,2,4,
EBot_C_vs_SakkirinaSolo,11,LEFT_B,4,4210963146524387359,SakkirinaSolo,EBot_C,4,0,0,0,4,4,
EBot_C_vs_SakkirinaSolo,12,LEFT_A,4,784070374437303068,EBot_C,SakkirinaSolo,3,1,0,3,1,4,
EBot_C_vs_SakkirinaSolo,12,LEFT_B,4,480238131247081544,SakkirinaSolo,EBot_C,4,0,0,0,4,4,
EBot_C_vs_SakkirinaSolo,13,LEFT_A,4,7848769097443515597,EBot_C,SakkirinaSolo,4,0,0,4,0,4,
EBot_C_vs_SakkirinaSolo,13,LEFT_B,4,15867029838869861269,SakkirinaSolo,EBot_C,4,0,0,0,4,4,
EBot_C_vs_SakkirinaSolo,14,LEFT_A,4,12683409337558207745,EBot_C,SakkirinaSolo,4,0,0,4,0,4,
EBot_C_vs_SakkirinaSolo,14,LEFT_B,4,18065674073036523410,SakkirinaSolo,EBot_C,4,0,0,0,4,4,
EBot_C_vs_SakkirinaSolo,15,LEFT_A,4,7896620151481435356,EBot_C,SakkirinaSolo,3,1,0,3,1,4,
EBot_C_vs_SakkirinaSolo,15,LEFT_B,4,7701757497770958311,SakkirinaSolo,EBot_C,4,0,0,0,4,4,
EBot_C_vs_SakkirinaSolo,16,LEFT_A,4,18168362806937404996,EBot_C,SakkirinaSolo,1,3,0,1,3,4,
EBot_C_vs_SakkirinaSolo,16,LEFT_B,4,10040739862814657599,SakkirinaSolo,EBot_C,4,0,0,0,4,4,
EBot_C_vs_SakkirinaSolo,17,LEFT_A,4,221809405213827610,EBot_C,SakkirinaSolo,2,2,0,2,2,4,
EBot_C_vs_SakkirinaSolo,17,LEFT_B,4,18369664958258758409,SakkirinaSolo,EBot_C,3,1,0,1,3,4,
EBot_C_vs_SakkirinaSolo,18,LEFT_A,4,12559135895921663805,EBot_C,SakkirinaSolo,4,0,0,4,0,4,
EBot_C_vs_SakkirinaSolo,18,LEFT_B,4,15084634433052743699,SakkirinaSolo,EBot_C,4,0,0,0,4,4,
EBot_C_vs_SakkirinaSolo,19,LEFT_A,4,13766467006592002819,EBot_C,SakkirinaSolo,1,3,0,1,3,4,
EBot_C_vs_SakkirinaSolo,19,LEFT_B,4,6766304069291897248,SakkirinaSolo,EBot_C,4,0,0,0,4,4,
EBot_C_vs_SakkirinaSolo,20,LEFT_A,4,7667451047656133542,EBot_C,SakkirinaSolo,1,3,0,1,3,4,
EBot_C_vs_SakkirinaSolo,20,LEFT_B,4,12639540499001059047,SakkirinaSolo,EBot_C,4,0,0,0,4,4,
EBot_C_vs_SakkirinaSolo,21,LEFT_A,4,472168458009827035,EBot_C,SakkirinaSolo,3,1,0,3,1,4,
EBot_C_vs_SakkirinaSolo,21,LEFT_B,4,14947632992386239952,SakkirinaSolo,EBot_C,4,0,0,0,4,4,
EBot_C_vs_SakkirinaSolo,22,LEFT_A,4,16589934765406405474,EBot_C,SakkirinaSolo,2,2,0,2,2,4,
EBot_C_vs_SakkirinaSolo,22,LEFT_B,4,6397443644240613249,SakkirinaSolo,EBot_C,4,0,0,0,4,4,
EBot_C_vs_SakkirinaSolo,23,LEFT_A,4,18311601827327061613,EBot_C,SakkirinaSolo,2,2,0,2,2,4,
EBot_C_vs_SakkirinaSolo,23,LEFT_B,4,9316949768634404063,SakkirinaSolo,EBot_C,4,0,0,0,4,4,
EBot_C_vs_SakkirinaSolo,24,LEFT_A,4,7489649961945671429,EBot_C,SakkirinaSolo,2,2,0,2,2,4,
EBot_C_vs_SakkirinaSolo,24,LEFT_B,4,14081868230135045953,SakkirinaSolo,EBot_C,4,0,0,0,4,4,
EBot_C_vs_SakkirinaSolo,25,LEFT_A,4,4370655236146576688,EBot_C,SakkirinaSolo,2,2,0,2,2,4,
EBot_C_vs_SakkirinaSolo,25,LEFT_B,4,7718130868445417752,SakkirinaSolo,EBot_C,4,0,0,0,4,4,
EBot_C_vs_SakkirinaSolo,26,LEFT_A,4,17728088972365956501,EBot_C,SakkirinaSolo,0,4,0,0,4,4,
EBot_C_vs_SakkirinaSolo,26,LEFT_B,4,1676087450076349636,SakkirinaSolo,EBot_C,4,0,0,0,4,4,
EBot_C_vs_SakkirinaSolo,27,LEFT_A,4,15359046020444865928,EBot_C,SakkirinaSolo,0,4,0,0,4,4,
EBot_C_vs_SakkirinaSolo,27,LEFT_B,4,8924994596234736179,SakkirinaSolo,EBot_C,3,1,0,1,3,4,
EBot_C_vs_SakkirinaSolo,28,LEFT_A,4,5099676536177753044,EBot_C,SakkirinaSolo,2,2,0,2,2,4,
EBot_C_vs_SakkirinaSolo,28,LEFT_B,4,13390577632121496245,SakkirinaSolo,EBot_C,3,1,0,1,3,4,
EBot_C_vs_SakkirinaSolo,29,LEFT_A,4,6540277164090313386,EBot_C,SakkirinaSolo,2,2,0,2,2,4,
EBot_C_vs_SakkirinaSolo,29,LEFT_B,4,2500199169985205407,SakkirinaSolo,EBot_C,3,1,0,1,3,4,
EBot_C_vs_SakkirinaSolo,30,LEFT_A,4,2565905630901252555,EBot_C,SakkirinaSolo,3,1,0,3,1,4,
EBot_C_vs_SakkirinaSolo,30,LEFT_B,4,14072500891376189551,SakkirinaSolo,EBot_C,4,0,0,0,4,4,
EBot_C_vs_SakkirinaSolo,31,LEFT_A,4,9188481288160290525,EBot_C,SakkirinaSolo,1,3,0,1,3,4,
EBot_C_vs_SakkirinaSolo,31,LEFT_B,4,2379847790861264788,SakkirinaSolo,EBot_C,4,0,0,0,4,4,
EBot_C_vs_SakkirinaSolo,32,LEFT_A,4,18185917242529781322,EBot_C,SakkirinaSolo,0,4,0,0,4,4,
EBot_C_vs_SakkirinaSolo,32,LEFT_B,4,10424591959168913462,SakkirinaSolo,EBot_C,4,0,0,0,4,4,
EBot_C_vs_SakkirinaSolo,33,LEFT_A,4,7250326865571628015,EBot_C,SakkirinaSolo,2,2,0,2,2,4,
EBot_C_vs_SakkirinaSolo,33,LEFT_B,4,12676405792685215200,SakkirinaSolo,EBot_C,3,1,0,1,3,4,
EBot_C_vs_SakkirinaSolo,34,LEFT_A,4,1494123266091841014,EBot_C,SakkirinaSolo,3,1,0,3,1,4,
EBot_C_vs_SakkirinaSolo,34,LEFT_B,4,5674064555883759901,SakkirinaSolo,EBot_C,4,0,0,0,4,4,
EBot_C_vs_SakkirinaSolo,35,LEFT_A,4,11780739966759833139,EBot_C,SakkirinaSolo,3,1,0,3,1,4,
EBot_C_vs_SakkirinaSolo,35,LEFT_B,4,7239701506072066211,SakkirinaSolo,EBot_C,4,0,0,0,4,4,
