pair_id,round_idx,side,runs,seed,left,right,p1_wins,p2_wins,draws,mapped_a_wins,mapped_b_wins,games,avg_ms
EBot_C_vs_Nangert_submission_v4,0,LEFT_A,4,5156626112772734605,EBot_C,grpc:Nangert_submission_v4,4,0,0,4,0,4,
EBot_C_vs_Nangert_submission_v4,0,LEFT_B,4,10969266973694484121,grpc:Nangert_submission_v4,EBot_C,3,1,0,1,3,4,
EBot_C_vs_Nangert_submission_v4,1,LEFT_A,4,3838317313461344219,EBot_C,grpc:Nangert_submission_v4,4,0,0,4,0,4,
EBot_C_vs_Nangert_submission_v4,1,LEFT_B,4,6539683825844659326,grpc:Nangert_submission_v4,EBot_C,3,1,0,1,3,4,
EBot_C_vs_Nangert_submission_v4,2,LEFT_A,4,12586042048683656885,EBot_C,grpc:Nangert_submission_v4,2,2,0,2,2,4,
EBot_C_vs_Nangert_submission_v4,2,LEFT_B,4,16463804089341475378,grpc:Nangert_submission_v4,EBot_C,3,1,0,1,3,4,
EBot_C_vs_Nangert_submission_v4,3,LEFT_A,4,12394824673153208341,EBot_C,grpc:Nangert_submission_v4,4,0,0,4,0,4,
EBot_C_vs_Nangert_submission_v4,3,LEFT_B,4,13684024963167000462,grpc:Nangert_submission_v4,EBot_C,1,3,0,3,1,4,
EBot_C_vs_Nangert_submission_v4,4,LEFT_A,4,3179384659936137585,EBot_C,grpc:Nangert_submission_v4,4,0,0,4,0,4,
EBot_C_vs_Nangert_submission_v4,4,LEFT_B,4,17309828568423891684,grpc:Nangert_submission_v4,EBot_C,3,1,0,1,3,4,
EBot_C_vs_Nangert_submission_v4,5,LEFT_A,4,156174683733038144,EBot_C,grpc:Nangert_submission_v4,4,0,0,4,0,4,
EBot_C_vs_Nangert_submission_v4,5,LEFT_B,4,8286558729644663200,grpc:Nangert_submission_v4,EBot_C,2,2,0,2,2,4,
EBot_C_vs_Nangert_submission_v4,6,LEFT_A,4,11000655837854428555,EBot_C,grpc:Nangert_submission_v4,4,0,0,4,0,4,
EBot_C_vs_Nangert_submission_v4,6,LEFT_B,4,2431808238105641213,grpc:Nangert_submission_v4,EBot_C,3,1,0,1,3,4,
EBot_C_vs_Nangert_submission_v4,7,LEFT_A,4,4601318745924830307,EBot_C,grpc:Nangert_submission_v4,4,0,0,4,0,4,
EBot_C_vs_Nangert_submission_v4,7,LEFT_B,4,4004226015810346727,grpc:Nangert_submission_v4,EBot_C,3,1,0,1,3,4,
EBot_C_vs_Nangert_submission_v4,8,LEFT_A,4,10896514761476376968,EBot_C,grpc:Nangert_submission_v4,4,0,0,4,0,4,
EBot_C_vs_Nangert_submission_v4,8,LEFT_B,4,588275412875733357,grpc:Nangert_submission_v4,EBot_C,1,3,0,3,1,4,
EBot_C_vs_Nangert_submission_v4,9,LEFT_A,4,9593240070470033532,EBot_C,grpc:Nangert_submission_v4,3,1,0,3,1,4,
EBot_C_vs_Nangert_submission_v4,9,LEFT_B,4,1990033122852034484,grpc:Nangert_submission_v4,EBot_C,2,2,0,2,2,4,
EBot_C_vs_Nangert_submission_v4,10,LEFT_A,4,7585811874072830590,EBot_C,grpc:Nangert_submission_v4,4,0,0,4,0,4,
EBot_C_vs_Nangert_submission_v4,10,LEFT_B,4,610682966211345204,grpc:Nangert_submission_v4,EBot_C,2,2,0,2,2,4,
EBot_C_vs_Nangert_submission_v4,11,LEFT_A,4,16354316982369997472,EBot_C,grpc:Nangert_submission_v4,4,0,0,4,0,4,
EBot_C_vs_Nangert_submission_v4,11,LEFT_B,4,8280078269464962078,grpc:Nangert_submission_v4,EBot_C,2,2,0,2,2,4,
EBot_C_vs_Nangert_submission_v4,12,LEFT_A,4,2315018553296353615,EBot_C,grpc:Nangert_submission_v4,4,0,0,4,0,4,
EBot_C_vs_Nangert_submission_v4,12,LEFT_B,4,16770262949720394212,grpc:Nangert_submission_v4,EBot_C,3,1,0,1,3,4,
EBot_C_vs_Nangert_submission_v4,13,LEFT_A,4,15124453982508623538,EBot_C,grpc:Nangert_submission_v4,4,0,0,4,0,4,
EBot_C_vs_Nangert_submission_v4,13,LEFT_B,4,593172332412344280,grpc:Nangert_submission_v4,EBot_C,2,2,0,2,2,4,
EBot_C_vs_Nangert_submission_v4,14,LEFT_A,4,11919497133580752858,EBot_C,grpc:Nangert_submission_v4,4,0,0,4,0,4,
EBot_C_vs_Nangert_submission_v4,14,LEFT_B,4,3415193562540255559,grpc:Nangert_submission_v4,EBot_C,1,3,0,3,1,4,
EBot_C_vs_Nangert_submission_v4,15,LEFT_A,4,13354247896941537213,EBot_C,grpc:Nangert_submission_v4,4,0,0,4,0,4,
EBot_C_vs_Nangert_submission_v4,15,LEFT_B,4,3812186292396789806,grpc:Nangert_submission_v4,EBot_C,3,1,0,1,3,4,
EBot_C_vs_Nangert_submission_v4,16,LEFT_A,4,9939334140452307375,EBot_C,grpc:Nangert_submission_v4,3,1,0,3,1,4,
EBot_C_vs_Nangert_submission_v4,16,LEFT_B,4,15207443790348646233,grpc:Nangert_submission_v4,EBot_C,1,3,0,3,1,4,
EBot_C_vs_Nangert_submission_v4,17,LEFT_A,4,1523840056814192561,EBot_C,grpc:Nangert_submission_v4,4,0,0,4,0,4,
EBot_C_vs_Nangert_submission_v4,17,LEFT_B,4,5810573128804412062,grpc:Nangert_submission_v4,EBot_C,1,3,0,3,1,4,
EBot_C_vs_Nangert_submission_v4,18,LEFT_A,4,7880130163513626016,EBot_C,grpc:Nangert_submission_v4,4,0,0,4,0,4,
EBot_C_vs_Nangert_submission_v4,18,LEFT_B,4,14752698131209507142,grpc:Nangert_submission_v4,EBot_C,2,2,0,2,2,4,
EBot_C_vs_Nangert_submission_v4,19,LEFT_A,4,9918574777729938841,EBot_C,grpc:Nangert_submission_v4,4,0,0,4,0,4,
EBot_C_vs_Nangert_submission_v4,19,LEFT_B,4,4884587126963402777,grpc:Nangert_submission_v4,EBot_C,3,1,0,1,3,4,
EBot_C_vs_Nangert_submission_v4,20,LEFT_A,4,1411593683412984283,EBot_C,grpc:Nangert_submission_v4,4,0,0,4,0,4,
EBot_C_vs_Nangert_submission_v4,20,LEFT_B,4,7910283348329627800,grpc:Nangert_submission_v4,EBot_C,0,4,0,4,0,4,
EBot_C_vs_Nangert_submission_v4,21,LEFT_A,4,9722008056767845839,EBot_C,grpc:Nangert_submission_v4,4,0,0,4,0,4,
EBot_C_vs_Nangert_submission_v4,21,LEFT_B,4,6735812809791720277,grpc:Nangert_submission_v4,EBot_C,2,2,0,2,2,4,
EBot_C_vs_Nangert_submission_v4,22,LEFT_A,4,9311580474562536850,EBot_C,grpc:Nangert_submission_v4,3,1,0,3,1,4,
EBot_C_vs_Nangert_submission_v4,22,LEFT_B,4,551292494014939810,grpc:Nangert_submission_v4,EBot_C,0,4,0,4,0,4,
EBot_C_vs_Nangert_submission_v4,23,LEFT_A,4,7892170233547532188,EBot_C,grpc:Nangert_submission_v4,4,0,0,4,0,4,
EBot_C_vs_Nangert_submission_v4,23,LEFT_B,4,9295469852669334940,grpc:Nangert_submission_v4,EBot_C,2,2,0,2,2,4,
EBot_C_vs_Nangert_submission_v4,24,LEFT_A,4,6086734859744225477,EBot_C,grpc:Nangert_submission_v4,3,1,0,3,1,4,
EBot_C_vs_Nangert_submission_v4,24,LEFT_B,4,11788741972276309944,grpc:Nangert_submission_v4,EBot_C,4,0,0,0,4,4,
EBot_C_vs_Nangert_submission_v4,25,LEFT_A,4,833211634437759720,EBot_C,grpc:Nangert_submission_v4,3,1,0,3,1,4,
EBot_C_vs_Nangert_submission_v4,25,LEFT_B,4,10231778577042725322,grpc:Nangert_submission_v4,EBot_C,1,3,0,3,1,4,
EBot_C_vs_Nangert_submission_v4,26,LEFT_A,4,9235495013769434795,EBot_C,grpc:Nangert_submission_v4,4,0,0,4,0,4,
EBot_C_vs_Nangert_submission_v4,26,LEFT_B,4,12198722485722476245,grpc:Nangert_submission_v4,EBot_C,3,1,0,1,3,4,
EBot_C_vs_Nangert_submission_v4,27,LEFT_A,4,17878677963846233429,EBot_C,grpc:Nangert_submission_v4,4,0,0,4,0,4,
EBot_C_vs_Nangert_submission_v4,27,LEFT_B,4,32682515921880617,grpc:Nangert_submission_v4,EBot_C,1,3,0,3,1,4,
EBot_C_vs_Nangert_submission_v4,28,LEFT_A,4,14057655083875103027,EBot_C,grpc:Nangert_submission_v4,4,0,0,4,0,4,
EBot_C_vs_Nangert_submission_v4,28,LEFT_B,4,3905862518987792125,grpc:Nangert_submission_v4,EBot_C,1,3,0,3,1,4,
EBot_C_vs_Nangert_submission_v4,29,LEFT_A,4,15548188888021822928,EBot_C,grpc:Nangert_submission_v4,4,0,0,4,0,4,
EBot_C_vs_Nangert_submission_v4,29,LEFT_B,4,17516723690387504350,grpc:Nangert_submission_v4,EBot_C,3,1,0,1,3,4,
EBot_C_vs_Nangert_submission_v4,30,LEFT_A,4,10104713370826698862,EBot_C,grpc:Nangert_submission_v4,4,0,0,4,0,4,
EBot_C_vs_Nangert_submission_v4,30,LEFT_B,4,6479824879927051270,grpc:Nangert_submission_v4,EBot_C,2,2,0,2,2,4,
EBot_C_vs_Nangert_submission_v4,31,LEFT_A,4,1574080252167729764,EBot_C,grpc:Nangert_submission_v4,4,0,0,4,0,4,
EBot_C_vs_Nangert_submission_v4,31,LEFT_B,4,18414777512729501610,grpc:Nangert_submission_v4,EBot_C,1,3,0,3,1,4,
EBot_C_vs_Nangert_submission_v4,32,LEFT_A,4,6458549323096687312,EBot_C,grpc:Nangert_submission_v4,3,1,0,3,1,4,
EBot_C_vs_Nangert_submission_v4,32,LEFT_B,4,7529091649263718870,grpc:Nangert_submission_v4,EBot_C,2,2,0,2,2,4,
EBot_C_vs_Nangert_submission_v4,33,LEFT_A,4,1310039145012064845,EBot_C,grpc:Nangert_submission_v4,4,0,0,4,0,4,
EBot_C_vs_Nangert_submission_v4,33,LEFT_B,4,4695067236556956288,grpc:Nangert_submission_v4,EBot_C,1,3,0,3,1,4,
EBot_C_vs_Nangert_submission_v4,34,LEFT_A,4,6241758993021992060,EBot_C,grpc:Nangert_submission_v4,4,0,0,4,0,4,
EBot_C_vs_Nangert_submission_v4,34,LEFT_B,4,4339166447780738713,grpc:Nangert_submission_v4,EBot_C,2,2,0,2,2,4,
EBot_C_vs_Nangert_submission_v4,35,LEFT_A,4,4184631492384795921,EBot_C,grpc:Nangert_submission_v4,2,2,0,2,2,4,
EBot_C_vs_Nangert_submission_v4,35,LEFT_B,4,3373390095135945413,grpc:Nangert_submission_v4,EBot_C,2,2,0,2,2,4,
