pair_id,round_idx,side,runs,seed,left,right,p1_wins,p2_wins,draws,mapped_a_wins,mapped_b_wins,games,avg_ms
EBot_F_vs_Sakkirina,0,LEFT_A,4,2429620112170167178,EBot_F,Sakkirina,2,2,0,2,2,4,
EBot_F_vs_Sakkirina,0,LEFT_B,4,1358056228832631877,Sakkirina,EBot_F,4,0,0,0,4,4,
EBot_F_vs_Sakkirina,1,LEFT_A,4,12230640938438023753,EBot_F,Sakkirina,1,3,0,1,3,4,
EBot_F_vs_Sakkirina,1,LEFT_B,4,3741969093454507847,Sakkirina,EBot_F,2,2,0,2,2,4,
EBot_F_vs_Sakkirina,2,LEFT_A,4,7546323025656644091,EBot_F,Sakkirina,2,2,0,2,2,4,
EBot_F_vs_Sakkirina,2,LEFT_B,4,11679825312079663426,Sakkirina,EBot_F,3,1,0,1,3,4,
EBot_F_vs_Sakkirina,3,LEFT_A,4,137959984559923183,EBot_F,Sakkirina,3,1,0,3,1,4,
EBot_F_vs_Sakkirina,3,LEFT_B,4,7322202051003135228,Sakkirina,EBot_F,3,1,0,1,3,4,
EBot_F_vs_Sakkirina,4,LEFT_A,4,10928364624506768390,EBot_F,Sakkirina,0,4,0,0,4,4,
EBot_F_vs_Sakkirina,4,LEFT_B,4,11366060853549700533,Sakkirina,EBot_F,3,1,0,1,3,4,
EBot_F_vs_Sakkirina,5,LEFT_A,4,16025677104584521842,EBot_F,Sakkirina,3,1,0,3,1,4,
EBot_F_vs_Sakkirina,5,LEFT_B,4,17027734389847394056,Sakkirina,EBot_F,3,1,0,1,3,4,
EBot_F_vs_Sakkirina,6,LEFT_A,4,5448079093736315692,EBot_F,Sakkirina,0,4,0,0,4,4,
EBot_F_vs_Sakkirina,6,LEFT_B,4,12164989304965200348,Sakkirina,EBot_F,2,2,0,2,2,4,
EBot_F_vs_Sakkirina,7,LEFT_A,4,1419436404796809104,EBot_F,Sakkirina,2,2,0,2,2,4,
EBot_F_vs_Sakkirina,7,LEFT_B,4,3741625981114226365,Sakkirina,EBot_F,3,1,0,1,3,4,
EBot_F_vs_Sakkirina,8,LEFT_A,4,15503215158741933796,EBot_F,Sakkirina,2,2,0,2,2,4,
EBot_F_vs_Sakkirina,8,LEFT_B,4,11827440379745878386,Sakkirina,EBot_F,3,1,0,1,3,4,
EBot_F_vs_Sakkirina,9,LEFT_A,4,7969686345344278763,EBot_F,Sakkirina,0,4,0,0,4,4,
EBot_F_vs_Sakkirina,9,LEFT_B,4,4036755845938835131,Sakkirina,EBot_F,4,0,0,0,4,4,
EBot_F_vs_Sakkirina,10,LEFT_A,4,7366428100628788250,EBot_F,Sakkirina,2,2,0,2,2,4,
EBot_F_vs_Sakkirina,10,LEFT_B,4,11031501220349058891,Sakkirina,EBot_F,3,1,0,1,3,4,
EBot_F_vs_Sakkirina,11,LEFT_A,4,4117987365507761141,EBot_F,Sakkirina,1,3,0,1,3,4,
EBot_F_vs_Sakkirina,11,LEFT_B,4,6176985915991402274,Sakkirina,EBot_F,3,1,0,1,3,4,
EBot_F_vs_Sakkirina,12,LEFT_A,4,15325660795768018750,EBot_F,Sakkirina,0,4,0,0,4,4,
EBot_F_vs_Sakkirina,12,LEFT_B,4,18062825406385372920,Sakkirina,EBot_F,3,1,0,1,3,4,
EBot_F_vs_Sakkirina,13,LEFT_A,4,12124950484494530727,EBot_F,Sakkirina,2,2,0,2,2,4,
EBot_F_vs_Sakkirina,13,LEFT_B,4,14207470003278658031,Sakkirina,EBot_F,4,0,0,0,4,4,
EBot_F_vs_Sakkirina,14,LEFT_A,4,2084147681747647116,EBot_F,Sakkirina,1,3,0,1,3,4,
EBot_F_vs_Sakkirina,14,LEFT_B,4,3556603330595569917,Sakkirina,EBot_F,4,0,0,0,4,4,
EBot_F_vs_Sakkirina,15,LEFT_A,4,2343890303620831969,EBot_F,Sakkirina,1,3,0,1,3,4,
EBot_F_vs_Sakkirina,15,LEFT_B,4,4123683267057506494,Sakkirina,EBot_F,4,0,0,0,4,4,
EBot_F_vs_Sakkirina,16,LEFT_A,4,17060960140700198629,EBot_F,Sakkirina,2,2,0,2,2,4,
EBot_F_vs_Sakkirina,16,LEFT_B,4,14656291391175148547,Sakkirina,EBot_F,4,0,0,0,4,4,
EBot_F_vs_Sakkirina,17,LEFT_A,4,15334617786001905015,EBot_F,Sakkirina,2,2,0,2,2,4,
EBot_F_vs_Sakkirina,17,LEFT_B,4,15960513787511466402,Sakkirina,EBot_F,4,0,0,0,4,4,
EBot_F_vs_Sakkirina,18,LEFT_A,4,15147257898425916225,EBot_F,Sakkirina,1,3,0,1,3,4,
EBot_F_vs_Sakkirina,18,LEFT_B,4,7990116688010105916,Sakkirina,EBot_F,1,3,0,3,1,4,
EBot_F_vs_Sakkirina,19,LEFT_A,4,17354983688733427937,EBot_F,Sakkirina,1,3,0,1,3,4,
EBot_F_vs_Sakkirina,19,LEFT_B,4,14300928250117318117,Sakkirina,EBot_F,3,1,0,1,3,4,
EBot_F_vs_Sakkirina,20,LEFT_A,4,17028398876443480546,EBot_F,Sakkirina,2,2,0,2,2,4,
EBot_F_vs_Sakkirina,20,LEFT_B,4,2131077800447395934,Sakkirina,EBot_F,4,0,0,0,4,4,
EBot_F_vs_Sakkirina,21,LEFT_A,4,8498788340338558894,EBot_F,Sakkirina,1,3,0,1,3,4,
EBot_F_vs_Sakkirina,21,LEFT_B,4,14168664811886399927,Sakkirina,EBot_F,4,0,0,0,4,4,
EBot_F_vs_Sakkirina,22,LEFT_A,4,11401304143599698539,EBot_F,Sakkirina,1,3,0,1,3,4,
EBot_F_vs_Sakkirina,22,LEFT_B,4,14544191392501469546,Sakkirina,EBot_F,2,2,0,2,2,4,
EBot_F_vs_Sakkirina,23,LEFT_A,4,1702594837900042446,EBot_F,Sakkirina,2,2,0,2,2,4,
EBot_F_vs_Sakkirina,23,LEFT_B,4,15257759821301748415,Sakkirina,EBot_F,3,1,0,1,3,4,
EBot_F_vs_Sakkirina,24,LEFT_A,4,12313647493863842234,EBot_F,Sakkirina,1,3,0,1,3,4,
EBot_F_vs_Sakkirina,24,LEFT_B,4,12663524705557240016,Sakkirina,EBot_F,3,1,0,1,3,4,
EBot_F_vs_Sakkirina,25,LEFT_A,4,4016109946818465688,EBot_F,Sakkirina,1,3,0,1,3,4,
EBot_F_vs_Sakkirina,25,LEFT_B,4,18317023043830279967,Sakkirina,EBot_F,4,0,0,0,4,4,
EBot_F_vs_Sakkirina,26,LEFT_A,4,6914031699100854403,EBot_F,Sakkirina,0,4,0,0,4,4,
EBot_F_vs_Sakkirina,26,LEFT_B,4,1627084868887249958,Sakkirina,EBot_F,4,0,0,0,4,4,
EBot_F_vs_Sakkirina,27,LEFT_A,4,16403821638914681120,EBot_F,Sakkirina,2,2,0,2,2,4,
EBot_F_vs_Sakkirina,27,LEFT_B,4,3422640489104306355,Sakkirina,EBot_F,3,1,0,1,3,4,
EBot_F_vs_Sakkirina,28,LEFT_A,4,10326746922851010307,EBot_F,Sakkirina,2,2,0,2,2,4,
EBot_F_vs_Sakkirina,28,LEFT_B,4,6165970214597248385,Sakkirina,EBot_F,1,3,0,3,1,4,
EBot_F_vs_Sakkirina,29,LEFT_A,4,1811449523754043224,EBot_F,Sakkirina,2,2,0,2,2,4,
EBot_F_vs_Sakkirina,29,LEFT_B,4,9774331970938662249,Sakkirina,EBot_F,4,0,0,0,4,4,
EBot_F_vs_Sakkirina,30,LEFT_A,4,4449629796711080632,EBot_F,Sakkirina,1,3,0,1,3,4,
EBot_F_vs_Sakkirina,30,LEFT_B,4,3686523773720785817,Sakkirina,EBot_F,4,0,0,0,4,4,
EBot_F_vs_Sakkirina,31,LEFT_A,4,2175452729316112027,EBot_F,Sakkirina,2,2,0,2,2,4,
EBot_F_vs_Sakkirina,31,LEFT_B,4,15230677417760943851,Sakkirina,EBot_F,4,0,0,0,4,4,
EBot_F_vs_Sakkirina,32,LEFT_A,4,13696983408710450612,EBot_F,Sakkirina,2,2,0,2,2,4,
EBot_F_vs_Sakkirina,32,LEFT_B,4,10966073789847892363,Sakkirina,EBot_F,3,1,0,1,3,4,
EBot_F_vs_Sakkirina,33,LEFT_A,4,2416752782940958899,EBot_F,Sakkirina,2,2,0,2,2,4,
EBot_F_vs_Sakkirina,33,LEFT_B,4,6832230996405347562,Sakkirina,EBot_F,4,0,0,0,4,4,
EBot_F_vs_Sakkirina,34,LEFT_A,4,4312495908810831884,EBot_F,Sakkirina,2,2,0,2,2,4,
EBot_F_vs_Sakkirina,34,LEFT_B,4,18056905805349283261,Sakkirina,EBot_F,3,1,0,1,3,4,
EBot_F_vs_Sakkirina,35,LEFT_A,4,7945157592648004829,EBot_F,Sakkirina,4,0,0,4,0,4,
EBot_F_vs_Sakkirina,35,LEFT_B,4,11248204737655614533,Sakkirina,EBot_F,3,1,0,1,3,4,
