pair_id,round_idx,side,runs,seed,left,right,p1_wins,p2_wins,draws,mapped_a_wins,mapped_b_wins,games,avg_ms
EBot_F_vs_HQL_Plus_BOT,0,LEFT_A,4,14975322913123641908,EBot_F,HQL_Plus_BOT,0,4,0,0,4,4,
EBot_F_vs_HQL_Plus_BOT,0,LEFT_B,4,12765233179917599250,HQL_Plus_BOT,EBot_F,4,0,0,0,4,4,
EBot_F_vs_HQL_Plus_BOT,1,LEFT_A,4,16779466800206465006,EBot_F,HQL_Plus_BOT,3,1,0,3,1,4,
EBot_F_vs_HQL_Plus_BOT,1,LEFT_B,4,11906039975527765914,HQL_Plus_BOT,EBot_F,1,3,0,3,1,4,
EBot_F_vs_HQL_Plus_BOT,2,LEFT_A,4,1641382015687639847,EBot_F,HQL_Plus_BOT,4,0,0,4,0,4,
EBot_F_vs_HQL_Plus_BOT,2,LEFT_B,4,11310675658227528280,HQL_Plus_BOT,EBot_F,3,1,0,1,3,4,
EBot_F_vs_HQL_Plus_BOT,3,LEFT_A,4,1627084869325268570,EBot_F,HQL_Plus_BOT,0,4,0,0,4,4,
EBot_F_vs_HQL_Plus_BOT,3,LEFT_B,4,994553359938083235,HQL_Plus_BOT,EBot_F,3,1,0,1,3,4,
EBot_F_vs_HQL_Plus_BOT,4,LEFT_A,4,9310481674778711560,EBot_F,HQL_Plus_BOT,3,1,0,3,1,4,
EBot_F_vs_HQL_Plus_BOT,4,LEFT_B,4,16662387624668791460,HQL_Plus_BOT,EBot_F,2,2,0,2,2,4,
EBot_F_vs_HQL_Plus_BOT,5,LEFT_A,4,13232261052826245573,EBot_F,HQL_Plus_BOT,2,2,0,2,2,4,
EBot_F_vs_HQL_Plus_BOT,5,LEFT_B,4,989195985915650217,HQL_Plus_BOT,EBot_F,3,1,0,1,3,4,
EBot_F_vs_HQL_Plus_BOT,6,LEFT_A,4,13336336173562390453,EBot_F,HQL_Plus_BOT,2,2,0,2,2,4,
EBot_F_vs_HQL_Plus_BOT,6,LEFT_B,4,14810407208639004286,HQL_Plus_BOT,EBot_F,3,1,0,1,3,4,
EBot_F_vs_HQL_Plus_BOT,7,LEFT_A,4,18088454233702142872,EBot_F,HQL_Plus_BOT,2,2,0,2,2,4,
EBot_F_vs_HQL_Plus_BOT,7,LEFT_B,4,14539024509974004633,HQL_Plus_BOT,EBot_F,4,0,0,0,4,4,
EBot_F_vs_HQL_Plus_BOT,8,LEFT_A,4,4824591081395161130,EBot_F,HQL_Plus_BOT,2,2,0,2,2,4,
EBot_F_vs_HQL_Plus_BOT,8,LEFT_B,4,5705402983355308480,HQL_Plus_BOT,EBot_F,3,1,0,1,3,4,
EBot_F_vs_HQL_Plus_BOT,9,LEFT_A,4,293550363113245057,EBot_F,HQL_Plus_BOT,0,4,0,0,4,4,
EBot_F_vs_HQL_Plus_BOT,9,LEFT_B,4,4496780834058403474,HQL_Plus_BOT,EBot_F,4,0,0,0,4,4,
EBot_F_vs_HQL_Plus_BOT,10,LEFT_A,4,8073663661519704727,EBot_F,HQL_Plus_BOT,1,3,0,1,3,4,
EBot_F_vs_HQL_Plus_BOT,10,LEFT_B,4,16133206957910635125,HQL_Plus_BOT,EBot_F,2,2,0,2,2,4,
EBot_F_vs_HQL_Plus_BOT,11,LEFT_A,4,14466762912229153758,EBot_F,HQL_Plus_BOT,3,1,0,3,1,4,
EBot_F_vs_HQL_Plus_BOT,11,LEFT_B,4,17831412561097990887,HQL_Plus_BOT,EBot_F,3,1,0,1,3,4,
EBot_F_vs_HQL_Plus_BOT,12,LEFT_A,4,324192810681465697,EBot_F,HQL_Plus_BOT,2,2,0,2,2,4,
EBot_F_vs_HQL_Plus_BOT,12,LEFT_B,4,9689517789551120337,HQL_Plus_BOT,EBot_F,3,1,0,1,3,4,
EBot_F_vs_HQL_Plus_BOT,13,LEFT_A,4,13403448035629847477,EBot_F,HQL_Plus_BOT,2,2,0,2,2,4,
EBot_F_vs_HQL_Plus_BOT,13,LEFT_B,4,6465450630865002351,HQL_Plus_BOT,EBot_F,3,1,0,1,3,4,
EBot_F_vs_HQL_Plus_BOT,14,LEFT_A,4,15885346327799583186,EBot_F,HQL_Plus_BOT,2,2,0,2,2,4,
EBot_F_vs_HQL_Plus_BOT,14,LEFT_B,4,9253776270695547277,HQL_Plus_BOT,EBot_F,3,1,0,1,3,4,
EBot_F_vs_HQL_Plus_BOT,15,LEFT_A,4,11495151292977833035,EBot_F,HQL_Plus_BOT,3,1,0,3,1,4,
EBot_F_vs_HQL_Plus_BOT,15,LEFT_B,4,2979726395964409446,HQL_Plus_BOT,EBot_F,4,0,0,0,4,4,
EBot_F_vs_HQL_Plus_BOT,16,LEFT_A,4,4187208490580472658,EBot_F,HQL_Plus_BOT,1,3,0,1,3,4,
EBot_F_vs_HQL_Plus_BOT,16,LEFT_B,4,4547305459256713319,HQL_Plus_BOT,EBot_F,3,1,0,1,3,4,
EBot_F_vs_HQL_Plus_BOT,17,LEFT_A,4,2265835737322069505,EBot_F,HQL_Plus_BOT,3,1,0,3,1,4,
EBot_F_vs_HQL_Plus_BOT,17,LEFT_B,4,14137443166297311591,HQL_Plus_BOT,EBot_F,2,2,0,2,2,4,
EBot_F_vs_HQL_Plus_BOT,18,LEFT_A,4,10079225169990084042,EBot_F,HQL_Plus_BOT,2,2,0,2,2,4,
EBot_F_vs_HQL_Plus_BOT,18,LEFT_B,4,3802707216074888206,HQL_Plus_BOT,EBot_F,3,1,0,1,3,4,
EBot_F_vs_HQL_Plus_BOT,19,LEFT_A,4,12479044398993441514,EBot_F,HQL_Plus_BOT,1,3,0,1,3,4,
EBot_F_vs_HQL_Plus_BOT,19,LEFT_B,4,8740667548221594729,HQL_Plus_BOT,EBot_F,4,0,0,0,4,4,
EBot_F_vs_HQL_Plus_BOT,20,LEFT_A,4,149162074691134659,EBot_F,HQL_Plus_BOT,2,2,0,2,2,4,
EBot_F_vs_HQL_Plus_BOT,20,LEFT_B,4,14017807859476117060,HQL_Plus_BOT,EBot_F,4,0,0,0,4,4,
EBot_F_vs_HQL_Plus_BOT,21,LEFT_A,4,2677134674771919382,EBot_F,HQL_Plus_BOT,2,2,0,2,2,4,
EBot_F_vs_HQL_Plus_BOT,21,LEFT_B,4,16197615915451529067,HQL_Plus_BOT,EBot_F,3,1,0,1,3,4,
EBot_F_vs_HQL_Plus_BOT,22,LEFT_A,4,17354289989506023464,EBot_F,HQL_Plus_BOT,2,2,0,2,2,4,
EBot_F_vs_HQL_Plus_BOT,22,LEFT_B,4,6493871534387546713,HQL_Plus_BOT,EBot_F,3,1,0,1,3,4,
EBot_F_vs_HQL_Plus_BOT,23,LEFT_A,4,13022441989433889979,EBot_F,HQL_Plus_BOT,3,1,0,3,1,4,
EBot_F_vs_HQL_Plus_BOT,23,LEFT_B,4,1129414273283416892,HQL_Plus_BOT,EBot_F,3,1,0,1,3,4,
EBot_F_vs_HQL_Plus_BOT,24,LEFT_A,4,3974776584133974504,EBot_F,HQL_Plus_BOT,1,3,0,1,3,4,
EBot_F_vs_HQL_Plus_BOT,24,LEFT_B,4,10424588805403237151,HQL_Plus_BOT,EBot_F,2,2,0,2,2,4,
EBot_F_vs_HQL_Plus_BOT,25,LEFT_A,4,17949910602679581776,EBot_F,HQL_Plus_BOT,3,1,0,3,1,4,
EBot_F_vs_HQL_Plus_BOT,25,LEFT_B,4,4043293632279642452,HQL_Plus_BOT,EBot_F,4,0,0,0,4,4,
EBot_F_vs_HQL_Plus_BOT,26,LEFT_A,4,4982591293104822855,EBot_F,HQL_Plus_BOT,0,4,0,0,4,4,
EBot_F_vs_HQL_Plus_BOT,26,LEFT_B,4,12714104887478053993,HQL_Plus_BOT,EBot_F,4,0,0,0,4,4,
EBot_F_vs_HQL_Plus_BOT,27,LEFT_A,4,10827609405803966952,EBot_F,HQL_Plus_BOT,3,1,0,3,1,4,
EBot_F_vs_HQL_Plus_BOT,27,LEFT_B,4,17031357160025303095,HQL_Plus_BOT,EBot_F,3,1,0,1,3,4,
EBot_F_vs_HQL_Plus_BOT,28,LEFT_A,4,14621638888849520713,EBot_F,HQL_Plus_BOT,1,3,0,1,3,4,
EBot_F_vs_HQL_Plus_BOT,28,LEFT_B,4,16151712850778453865,HQL_Plus_BOT,EBot_F,2,2,0,2,2,4,
EBot_F_vs_HQL_Plus_BOT,29,LEFT_A,4,10824377138427567422,EBot_F,HQL_Plus_BOT,3,1,0,3,1,4,
EBot_F_vs_HQL_Plus_BOT,29,LEFT_B,4,14081211684821136713,HQL_Plus_BOT,EBot_F,3,1,0,1,3,4,
EBot_F_vs_HQL_Plus_BOT,30,LEFT_A,4,16504309336801001705,EBot_F,HQL_Plus_BOT,1,3,0,1,3,4,
EBot_F_vs_HQL_Plus_BOT,30,LEFT_B,4,7274995658872000942,HQL_Plus_BOT,EBot_F,3,1,0,1,3,4,
EBot_F_vs_HQL_Plus_BOT,31,LEFT_A,4,5636871339263086504,EBot_F,HQL_Plus_BOT,2,2,0,2,2,4,
EBot_F_vs_HQL_Plus_BOT,31,LEFT_B,4,17824978300294108207,HQL_Plus_BOT,EBot_F,4,0,0,0,4,4,
EBot_F_vs_HQL_Plus_BOT,32,LEFT_A,4,12521336459136968151,EBot_F,HQL_Plus_BOT,3,1,0,3,1,4,
EBot_F_vs_HQL_Plus_BOT,32,LEFT_B,4,12538901308698065551,HQL_Plus_BOT,EBot_F,2,2,0,2,2,4,
EBot_F_vs_HQL_Plus_BOT,33,LEFT_A,4,14611403623398647571,EBot_F,HQL_Plus_BOT,1,3,0,1,3,4,
EBot_F_vs_HQL_Plus_BOT,33,LEFT_B,4,3320928225826011141,HQL_Plus_BOT,EBot_F,3,1,0,1,3,4,
EBot_F_vs_HQL_Plus_BOT,34,LEFT_A,4,17936334707947827652,EBot_F,HQL_Plus_BOT,0,4,0,0,4,4,
EBot_F_vs_HQL_Plus_BOT,34,LEFT_B,4,10955008222676080402,HQL_Plus_BOT,EBot_F,4,0,0,0,4,4,
EBot_F_vs_HQL_Plus_BOT,35,LEFT_A,4,2987167339273514547,EBot_F,HQL_Plus_BOT,3,1,0,3,1,4,
EBot_F_vs_HQL_Plus_BOT,35,LEFT_B,4,3254141725059386045,HQL_Plus_BOT,EBot_F,3,1,0,1,3,4,
