pair_id,round_idx,side,runs,seed,left,right,p1_wins,p2_wins,draws,mapped_a_wins,mapped_b_wins,games,avg_ms
EBot_C_vs_HQL_Plus_BOT,0,LEFT_A,4,10489230730581778892,EBot_C,HQL_Plus_BOT,3,1,0,3,1,4,
EBot_C_vs_HQL_Plus_BOT,0,LEFT_B,4,5482010842686619270,HQL_Plus_BOT,EBot_C,1,3,0,3,1,4,
EBot_C_vs_HQL_Plus_BOT,1,LEFT_A,4,5269010048547665686,EBot_C,HQL_Plus_BOT,3,1,0,3,1,4,
EBot_C_vs_HQL_Plus_BOT,1,LEFT_B,4,9371404888329543977,HQL_Plus_BOT,EBot_C,2,2,0,2,2,4,
EBot_C_vs_HQL_Plus_BOT,2,LEFT_A,4,7592302508234976470,EBot_C,HQL_Plus_BOT,1,3,0,1,3,4,
EBot_C_vs_HQL_Plus_BOT,2,LEFT_B,4,15718048761713452286,HQL_Plus_BOT,EBot_C,4,0,0,0,4,4,
EBot_C_vs_HQL_Plus_BOT,3,LEFT_A,4,8415680753144654328,EBot_C,HQL_Plus_BOT,2,2,0,2,2,4,
EBot_C_vs_HQL_Plus_BOT,3,LEFT_B,4,12360081137159469891,HQL_Plus_BOT,EBot_C,4,0,0,0,4,4,
EBot_C_vs_HQL_Plus_BOT,4,LEFT_A,4,9578472165290797522,EBot_C,HQL_Plus_BOT,3,1,0,3,1,4,
EBot_C_vs_HQL_Plus_BOT,4,LEFT_B,4,226504345402665605,HQL_Plus_BOT,EBot_C,2,2,0,2,2,4,
EBot_C_vs_HQL_Plus_BOT,5,LEFT_A,4,8349307141955716362,EBot_C,HQL_Plus_BOT,4,0,0,4,0,4,
EBot_C_vs_HQL_Plus_BOT,5,LEFT_B,4,10124429162707285883,HQL_Plus_BOT,EBot_C,2,2,0,2,2,4,
EBot_C_vs_HQL_Plus_BOT,6,LEFT_A,4,2808231681579702704,EBot_C,HQL_Plus_BOT,2,2,0,2,2,4,
EBot_C_vs_HQL_Plus_BOT,6,LEFT_B,4,3808424743898139622,HQL_Plus_BOT,EBot_C,3,1,0,1,3,4,
EBot_C_vs_HQL_Plus_BOT,7,LEFT_A,4,16806562120854180643,EBot_C,HQL_Plus_BOT,2,2,0,2,2,4,
EBot_C_vs_HQL_Plus_BOT,7,LEFT_B,4,8529559603825674707,HQL_Plus_BOT,EBot_C,2,2,0,2,2,4,
EBot_C_vs_HQL_Plus_BOT,8,LEFT_A,4,11289669440114176166,EBot_C,HQL_Plus_BOT,4,0,0,4,0,4,
EBot_C_vs_HQL_Plus_BOT,8,LEFT_B,4,1127527725187128706,HQL_Plus_BOT,EBot_C,3,1,0,1,3,4,
EBot_C_vs_HQL_Plus_BOT,9,LEFT_A,4,18261195619698587032,EBot_C,HQL_Plus_BOT,2,2,0,2,2,4,
EBot_C_vs_HQL_Plus_BOT,9,LEFT_B,4,9681736651289868509,HQL_Plus_BOT,EBot_C,3,1,0,1,3,4,
EBot_C_vs_HQL_Plus_BOT,10,LEFT_A,4,12315091968764677007,EBot_C,HQL_Plus_BOT,4,0,0,4,0,4,
EBot_C_vs_HQL_Plus_BOT,10,LEFT_B,4,487420240211492002,HQL_Plus_BOT,EBot_C,3,1,0,1,3,4,
EBot_C_vs_HQL_Plus_BOT,11,LEFT_A,4,10170232382816386729,EBot_C,HQL_Plus_BOT,2,2,0,2,2,4,
EBot_C_vs_HQL_Plus_BOT,11,LEFT_B,4,4163462389711003359,HQL_Plus_BOT,EBot_C,1,3,0,3,1,4,
EBot_C_vs_HQL_Plus_BOT,12,LEFT_A,4,11064415981367616455,EBot_C,HQL_Plus_BOT,3,1,0,3,1,4,
EBot_C_vs_HQL_Plus_BOT,12,LEFT_B,4,2860049473744045805,HQL_Plus_BOT,EBot_C,3,1,0,1,3,4,
EBot_C_vs_HQL_Plus_BOT,13,LEFT_A,4,4882111267817315301,EBot_C,HQL_Plus_BOT,2,2,0,2,2,4,
EBot_C_vs_HQL_Plus_BOT,13,LEFT_B,4,6985785430967136637,HQL_Plus_BOT,EBot_C,1,3,0,3,1,4,
EBot_C_vs_HQL_Plus_BOT,14,LEFT_A,4,4682558179658529944,EBot_C,HQL_Plus_BOT,2,2,0,2,2,4,
EBot_C_vs_HQL_Plus_BOT,14,LEFT_B,4,11137473536634942781,HQL_Plus_BOT,EBot_C,2,2,0,2,2,4,
EBot_C_vs_HQL_Plus_BOT,15,LEFT_A,4,2125018514697073031,EBot_C,HQL_Plus_BOT,0,4,0,0,4,4,
EBot_C_vs_HQL_Plus_BOT,15,LEFT_B,4,5589752120916319994,HQL_Plus_BOT,EBot_C,2,2,0,2,2,4,
EBot_C_vs_HQL_Plus_BOT,16,LEFT_A,4,6825832183037785102,EBot_C,HQL_Plus_BOT,2,2,0,2,2,4,
EBot_C_vs_HQL_Plus_BOT,16,LEFT_B,4,11263451485432555073,HQL_Plus_BOT,EBot_C,2,2,0,2,2,4,
EBot_C_vs_HQL_Plus_BOT,17,LEFT_A,4,16334024798633986648,EBot_C,HQL_Plus_BOT,2,2,0,2,2,4,
EBot_C_vs_HQL_Plus_BOT,17,LEFT_B,4,18205761777952772832,HQL_Plus_BOT,EBot_C,3,1,0,1,3,4,
EBot_C_vs_HQL_Plus_BOT,18,LEFT_A,4,11072336818341567538,EBot_C,HQL_Plus_BOT,1,3,0,1,3,4,
EBot_C_vs_HQL_Plus_BOT,18,LEFT_B,4,2928325397626265384,HQL_Plus_BOT,EBot_C,3,1,0,1,3,4,
EBot_C_vs_HQL_Plus_BOT,19,LEFT_A,4,13354945928104718508,EBot_C,HQL_Plus_BOT,2,2,0,2,2,4,
EBot_C_vs_HQL_Plus_BOT,19,LEFT_B,4,7356430808446525019,HQL_Plus_BOT,EBot_C,3,1,0,1,3,4,
EBot_C_vs_HQL_Plus_BOT,20,LEFT_A,4,3609997127166492809,EBot_C,HQL_Plus_BOT,2,2,0,2,2,4,
EBot_C_vs_HQL_Plus_BOT,20,LEFT_B,4,7145086429102079486,HQL_Plus_BOT,EBot_C,1,3,0,3,1,4,
EBot_C_vs_HQL_Plus_BOT,21,LEFT_A,4,4282548899349878492,EBot_C,HQL_Plus_BOT,2,2,0,2,2,4,
EBot_C_vs_HQL_Plus_BOT,21,LEFT_B,4,17858857450881544421,HQL_Plus_BOT,EBot_C,4,0,0,0,4,4,
EBot_C_vs_HQL_Plus_BOT,22,LEFT_A,4,15793196855607259011,EBot_C,HQL_Plus_BOT,2,2,0,2,2,4,
EBot_C_vs_HQL_Plus_BOT,22,LEFT_B,4,1820417947133155017,HQL_Plus_BOT,EBot_C,4,0,0,0,4,4,
EBot_C_vs_HQL_Plus_BOT,23,LEFT_A,4,7018208948435553255,EBot_C,HQL_Plus_BOT,3,1,0,3,1,4,
EBot_C_vs_HQL_Plus_BOT,23,LEFT_B,4,10739253403272456890,HQL_Plus_BOT,EBot_C,3,1,0,1,3,4,
EBot_C_vs_HQL_Plus_BOT,24,LEFT_A,4,4966557575725300671,EBot_C,HQL_Plus_BOT,4,0,0,4,0,4,
EBot_C_vs_HQL_Plus_BOT,24,LEFT_B,4,12975174860799510286,HQL_Plus_BOT,EBot_C,1,3,0,3,1,4,
EBot_C_vs_HQL_Plus_BOT,25,LEFT_A,4,8413910008642220223,EBot_C,HQL_Plus_BOT,3,1,0,3,1,4,
EBot_C_vs_HQL_Plus_BOT,25,LEFT_B,4,910659086869538468,HQL_Plus_BOT,EBot_C,3,1,0,1,3,4,
EBot_C_vs_HQL_Plus_BOT,26,LEFT_A,4,10329864734497178513,EBot_C,HQL_Plus_BOT,2,2,0,2,2,4,
EBot_C_vs_HQL_Plus_BOT,26,LEFT_B,4,4679347831340539103,HQL_Plus_BOT,EBot_C,4,0,0,0,4,4,
EBot_C_vs_HQL_Plus_BOT,27,LEFT_A,4,10366135032611474513,EBot_C,HQL_Plus_BOT,2,2,0,2,2,4,
EBot_C_vs_HQL_Plus_BOT,27,LEFT_B,4,14573522034485229470,HQL_Plus_BOT,EBot_C,2,2,0,2,2,4,
EBot_C_vs_HQL_Plus_BOT,28,LEFT_A,4,6699781275925468494,EBot_C,HQL_Plus_BOT,4,0,0,4,0,4,
EBot_C_vs_HQL_Plus_BOT,28,LEFT_B,4,7921633319680693558,HQL_Plus_BOT,EBot_C,4,0,0,0,4,4,
EBot_C_vs_HQL_Plus_BOT,29,LEFT_A,4,8785848302501066782,EBot_C,HQL_Plus_BOT,2,2,0,2,2,4,
EBot_C_vs_HQL_Plus_BOT,29,LEFT_B,4,13551695639649252547,HQL_Plus_BOT,EBot_C,2,2,0,2,2,4,
EBot_C_vs_HQL_Plus_BOT,30,LEFT_A,4,687075542309071733,EBot_C,HQL_Plus_BOT,4,0,0,4,0,4,
EBot_C_vs_HQL_Plus_BOT,30,LEFT_B,4,13544598104866684539,HQL_Plus_BOT,EBot_C,2,2,0,2,2,4,
EBot_C_vs_HQL_Plus_BOT,31,LEFT_A,4,8970363144103333683,EBot_C,HQL_Plus_BOT,4,0,0,4,0,4,
EBot_C_vs_HQL_Plus_BOT,31,LEFT_B,4,2205708476320454045,HQL_Plus_BOT,EBot_C,3,1,0,1,3,4,
EBot_C_vs_HQL_Plus_BOT,32,LEFT_A,4,9893632508239074405,EBot_C,HQL_Plus_BOT,2,2,0,2,2,4,
EBot_C_vs_HQL_Plus_BOT,32,LEFT_B,4,1740483429833524297,HQL_Plus_BOT,EBot_C,3,1,0,1,3,4,
EBot_C_vs_HQL_Plus_BOT,33,LEFT_A,4,10639300551180922721,EBot_C,HQL_Plus_BOT,2,2,0,2,2,4,
EBot_C_vs_HQL_Plus_BOT,33,LEFT_B,4,14117755252984712286,HQL_Plus_BOT,EBot_C,2,2,0,2,2,4,
EBot_C_vs_HQL_Plus_BOT,34,LEFT_A,4,18195121977637665166,EBot_C,HQL_Plus_BOT,2,2,0,2,2,4,
EBot_C_vs_HQL_Plus_BOT,34,LEFT_B,4,15922313225893191916,HQL_Plus_BOT,EBot_C,2,2,0,2,2,4,
EBot_C_vs_HQL_Plus_BOT,35,LEFT_A,4,8257639923889532060,EBot_C,HQL_Plus_BOT,3,1,0,3,1,4,
EBot_C_vs_HQL_Plus_BOT,35,LEFT_B,4,6777290300498183129,HQL_Plus_BOT,EBot_C,1,3,0,3,1,4,
