pair_id,round_idx,side,runs,seed,left,right,p1_wins,p2_wins,draws,mapped_a_wins,mapped_b_wins,games,avg_ms
EBot_C_vs_MaltheMCTS,0,LEFT_A,4,11616584977981398873,EBot_C,MaltheMCTS,4,0,0,4,0,4,
EBot_C_vs_MaltheMCTS,0,LEFT_B,4,8211405013223676534,MaltheMCTS,EBot_C,2,2,0,2,2,4,
EBot_C_vs_MaltheMCTS,1,LEFT_A,4,6515548757922482236,EBot_C,MaltheMCTS,3,1,0,3,1,4,
EBot_C_vs_MaltheMCTS,1,LEFT_B,4,2068486363775839624,MaltheMCTS,EBot_C,3,1,0,1,3,4,
EBot_C_vs_MaltheMCTS,2,LEFT_A,4,16995899503201686583,EBot_C,MaltheMCTS,4,0,0,4,0,4,
EBot_C_vs_MaltheMCTS,2,LEFT_B,4,6642305264297617298,MaltheMCTS,EBot_C,0,4,0,4,0,4,
EBot_C_vs_MaltheMCTS,3,LEFT_A,4,16819810766763880682,EBot_C,MaltheMCTS,4,0,0,4,0,4,
EBot_C_vs_MaltheMCTS,3,LEFT_B,4,2336805670224047286,MaltheMCTS,EBot_C,0,4,0,4,0,4,
EBot_C_vs_MaltheMCTS,4,LEFT_A,4,1381370918081561730,EBot_C,MaltheMCTS,3,1,0,3,1,4,
EBot_C_vs_MaltheMCTS,4,LEFT_B,4,9046601989904044059,MaltheMCTS,EBot_C,1,3,0,3,1,4,
EBot_C_vs_MaltheMCTS,5,LEFT_A,4,10401072152448104074,EBot_C,MaltheMCTS,3,1,0,3,1,4,
EBot_C_vs_MaltheMCTS,5,LEFT_B,4,3785964026862358690,MaltheMCTS,EBot_C,0,4,0,4,0,4,
EBot_C_vs_MaltheMCTS,6,LEFT_A,4,3440844316321538164,EBot_C,MaltheMCTS,4,0,0,4,0,4,
EBot_C_vs_MaltheMCTS,6,LEFT_B,4,15340359840881304597,MaltheMCTS,EBot_C,1,3,0,3,1,4,
EBot_C_vs_MaltheMCTS,7,LEFT_A,4,15504141449347618897,EBot_C,MaltheMCTS,4,0,0,4,0,4,
EBot_C_vs_MaltheMCTS,7,LEFT_B,4,13448041243787548093,MaltheMCTS,EBot_C,1,3,0,3,1,4,
EBot_C_vs_MaltheMCTS,8,LEFT_A,4,9561897236989757256,EBot_C,MaltheMCTS,3,1,0,3,1,4,
EBot_C_vs_MaltheMCTS,8,LEFT_B,4,9747438823394384256,MaltheMCTS,EBot_C,0,4,0,4,0,4,
EBot_C_vs_MaltheMCTS,9,LEFT_A,4,11930770876682446564,EBot_C,MaltheMCTS,4,0,0,4,0,4,
EBot_C_vs_MaltheMCTS,9,LEFT_B,4,7712942997991733493,MaltheMCTS,EBot_C,0,4,0,4,0,4,
EBot_C_vs_MaltheMCTS,10,LEFT_A,4,11355688784624753001,EBot_C,MaltheMCTS,3,1,0,3,1,4,
EBot_C_vs_MaltheMCTS,10,LEFT_B,4,4450157122087659459,MaltheMCTS,EBot_C,1,3,0,3,1,4,
EBot_C_vs_MaltheMCTS,11,LEFT_A,4,18290868875410334474,EBot_C,MaltheMCTS,4,0,0,4,0,4,
EBot_C_vs_MaltheMCTS,11,LEFT_B,4,515489811832021290,MaltheMCTS,EBot_C,1,3,0,3,1,4,
EBot_C_vs_MaltheMCTS,12,LEFT_A,4,4862664201170220079,EBot_C,MaltheMCTS,3,1,0,3,1,4,
EBot_C_vs_MaltheMCTS,12,LEFT_B,4,6426602146795425819,MaltheMCTS,EBot_C,1,3,0,3,1,4,
EBot_C_vs_MaltheMCTS,13,LEFT_A,4,17447314514369581036,EBot_C,MaltheMCTS,4,0,0,4,0,4,
EBot_C_vs_MaltheMCTS,13,LEFT_B,4,9798972096534959029,MaltheMCTS,EBot_C,0,4,0,4,0,4,
EBot_C_vs_MaltheMCTS,14,LEFT_A,4,13283498281919417608,EBot_C,MaltheMCTS,4,0,0,4,0,4,
EBot_C_vs_MaltheMCTS,14,LEFT_B,4,9766667274768166385,MaltheMCTS,EBot_C,1,3,0,3,1,4,
EBot_C_vs_MaltheMCTS,15,LEFT_A,4,12000651453329322062,EBot_C,MaltheMCTS,4,0,0,4,0,4,
EBot_C_vs_MaltheMCTS,15,LEFT_B,4,9057886462683746129,MaltheMCTS,EBot_C,0,4,0,4,0,4,
EBot_C_vs_MaltheMCTS,16,LEFT_A,4,14597212783605087960,EBot_C,MaltheMCTS,3,1,0,3,1,4,
EBot_C_vs_MaltheMCTS,16,LEFT_B,4,12960986148708995051,MaltheMCTS,EBot_C,2,2,0,2,2,4,
EBot_C_vs_MaltheMCTS,17,LEFT_A,4,12476321550630276348,EBot_C,MaltheMCTS,4,0,0,4,0,4,
EBot_C_vs_MaltheMCTS,17,LEFT_B,4,8594257664629711756,MaltheMCTS,EBot_C,1,3,0,3,1,4,
EBot_C_vs_MaltheMCTS,18,LEFT_A,4,7485177254900132400,EBot_C,MaltheMCTS,4,0,0,4,0,4,
EBot_C_vs_MaltheMCTS,18,LEFT_B,4,14747568017642172,MaltheMCTS,EBot_C,1,3,0,3,1,4,
EBot_C_vs_MaltheMCTS,19,LEFT_A,4,11240585443991001918,EBot_C,MaltheMCTS,4,0,0,4,0,4,
EBot_C_vs_MaltheMCTS,19,LEFT_B,4,17490337128948898494,MaltheMCTS,EBot_C,0,4,0,4,0,4,
EBot_C_vs_MaltheMCTS,20,LEFT_A,4,2371627641090891016,EBot_C,MaltheMCTS,4,0,0,4,0,4,
EBot_C_vs_MaltheMCTS,20,LEFT_B,4,16949297064426835898,MaltheMCTS,EBot_C,1,3,0,3,1,4,
EBot_C_vs_MaltheMCTS,21,LEFT_A,4,7516439030211368554,EBot_C,MaltheMCTS,4,0,0,4,0,4,
EBot_C_vs_MaltheMCTS,21,LEFT_B,4,14620254715591770913,MaltheMCTS,EBot_C,0,4,0,4,0,4,
EBot_C_vs_MaltheMCTS,22,LEFT_A,4,14757838853463550591,EBot_C,MaltheMCTS,4,0,0,4,0,4,
EBot_C_vs_MaltheMCTS,22,LEFT_B,4,6616325465334096409,MaltheMCTS,EBot_C,0,4,0,4,0,4,
EBot_C_vs_MaltheMCTS,23,LEFT_A,4,1047515450619715526,EBot_C,MaltheMCTS,4,0,0,4,0,4,
EBot_C_vs_MaltheMCTS,23,LEFT_B,4,3950540754291363819,MaltheMCTS,EBot_C,1,3,0,3,1,4,
EBot_C_vs_MaltheMCTS,24,LEFT_A,4,5618845146568190572,EBot_C,MaltheMCTS,4,0,0,4,0,4,
EBot_C_vs_MaltheMCTS,24,LEFT_B,4,10188718848070460392,MaltheMCTS,EBot_C,0,4,0,4,0,4,
EBot_C_vs_MaltheMCTS,25,LEFT_A,4,4708109177209072373,EBot_C,MaltheMCTS,4,0,0,4,0,4,
EBot_C_vs_MaltheMCTS,25,LEFT_B,4,11128026666515222650,MaltheMCTS,EBot_C,0,4,0,4,0,4,
EBot_C_vs_MaltheMCTS,26,LEFT_A,4,7405193200605869343,EBot_C,MaltheMCTS,4,0,0,4,0,4,
EBot_C_vs_MaltheMCTS,26,LEFT_B,4,13060109468282314742,MaltheMCTS,EBot_C,1,3,0,3,1,4,
EBot_C_vs_MaltheMCTS,27,LEFT_A,4,7689640133116098221,EBot_C,MaltheMCTS,3,1,0,3,1,4,
EBot_C_vs_MaltheMCTS,27,LEFT_B,4,10431867578925646188,MaltheMCTS,EBot_C,0,4,0,4,0,4,
EBot_C_vs_MaltheMCTS,28,LEFT_A,4,14757614880394821810,EBot_C,MaltheMCTS,4,0,0,4,0,4,
EBot_C_vs_MaltheMCTS,28,LEFT_B,4,4656227589788759054,MaltheMCTS,EBot_C,0,4,0,4,0,4,
EBot_C_vs_MaltheMCTS,29,LEFT_A,4,14061772731324167228,EBot_C,MaltheMCTS,3,1,0,3,1,4,
EBot_C_vs_MaltheMCTS,29,LEFT_B,4,15405351479796752570,MaltheMCTS,EBot_C,2,2,0,2,2,4,
EBot_C_vs_MaltheMCTS,30,LEFT_A,4,7618050249174667305,EBot_C,MaltheMCTS,3,1,0,3,1,4,
EBot_C_vs_MaltheMCTS,30,LEFT_B,4,194546212400068521,MaltheMCTS,EBot_C,1,3,0,3,1,4,
EBot_C_vs_MaltheMCTS,31,LEFT_A,4,1520907000539100294,EBot_C,MaltheMCTS,3,1,0,3,1,4,
EBot_C_vs_MaltheMCTS,31,LEFT_B,4,294582687157562050,MaltheMCTS,EBot_C,1,3,0,3,1,4,
EBot_C_vs_MaltheMCTS,32,LEFT_A,4,5328827906344100258,EBot_C,MaltheMCTS,4,0,0,4,0,4,
EBot_C_vs_MaltheMCTS,32,LEFT_B,4,9274189192134292180,MaltheMCTS,EBot_C,1,3,0,3,1,4,
EBot_C_vs_MaltheMCTS,33,LEFT_A,4,1324152539210593197,EBot_C,MaltheMCTS,3,1,0,3,1,4,
EBot_C_vs_MaltheMCTS,33,LEFT_B,4,13972795896300521461,MaltheMCTS,EBot_C,0,4,0,4,0,4,
EBot_C_vs_MaltheMCTS,34,LEFT_A,4,16099794742702907029,EBot_C,MaltheMCTS,4,0,0,4,0,4,
EBot_C_vs_MaltheMCTS,34,LEFT_B,4,6459347093004676626,MaltheMCTS,EBot_C,0,4,0,4,0,4,
EBot_C_vs_MaltheMCTS,35,LEFT_A,4,7472529518451990132,EBot_C,MaltheMCTS,4,0,0,4,0,4,
EBot_C_vs_MaltheMCTS,35,LEFT_B,4,18436072627402250272,MaltheMCTS,EBot_C,0,4,0,4,0,4,
