pair_id,round_idx,side,runs,seed,left,right,p1_wins,p2_wins,draws,mapped_a_wins,mapped_b_wins,games,avg_ms
EBot_C_vs_Sakkirina,0,LEFT_A,4,16319915821365629124,EBot_C,Sakkirina,1,3,0,1,3,4,
EBot_C_vs_Sakkirina,0,LEFT_B,4,1346778042353423020,Sakkirina,EBot_C,3,1,0,1,3,4,
EBot_C_vs_Sakkirina,1,LEFT_A,4,17026732968199102963,EBot_C,Sakkirina,1,3,0,1,3,4,
EBot_C_vs_Sakkirina,1,LEFT_B,4,2123888307003263709,Sakkirina,EBot_C,4,0,0,0,4,4,
EBot_C_vs_Sakkirina,2,LEFT_A,4,13065363731027474225,EBot_C,Sakkirina,2,2,0,2,2,4,
EBot_C_vs_Sakkirina,2,LEFT_B,4,16877996189920528334,Sakkirina,EBot_C,4,0,0,0,4,4,
EBot_C_vs_Sakkirina,3,LEFT_A,4,17536960313944031740,EBot_C,Sakkirina,1,3,0,1,3,4,
EBot_C_vs_Sakkirina,3,LEFT_B,4,13578189393082957064,Sakkirina,EBot_C,4,0,0,0,4,4,
EBot_C_vs_Sakkirina,4,LEFT_A,4,5541808461027722609,EBot_C,Sakkirina,2,2,0,2,2,4,
EBot_C_vs_Sakkirina,4,LEFT_B,4,12537395287196495521,Sakkirina,EBot_C,2,2,0,2,2,4,
EBot_C_vs_Sakkirina,5,LEFT_A,4,15159923277464291384,EBot_C,Sakkirina,2,2,0,2,2,4,
EBot_C_vs_Sakkirina,5,LEFT_B,4,12587150942590510578,Sakkirina,EBot_C,3,1,0,1,3,4,
EBot_C_vs_Sakkirina,6,LEFT_A,4,9519505301662282221,EBot_C,Sakkirina,1,3,0,1,3,4,
EBot_C_vs_Sakkirina,6,LEFT_B,4,2446449830352640082,Sakkirina,EBot_C,2,2,0,2,2,4,
EBot_C_vs_Sakkirina,7,LEFT_A,4,8939110440592302827,EBot_C,Sakkirina,1,3,0,1,3,4,
EBot_C_vs_Sakkirina,7,LEFT_B,4,14345594666642911028,Sakkirina,EBot_C,4,0,0,0,4,4,
EBot_C_vs_Sakkirina,8,LEFT_A,4,14838219312135310172,EBot_C,Sakkirina,0,4,0,0,4,4,
EBot_C_vs_Sakkirina,8,LEFT_B,4,11233227557695343623,Sakkirina,EBot_C,3,1,0,1,3,4,
EBot_C_vs_Sakkirina,9,LEFT_A,4,6313666396256847163,EBot_C,Sakkirina,1,3,0,1,3,4,
EBot_C_vs_Sakkirina,9,LEFT_B,4,18111007790467335913,Sakkirina,EBot_C,4,0,0,0,4,4,
EBot_C_vs_Sakkirina,10,LEFT_A,4,14411701833179209105,EBot_C,Sakkirina,1,3,0,1,3,4,
EBot_C_vs_Sakkirina,10,LEFT_B,4,916978576087817076,Sakkirina,EBot_C,4,0,0,0,4,4,
EBot_C_vs_Sakkirina,11,LEFT_A,4,9712991212618648994,EBot_C,Sakkirina,3,1,0,3,1,4,
EBot_C_vs_Sakkirina,11,LEFT_B,4,64662125241871699,Sakkirina,EBot_C,3,1,0,1,3,4,
EBot_C_vs_Sakkirina,12,LEFT_A,4,10092051062199430218,EBot_C,Sakkirina,2,2,0,2,2,4,
EBot_C_vs_Sakkirina,12,LEFT_B,4,15208576332917003826,Sakkirina,EBot_C,3,1,0,1,3,4,
EBot_C_vs_Sakkirina,13,LEFT_A,4,12125920260151727537,EBot_C,Sakkirina,1,3,0,1,3,4,
EBot_C_vs_Sakkirina,13,LEFT_B,4,11602971565092166748,Sakkirina,EBot_C,3,1,0,1,3,4,
EBot_C_vs_Sakkirina,14,LEFT_A,4,571315302189759169,EBot_C,Sakkirina,3,1,0,3,1,4,
EBot_C_vs_Sakkirina,14,LEFT_B,4,5244562930755809453,Sakkirina,EBot_C,4,0,0,0,4,4,
EBot_C_vs_Sakkirina,15,LEFT_A,4,8646486313077570897,EBot_C,Sakkirina,0,4,0,0,4,4,
EBot_C_vs_Sakkirina,15,LEFT_B,4,3042187513346347755,Sakkirina,EBot_C,4,0,0,0,4,4,
EBot_C_vs_Sakkirina,16,LEFT_A,4,9059103420960783102,EBot_C,Sakkirina,0,4,0,0,4,4,
EBot_C_vs_Sakkirina,16,LEFT_B,4,2981309812331560055,Sakkirina,EBot_C,3,1,0,1,3,4,
EBot_C_vs_Sakkirina,17,LEFT_A,4,792494514299557914,EBot_C,Sakkirina,3,1,0,3,1,4,
EBot_C_vs_Sakkirina,17,LEFT_B,4,14176154968298935992,Sakkirina,EBot_C,4,0,0,0,4,4,
EBot_C_vs_Sakkirina,18,LEFT_A,4,2655628199919089909,EBot_C,Sakkirina,3,1,0,3,1,4,
EBot_C_vs_Sakkirina,18,LEFT_B,4,18183249007048421079,Sakkirina,EBot_C,4,0,0,0,4,4,
EBot_C_vs_Sakkirina,19,LEFT_A,4,8998438894757042819,EBot_C,Sakkirina,4,0,0,4,0,4,
EBot_C_vs_Sakkirina,19,LEFT_B,4,11095064349372114536,Sakkirina,EBot_C,2,2,0,2,2,4,
EBot_C_vs_Sakkirina,20,LEFT_A,4,15659642551349739908,EBot_C,Sakkirina,0,4,0,0,4,4,
EBot_C_vs_Sakkirina,20,LEFT_B,4,13217620508262590730,Sakkirina,EBot_C,4,0,0,0,4,4,
EBot_C_vs_Sakkirina,21,LEFT_A,4,434223171068694293,EBot_C,Sakkirina,2,2,0,2,2,4,
EBot_C_vs_Sakkirina,21,LEFT_B,4,12401140652597920974,Sakkirina,EBot_C,4,0,0,0,4,4,
EBot_C_vs_Sakkirina,22,LEFT_A,4,11103523663367795224,EBot_C,Sakkirina,2,2,0,2,2,4,
EBot_C_vs_Sakkirina,22,LEFT_B,4,9311663952812612408,Sakkirina,EBot_C,4,0,0,0,4,4,
EBot_C_vs_Sakkirina,23,LEFT_A,4,17250109855473425096,EBot_C,Sakkirina,2,2,0,2,2,4,
EBot_C_vs_Sakkirina,23,LEFT_B,4,9507710363015468947,Sakkirina,EBot_C,4,0,0,0,4,4,
EBot_C_vs_Sakkirina,24,LEFT_A,4,18254383578417650162,EBot_C,Sakkirina,4,0,0,4,0,4,
EBot_C_vs_Sakkirina,24,LEFT_B,4,4603595056934867921,Sakkirina,EBot_C,3,1,0,1,3,4,
EBot_C_vs_Sakkirina,25,LEFT_A,4,9139095828432065743,EBot_C,Sakkirina,1,3,0,1,3,4,
EBot_C_vs_Sakkirina,25,LEFT_B,4,10094915443779978589,Sakkirina,EBot_C,3,1,0,1,3,4,
EBot_C_vs_Sakkirina,26,LEFT_A,4,1892605812632262343,EBot_C,Sakkirina,2,2,0,2,2,4,
EBot_C_vs_Sakkirina,26,LEFT_B,4,1685003490438516887,Sakkirina,EBot_C,3,1,0,1,3,4,
EBot_C_vs_Sakkirina,27,LEFT_A,4,1055645712506775345,EBot_C,Sakkirina,3,1,0,3,1,4,
EBot_C_vs_Sakkirina,27,LEFT_B,4,13080606142537683437,Sakkirina,EBot_C,4,0,0,0,4,4,
EBot_C_vs_Sakkirina,28,LEFT_A,4,5905114510130499084,EBot_C,Sakkirina,3,1,0,3,1,4,
EBot_C_vs_Sakkirina,28,LEFT_B,4,11267617462540369964,Sakkirina,EBot_C,4,0,0,0,4,4,
EBot_C_vs_Sakkirina,29,LEFT_A,4,4812752843426601953,EBot_C,Sakkirina,2,2,0,2,2,4,
EBot_C_vs_Sakkirina,29,LEFT_B,4,8294220221546150707,Sakkirina,EBot_C,4,0,0,0,4,4,
EBot_C_vs_Sakkirina,30,LEFT_A,4,17735427110119039003,EBot_C,Sakkirina,2,2,0,2,2,4,
EBot_C_vs_Sakkirina,30,LEFT_B,4,7836471579299564003,Sakkirina,EBot_C,3,1,0,1,3,4,
EBot_C_vs_Sakkirina,31,LEFT_A,4,15956794239794701464,EBot_C,Sakkirina,3,1,0,3,1,4,
EBot_C_vs_Sakkirina,31,LEFT_B,4,2858701342265938077,Sakkirina,EBot_C,4,0,0,0,4,4,
EBot_C_vs_Sakkirina,32,LEFT_A,4,2012122731511908094,EBot_C,Sakkirina,2,2,0,2,2,4,
EBot_C_vs_Sakkirina,32,LEFT_B,4,12883437287108853983,Sakkirina,EBot_C,3,1,0,1,3,4,
EBot_C_vs_Sakkirina,33,LEFT_A,4,15417646810202975005,EBot_C,Sakkirina,2,2,0,2,2,4,
EBot_C_vs_Sakkirina,33,LEFT_B,4,11628155345038422497,Sakkirina,EBot_C,4,0,0,0,4,4,
EBot_C_vs_Sakkirina,34,LEFT_A,4,13969437843621806801,EBot_C,Sakkirina,2,2,0,2,2,4,
EBot_C_vs_Sakkirina,34,LEFT_B,4,6148186333370323498,Sakkirina,EBot_C,4,0,0,0,4,4,
EBot_C_vs_Sakkirina,35,LEFT_A,4,10347812817988866950,EBot_C,Sakkirina,2,2,0,2,2,4,
EBot_C_vs_Sakkirina,35,LEFT_B,4,11931985502622349542,Sakkirina,EBot_C,4,0,0,0,4,4,
