pair_id,round_idx,side,runs,seed,left,right,p1_wins,p2_wins,draws,mapped_a_wins,mapped_b_wins,games,avg_ms
EBot_C_vs_ZMyBot,0,LEFT_A,4,6131524213257044683,EBot_C,grpc:ZMyBot,4,0,0,4,0,4,
EBot_C_vs_ZMyBot,0,LEFT_B,4,6006971803698573716,grpc:ZMyBot,EBot_C,1,3,0,3,1,4,
EBot_C_vs_ZMyBot,1,LEFT_A,4,6825985656611892288,EBot_C,grpc:ZMyBot,4,0,0,4,0,4,
EBot_C_vs_ZMyBot,1,LEFT_B,4,15404848552653642901,grpc:ZMyBot,EBot_C,3,1,0,1,3,4,
EBot_C_vs_ZMyBot,2,LEFT_A,4,7658041982435754492,EBot_C,grpc:ZMyBot,4,0,0,4,0,4,
EBot_C_vs_ZMyBot,2,LEFT_B,4,9940842269512564090,grpc:ZMyBot,EBot_C,0,4,0,4,0,4,
EBot_C_vs_ZMyBot,3,LEFT_A,4,6178599672225352748,EBot_C,grpc:ZMyBot,4,0,0,4,0,4,
EBot_C_vs_ZMyBot,3,LEFT_B,4,7344446036739186127,grpc:ZMyBot,EBot_C,0,4,0,4,0,4,
EBot_C_vs_ZMyBot,4,LEFT_A,4,4967599491711502587,EBot_C,grpc:ZMyBot,4,0,0,4,0,4,
EBot_C_vs_ZMyBot,4,LEFT_B,4,3627690302331887824,grpc:ZMyBot,EBot_C,2,2,0,2,2,4,
EBot_C_vs_ZMyBot,5,LEFT_A,4,7140135126588260306,EBot_C,grpc:ZMyBot,4,0,0,4,0,4,
EBot_C_vs_ZMyBot,5,LEFT_B,4,18078657066432481260,grpc:ZMyBot,EBot_C,0,4,0,4,0,4,
EBot_C_vs_ZMyBot,6,LEFT_A,4,12789030105118328754,EBot_C,grpc:ZMyBot,4,0,0,4,0,4,
EBot_C_vs_ZMyBot,6,LEFT_B,4,11977149964822676309,grpc:ZMyBot,EBot_C,0,4,0,4,0,4,
EBot_C_vs_ZMyBot,7,LEFT_A,4,10676506928016405112,EBot_C,grpc:ZMyBot,4,0,0,4,0,4,
EBot_C_vs_ZMyBot,7,LEFT_B,4,8871688828916145591,grpc:ZMyBot,EBot_C,1,3,0,3,1,4,
EBot_C_vs_ZMyBot,8,LEFT_A,4,3476133384538139556,EBot_C,grpc:ZMyBot,4,0,0,4,0,4,
EBot_C_vs_ZMyBot,8,LEFT_B,4,2090214517598210125,grpc:ZMyBot,EBot_C,0,4,0,4,0,4,
EBot_C_vs_ZMyBot,9,LEFT_A,4,11992086501822770541,EBot_C,grpc:ZMyBot,4,0,0,4,0,4,
EBot_C_vs_ZMyBot,9,LEFT_B,4,14236194059673209837,grpc:ZMyBot,EBot_C,2,2,0,2,2,4,
EBot_C_vs_ZMyBot,10,LEFT_A,4,10389042533477503731,EBot_C,grpc:ZMyBot,4,0,0,4,0,4,
EBot_C_vs_ZMyBot,10,LEFT_B,4,3004338181711101495,grpc:ZMyBot,EBot_C,1,3,0,3,1,4,
EBot_C_vs_ZMyBot,11,LEFT_A,4,10106288072832576308,EBot_C,grpc:ZMyBot,4,0,0,4,0,4,
EBot_C_vs_ZMyBot,11,LEFT_B,4,17648717455628829301,grpc:ZMyBot,EBot_C,1,3,0,3,1,4,
EBot_C_vs_ZMyBot,12,LEFT_A,4,8784036198912590211,EBot_C,grpc:ZMyBot,4,0,0,4,0,4,
EBot_C_vs_ZMyBot,12,LEFT_B,4,441243771288121420,grpc:ZMyBot,EBot_C,1,3,0,3,1,4,
EBot_C_vs_ZMyBot,13,LEFT_A,4,10461347280417454264,EBot_C,grpc:ZMyBot,4,0,0,4,0,4,
EBot_C_vs_ZMyBot,13,LEFT_B,4,4498174426780023657,grpc:ZMyBot,EBot_C,0,4,0,4,0,4,
EBot_C_vs_ZMyBot,14,LEFT_A,4,6256013877980348699,EBot_C,grpc:ZMyBot,3,1,0,3,1,4,
EBot_C_vs_ZMyBot,14,LEFT_B,4,2409838085911427874,grpc:ZMyBot,EBot_C,3,1,0,1,3,4,
EBot_C_vs_ZMyBot,15,LEFT_A,4,7223844847331720419,EBot_C,grpc:ZMyBot,4,0,0,4,0,4,
EBot_C_vs_ZMyBot,15,LEFT_B,4,12999266044918459786,grpc:ZMyBot,EBot_C,2,2,0,2,2,4,
EBot_C_vs_ZMyBot,16,LEFT_A,4,14810444100385813283,EBot_C,grpc:ZMyBot,4,0,0,4,0,4,
EBot_C_vs_ZMyBot,16,LEFT_B,4,10568327125417068606,grpc:ZMyBot,EBot_C,0,4,0,4,0,4,
EBot_C_vs_ZMyBot,17,LEFT_A,4,12651265611615005335,EBot_C,grpc:ZMyBot,4,0,0,4,0,4,
EBot_C_vs_ZMyBot,17,LEFT_B,4,12760051517132939438,grpc:ZMyBot,EBot_C,3,1,0,1,3,4,
EBot_C_vs_ZMyBot,18,LEFT_A,4,10333818456305111551,EBot_C,grpc:ZMyBot,2,2,0,2,2,4,
EBot_C_vs_ZMyBot,18,LEFT_B,4,17415021146889669890,grpc:ZMyBot,EBot_C,2,2,0,2,2,4,
EBot_C_vs_ZMyBot,19,LEFT_A,4,16225053460778002418,EBot_C,grpc:ZMyBot,4,0,0,4,0,4,
EBot_C_vs_ZMyBot,19,LEFT_B,4,12327887575846037707,grpc:ZMyBot,EBot_C,1,3,0,3,1,4,
EBot_C_vs_ZMyBot,20,LEFT_A,4,9322849402481982512,EBot_C,grpc:ZMyBot,4,0,0,4,0,4,
EBot_C_vs_ZMyBot,20,LEFT_B,4,2978319732352861170,grpc:ZMyBot,EBot_C,0,4,0,4,0,4,
EBot_C_vs_ZMyBot,21,LEFT_A,4,3643900397480816131,EBot_C,grpc:ZMyBot,3,1,0,3,1,4,
EBot_C_vs_ZMyBot,21,LEFT_B,4,14789359249463925625,grpc:ZMyBot,EBot_C,2,2,0,2,2,4,
EBot_C_vs_ZMyBot,22,LEFT_A,4,13538061746207811213,EBot_C,grpc:ZMyBot,3,1,0,3,1,4,
EBot_C_vs_ZMyBot,22,LEFT_B,4,13360856349622036630,grpc:ZMyBot,EBot_C,1,3,0,3,1,4,
EBot_C_vs_ZMyBot,23,LEFT_A,4,10358875151415920445,EBot_C,grpc:ZMyBot,4,0,0,4,0,4,
EBot_C_vs_ZMyBot,23,LEFT_B,4,4411536602303097399,grpc:ZMyBot,EBot_C,0,4,0,4,0,4,
EBot_C_vs_ZMyBot,24,LEFT_A,4,3835110970631970150,EBot_C,grpc:ZMyBot,4,0,0,4,0,4,
EBot_C_vs_ZMyBot,24,LEFT_B,4,11071731174886585314,grpc:ZMyBot,EBot_C,2,2,0,2,2,4,
EBot_C_vs_ZMyBot,25,LEFT_A,4,16442648433116519207,EBot_C,grpc:ZMyBot,4,0,0,4,0,4,
EBot_C_vs_ZMyBot,25,LEFT_B,4,8729764781399842734,grpc:ZMyBot,EBot_C,0,4,0,4,0,4,
EBot_C_vs_ZMyBot,26,LEFT_A,4,16287528981426073506,EBot_C,grpc:ZMyBot,2,2,0,2,2,4,
EBot_C_vs_ZMyBot,26,LEFT_B,4,586972693919912353,grpc:ZMyBot,EBot_C,1,3,0,3,1,4,
EBot_C_vs_ZMyBot,27,LEFT_A,4,13335175963947916293,EBot_C,grpc:ZMyBot,4,0,0,4,0,4,
EBot_C_vs_ZMyBot,27,LEFT_B,4,16830014962901089424,grpc:ZMyBot,EBot_C,0,4,0,4,0,4,
EBot_C_vs_ZMyBot,28,LEFT_A,4,7438857866629593124,EBot_C,grpc:ZMyBot,4,0,0,4,0,4,
EBot_C_vs_ZMyBot,28,LEFT_B,4,5278483198985386516,grpc:ZMyBot,EBot_C,1,3,0,3,1,4,
EBot_C_vs_ZMyBot,29,LEFT_A,4,346518468571446867,EBot_C,grpc:ZMyBot,4,0,0,4,0,4,
EBot_C_vs_ZMyBot,29,LEFT_B,4,14314185709630390997,grpc:ZMyBot,EBot_C,1,3,0,3,1,4,
EBot_C_vs_ZMyBot,30,LEFT_A,4,3599327191611370712,EBot_C,grpc:ZMyBot,4,0,0,4,0,4,
EBot_C_vs_ZMyBot,30,LEFT_B,4,3014539896305260454,grpc:ZMyBot,EBot_C,0,4,0,4,0,4,
EBot_C_vs_ZMyBot,31,LEFT_A,4,4364741187548007565,EBot_C,grpc:ZMyBot,4,0,0,4,0,4,
EBot_C_vs_ZMyBot,31,LEFT_B,4,246187553919047520,grpc:ZMyBot,EBot_C,0,4,0,4,0,4,
EBot_C_vs_ZMyBot,32,LEFT_A,4,8624951921511419447,EBot_C,grpc:ZMyBot,4,0,0,4,0,4,
EBot_C_vs_ZMyBot,32,LEFT_B,4,10502395914663617052,grpc:ZMyBot,EBot_C,0,4,0,4,0,4,
EBot_C_vs_ZMyBot,33,LEFT_A,4,12058678904555368621,EBot_C,grpc:ZMyBot,4,0,0,4,0,4,
EBot_C_vs_ZMyBot,33,LEFT_B,4,270557471981639277,grpc:ZMyBot,EBot_C,1,3,0,3,1,4,
EBot_C_vs_ZMyBot,34,LEFT_A,4,12131557327912227319,EBot_C,grpc:ZMyBot,4,0,0,4,0,4,
EBot_C_vs_ZMyBot,34,LEFT_B,4,11921396216001872152,grpc:ZMyBot,EBot_C,1,3,0,3,1,4,
EBot_C_vs_ZMyBot,35,LEFT_A,4,9879514678060596773,EBot_C,grpc:ZMyBot,4,0,0,4,0,4,
EBot_C_vs_ZMyBot,35,LEFT_B,4,15749023717955669926,grpc:ZMyBot,EBot_C,2,2,0,2,2,4,
