pair_id,round_idx,side,runs,seed,left,right,p1_wins,p2_wins,draws,mapped_a_wins,mapped_b_wins,games,avg_ms
EBot_C_vs_EBot_F,0,LEFT_A,4,5442773773316496250,EBot_C,EBot_F,4,0,0,4,0,4,
EBot_C_vs_EBot_F,0,LEFT_B,4,13805765681574944443,EBot_F,EBot_C,3,1,0,1,3,4,
EBot_C_vs_EBot_F,1,LEFT_A,4,187575016833986769,EBot_C,EBot_F,3,1,0,3,1,4,
EBot_C_vs_EBot_F,1,LEFT_B,4,3660843320204190733,EBot_F,EBot_C,3,1,0,1,3,4,
EBot_C_vs_EBot_F,2,LEFT_A,4,17738345023277159199,EBot_C,EBot_F,3,1,0,3,1,4,
EBot_C_vs_EBot_F,2,LEFT_B,4,10075614259269567065,EBot_F,EBot_C,3,1,0,1,3,4,
EBot_C_vs_EBot_F,3,LEFT_A,4,4981913795680837153,EBot_C,EBot_F,4,0,0,4,0,4,
EBot_C_vs_EBot_F,3,LEFT_B,4,215209497971090996,EBot_F,EBot_C,3,1,0,1,3,4,
EBot_C_vs_EBot_F,4,LEFT_A,4,14279096604852471788,EBot_C,EBot_F,3,1,0,3,1,4,
EBot_C_vs_EBot_F,4,LEFT_B,4,4359706558324552816,EBot_F,EBot_C,3,1,0,1,3,4,
EBot_C_vs_EBot_F,5,LEFT_A,4,9901213267103841754,EBot_C,EBot_F,1,3,0,1,3,4,
EBot_C_vs_EBot_F,5,LEFT_B,4,16707636898432728523,EBot_F,EBot_C,3,1,0,1,3,4,
EBot_C_vs_EBot_F,6,LEFT_A,4,14617087248423320663,EBot_C,EBot_F,2,2,0,2,2,4,
EBot_C_vs_EBot_F,6,LEFT_B,4,4492248497952207908,EBot_F,EBot_C,3,1,0,1,3,4,
EBot_C_vs_EBot_F,7,LEFT_A,4,2328419151620192850,EBot_C,EBot_F,4,0,0,4,0,4,
EBot_C_vs_EBot_F,7,LEFT_B,4,16520502011746583067,EBot_F,EBot_C,2,2,0,2,2,4,
EBot_C_vs_EBot_F,8,LEFT_A,4,14921843121518644440,EBot_C,EBot_F,4,0,0,4,0,4,
EBot_C_vs_EBot_F,8,LEFT_B,4,8085449395728820995,EBot_F,EBot_C,2,2,0,2,2,4,
EBot_C_vs_EBot_F,9,LEFT_A,4,3892484756029243747,EBot_C,EBot_F,1,3,0,1,3,4,
EBot_C_vs_EBot_F,9,LEFT_B,4,1428551243480839689,EBot_F,EBot_C,1,3,0,3,1,4,
EBot_C_vs_EBot_F,10,LEFT_A,4,489627131040235078,EBot_C,EBot_F,1,3,0,1,3,4,
EBot_C_vs_EBot_F,10,LEFT_B,4,3402683316058554588,EBot_F,EBot_C,2,2,0,2,2,4,
EBot_C_vs_EBot_F,11,LEFT_A,4,15614397358683429433,EBot_C,EBot_F,2,2,0,2,2,4,
EBot_C_vs_EBot_F,11,LEFT_B,4,17459663192748636480,EBot_F,EBot_C,3,1,0,1,3,4,
EBot_C_vs_EBot_F,12,LEFT_A,4,6872091401205184170,EBot_C,EBot_F,2,2,0,2,2,4,
EBot_C_vs_EBot_F,12,LEFT_B,4,7440962600358869259,EBot_F,EBot_C,1,3,0,3,1,4,
EBot_C_vs_EBot_F,13,LEFT_A,4,18177502930814597777,EBot_C,EBot_F,3,1,0,3,1,4,
EBot_C_vs_EBot_F,13,LEFT_B,4,1221105749559341200,EBot_F,EBot_C,2,2,0,2,2,4,
EBot_C_vs_EBot_F,14,LEFT_A,4,9943577376140820788,EBot_C,EBot_F,4,0,0,4,0,4,
EBot_C_vs_EBot_F,14,LEFT_B,4,12348776757444222128,EBot_F,EBot_C,1,3,0,3,1,4,
EBot_C_vs_EBot_F,15,LEFT_A,4,2056820617447080841,EBot_C,EBot_F,3,1,0,3,1,4,
EBot_C_vs_EBot_F,15,LEFT_B,4,16332791472192229533,EBot_F,EBot_C,1,3,0,3,1,4,
EBot_C_vs_EBot_F,16,LEFT_A,4,16039209359713478216,EBot_C,EBot_F,1,3,0,1,3,4,
EBot_C_vs_EBot_F,16,LEFT_B,4,17610222442766523876,EBot_F,EBot_C,2,2,0,2,2,4,
EBot_C_vs_EBot_F,17,LEFT_A,4,11645219742248327103,EBot_C,EBot_F,2,2,0,2,2,4,
EBot_C_vs_EBot_F,17,LEFT_B,4,14401094521409845737,EBot_F,EBot_C,1,3,0,3,1,4,
EBot_C_vs_EBot_F,18,LEFT_A,4,15006333792349730927,EBot_C,EBot_F,3,1,0,3,1,4,
EBot_C_vs_EBot_F,18,LEFT_B,4,2773675755021287029,EBot_F,EBot_C,3,1,0,1,3,4,
EBot_C_vs_EBot_F,19,LEFT_A,4,6655892143771716098,EBot_C,EBot_F,2,2,0,2,2,4,
EBot_C_vs_EBot_F,19,LEFT_B,4,6152200258141917614,EBot_F,EBot_C,0,4,0,4,0,4,
EBot_C_vs_EBot_F,20,LEFT_A,4,11427161750939239941,EBot_C,EBot_F,2,2,0,2,2,4,
EBot_C_vs_EBot_F,20,LEFT_B,4,13711741845718069098,EBot_F,EBot_C,0,4,0,4,0,4,
EBot_C_vs_EBot_F,21,LEFT_A,4,6512914332232262829,EBot_C,EBot_F,1,3,0,1,3,4,
EBot_C_vs_EBot_F,21,LEFT_B,4,5255342080898555467,EBot_F,EBot_C,1,3,0,3,1,4,
EBot_C_vs_EBot_F,22,LEFT_A,4,14301530988507842772,EBot_C,EBot_F,1,3,0,1,3,4,
EBot_C_vs_EBot_F,22,LEFT_B,4,3191091955324059733,EBot_F,EBot_C,4,0,0,0,4,4,
EBot_C_vs_EBot_F,23,LEFT_A,4,6611247173994073594,EBot_C,EBot_F,4,0,0,4,0,4,
EBot_C_vs_EBot_F,23,LEFT_B,4,12082765350672166584,EBot_F,EBot_C,3,1,0,1,3,4,
EBot_C_vs_EBot_F,24,LEFT_A,4,8110006762797006212,EBot_C,EBot_F,2,2,0,2,2,4,
EBot_C_vs_EBot_F,24,LEFT_B,4,13235174790533307799,EBot_F,EBot_C,2,2,0,2,2,4,
EBot_C_vs_EBot_F,25,LEFT_A,4,103153874103634780,EBot_C,EBot_F,3,1,0,3,1,4,
EBot_C_vs_EBot_F,25,LEFT_B,4,12174902444327101635,EBot_F,EBot_C,2,2,0,2,2,4,
EBot_C_vs_EBot_F,26,LEFT_A,4,1252948392959479425,EBot_C,EBot_F,2,2,0,2,2,4,
EBot_C_vs_EBot_F,26,LEFT_B,4,9029014329227518403,EBot_F,EBot_C,0,4,0,4,0,4,
EBot_C_vs_EBot_F,27,LEFT_A,4,11736472345402286905,EBot_C,EBot_F,2,2,0,2,2,4,
EBot_C_vs_EBot_F,27,LEFT_B,4,16101839259522998351,EBot_F,EBot_C,4,0,0,0,4,4,
EBot_C_vs_EBot_F,28,LEFT_A,4,9802113815452826190,EBot_C,EBot_F,4,0,0,4,0,4,
EBot_C_vs_EBot_F,28,LEFT_B,4,629678764746466647,EBot_F,EBot_C,2,2,0,2,2,4,
EBot_C_vs_EBot_F,29,LEFT_A,4,2835029389071106324,EBot_C,EBot_F,1,3,0,1,3,4,
EBot_C_vs_EBot_F,29,LEFT_B,4,12165719563693627937,EBot_F,EBot_C,1,3,0,3,1,4,
EBot_C_vs_EBot_F,30,LEFT_A,4,17744115802904674033,EBot_C,EBot_F,0,4,0,0,4,4,
EBot_C_vs_EBot_F,30,LEFT_B,4,6423504441739177247,EBot_F,EBot_C,1,3,0,3,1,4,
EBot_C_vs_EBot_F,31,LEFT_A,4,12095970464285311477,EBot_C,EBot_F,3,1,0,3,1,4,
EBot_C_vs_EBot_F,31,LEFT_B,4,5565061711072600669,EBot_F,EBot_C,2,2,0,2,2,4,
EBot_C_vs_EBot_F,32,LEFT_A,4,15280909732511579311,EBot_C,EBot_F,2,2,0,2,2,4,
EBot_C_vs_EBot_F,32,LEFT_B,4,15367314892980007442,EBot_F,EBot_C,3,1,0,1,3,4,
EBot_C_vs_EBot_F,33,LEFT_A,4,4704825661543833935,EBot_C,EBot_F,4,0,0,4,0,4,
EBot_C_vs_EBot_F,33,LEFT_B,4,16124002119709715049,EBot_F,EBot_C,2,2,0,2,2,4,
EBot_C_vs_EBot_F,34,LEFT_A,4,9340755916787701910,EBot_C,EBot_F,3,1,0,3,1,4,
EBot_C_vs_EBot_F,34,LEFT_B,4,8108812692250113283,EBot_F,EBot_C,1,3,0,3,1,4,
EBot_C_vs_EBot_F,35,LEFT_A,4,10549226999353497656,EBot_C,EBot_F,3,1,0,3,1,4,
EBot_C_vs_EBot_F,35,LEFT_B,4,7495270064113842310,EBot_F,EBot_C,1,3,0,3,1,4,
