pair_id,round_idx,side,runs,seed,left,right,p1_wins,p2_wins,draws,mapped_a_wins,mapped_b_wins,games,avg_ms
EBot_F_vs_SakkirinaSolo,0,LEFT_A,4,907174135685610024,EBot_F,SakkirinaSolo,2,2,0,2,2,4,
EBot_F_vs_SakkirinaSolo,0,LEFT_B,4,10803371079592018331,SakkirinaSolo,EBot_F,4,0,0,0,4,4,
EBot_F_vs_SakkirinaSolo,1,LEFT_A,4,5204108149914233865,EBot_F,SakkirinaSolo,3,1,0,3,1,4,
EBot_F_vs_SakkirinaSolo,1,LEFT_B,4,15815116599206442273,SakkirinaSolo,EBot_F,3,1,0,1,3,4,
EBot_F_vs_SakkirinaSolo,2,LEFT_A,4,15658938330649976070,EBot_F,SakkirinaSolo,1,3,0,1,3,4,
EBot_F_vs_SakkirinaSolo,2,LEFT_B,4,7583415389155408324,SakkirinaSolo,EBot_F,4,0,0,0,4,4,
EBot_F_vs_SakkirinaSolo,3,LEFT_A,4,8812956584105693342,EBot_F,SakkirinaSolo,2,2,0,2,2,4,
EBot_F_vs_SakkirinaSolo,3,LEFT_B,4,12575141806985984077,SakkirinaSolo,EBot_F,3,1,0,1,3,4,
EBot_F_vs_SakkirinaSolo,4,LEFT_A,4,13552507266431261760,EBot_F,SakkirinaSolo,2,2,0,2,2,4,
EBot_F_vs_SakkirinaSolo,4,LEFT_B,4,6236470676844911569,SakkirinaSolo,EBot_F,4,0,0,0,4,4,
EBot_F_vs_SakkirinaSolo,5,LEFT_A,4,17388666535126937610,EBot_F,SakkirinaSolo,2,2,0,2,2,4,
EBot_F_vs_SakkirinaSolo,5,LEFT_B,4,1049947511233292195,SakkirinaSolo,EBot_F,4,0,0,0,4,4,
EBot_F_vs_SakkirinaSolo,6,LEFT_A,4,11840477961043521130,EBot_F,SakkirinaSolo,2,2,0,2,2,4,
EBot_F_vs_SakkirinaSolo,6,LEFT_B,4,646002171137338205,SakkirinaSolo,EBot_F,3,1,0,1,3,4,
EBot_F_vs_SakkirinaSolo,7,LEFT_A,4,10013550161848903627,EBot_F,SakkirinaSolo,2,2,0,2,2,4,
EBot_F_vs_SakkirinaSolo,7,LEFT_B,4,15078585339833606438,SakkirinaSolo,EBot_F,4,0,0,0,4,4,
EBot_F_vs_SakkirinaSolo,8,LEFT_A,4,9418995373029978111,EBot_F,SakkirinaSolo,2,2,0,2,2,4,
EBot_F_vs_SakkirinaSolo,8,LEFT_B,4,11878401878583114890,SakkirinaSolo,EBot_F,4,0,0,0,4,4,
EBot_F_vs_SakkirinaSolo,9,LEFT_A,4,10808421931705732840,EBot_F,SakkirinaSolo,1,3,0,1,3,4,
EBot_F_vs_SakkirinaSolo,9,LEFT_B,4,11007334597148767366,SakkirinaSolo,EBot_F,4,0,0,0,4,4,
EBot_F_vs_SakkirinaSolo,10,LEFT_A,4,14638267163475374688,EBot_F,SakkirinaSolo,3,1,0,3,1,4,
EBot_F_vs_SakkirinaSolo,10,LEFT_B,4,16920490953693782942,SakkirinaSolo,EBot_F,4,0,0,0,4,4,
EBot_F_vs_SakkirinaSolo,11,LEFT_A,4,12881451714183007202,EBot_F,SakkirinaSolo,1,3,0,1,3,4,
EBot_F_vs_SakkirinaSolo,11,LEFT_B,4,2113300537866530081,SakkirinaSolo,EBot_F,4,0,0,0,4,4,
EBot_F_vs_SakkirinaSolo,12,LEFT_A,4,3388273476996337532,EBot_F,SakkirinaSolo,1,3,0,1,3,4,
EBot_F_vs_SakkirinaSolo,12,LEFT_B,4,830610711086687385,SakkirinaSolo,EBot_F,4,0,0,0,4,4,
EBot_F_vs_SakkirinaSolo,13,LEFT_A,4,6834459824193048756,EBot_F,SakkirinaSolo,1,3,0,1,3,4,
EBot_F_vs_SakkirinaSolo,13,LEFT_B,4,11327058744309949867,SakkirinaSolo,EBot_F,4,0,0,0,4,4,
EBot_F_vs_SakkirinaSolo,14,LEFT_A,4,17530884677899271695,EBot_F,SakkirinaSolo,1,3,0,1,3,4,
EBot_F_vs_SakkirinaSolo,14,LEFT_B,4,11933447131673750838,SakkirinaSolo,EBot_F,4,0,0,0,4,4,
EBot_F_vs_SakkirinaSolo,15,LEFT_A,4,10287867276080540366,EBot_F,SakkirinaSolo,2,2,0,2,2,4,
EBot_F_vs_SakkirinaSolo,15,LEFT_B,4,11012682106541403819,SakkirinaSolo,EBot_F,3,1,0,1,3,4,
EBot_F_vs_SakkirinaSolo,16,LEFT_A,4,11990622728035319974,EBot_F,SakkirinaSolo,2,2,0,2,2,4,
EBot_F_vs_SakkirinaSolo,16,LEFT_B,4,2642654938890480070,SakkirinaSolo,EBot_F,3,1,0,1,3,4,
EBot_F_vs_SakkirinaSolo,17,LEFT_A,4,1270483947527332094,EBot_F,SakkirinaSolo,2,2,0,2,2,4,
EBot_F_vs_SakkirinaSolo,17,LEFT_B,4,12060751602897902993,SakkirinaSolo,EBot_F,4,0,0,0,4,4,
EBot_F_vs_SakkirinaSolo,18,LEFT_A,4,17484432103093828100,EBot_F,SakkirinaSolo,2,2,0,2,2,4,
EBot_F_vs_SakkirinaSolo,18,LEFT_B,4,16031386142861721381,SakkirinaSolo,EBot_F,3,1,0,1,3,4,
EBot_F_vs_SakkirinaSolo,19,LEFT_A,4,12661195630458018875,EBot_F,SakkirinaSolo,0,4,0,0,4,4,
EBot_F_vs_SakkirinaSolo,19,LEFT_B,4,12948810970539667886,SakkirinaSolo,EBot_F,4,0,0,0,4,4,
EBot_F_vs_SakkirinaSolo,20,LEFT_A,4,13166149316937573357,EBot_F,SakkirinaSolo,0,4,0,0,4,4,
EBot_F_vs_SakkirinaSolo,20,LEFT_B,4,10239927197575173303,SakkirinaSolo,EBot_F,4,0,0,0,4,4,
EBot_F_vs_SakkirinaSolo,21,LEFT_A,4,2759080337485158094,EBot_F,SakkirinaSolo,1,3,0,1,3,4,
EBot_F_vs_SakkirinaSolo,21,LEFT_B,4,14604007132368327646,SakkirinaSolo,EBot_F,4,0,0,0,4,4,
EBot_F_vs_SakkirinaSolo,22,LEFT_A,4,2334869635562150109,EBot_F,SakkirinaSolo,0,4,0,0,4,4,
EBot_F_vs_SakkirinaSolo,22,LEFT_B,4,1104615375031277217,SakkirinaSolo,EBot_F,4,0,0,0,4,4,
EBot_F_vs_SakkirinaSolo,23,LEFT_A,4,9797786508364789533,EBot_F,SakkirinaSolo,0,4,0,0,4,4,
EBot_F_vs_SakkirinaSolo,23,LEFT_B,4,6249450941833603310,SakkirinaSolo,EBot_F,3,1,0,1,3,4,
EBot_F_vs_SakkirinaSolo,24,LEFT_A,4,10401053798524628014,EBot_F,SakkirinaSolo,3,1,0,3,1,4,
EBot_F_vs_SakkirinaSolo,24,LEFT_B,4,11940948261857592700,SakkirinaSolo,EBot_F,4,0,0,0,4,4,
EBot_F_vs_SakkirinaSolo,25,LEFT_A,4,122106992213961439,EBot_F,SakkirinaSolo,1,3,0,1,3,4,
EBot_F_vs_SakkirinaSolo,25,LEFT_B,4,15754811229747063949,SakkirinaSolo,EBot_F,3,1,0,1,3,4,
EBot_F_vs_SakkirinaSolo,26,LEFT_A,4,12050719918465716528,EBot_F,SakkirinaSolo,1,3,0,1,3,4,
EBot_F_vs_SakkirinaSolo,26,LEFT_B,4,8331722422545042521,SakkirinaSolo,EBot_F,4,0,0,0,4,4,
EBot_F_vs_SakkirinaSolo,27,LEFT_A,4,2587850760865707338,EBot_F,SakkirinaSolo,1,3,0,1,3,4,
EBot_F_vs_SakkirinaSolo,27,LEFT_B,4,109995389949872666,SakkirinaSolo,EBot_F,3,1,0,1,3,4,
EBot_F_vs_SakkirinaSolo,28,LEFT_A,4,7840944501361962740,EBot_F,SakkirinaSolo,3,1,0,3,1,4,
EBot_F_vs_SakkirinaSolo,28,LEFT_B,4,7593016306275088858,SakkirinaSolo,EBot_F,4,0,0,0,4,4,
EBot_F_vs_SakkirinaSolo,29,LEFT_A,4,7077110700395562452,EBot_F,SakkirinaSolo,1,3,0,1,3,4,
EBot_F_vs_SakkirinaSolo,29,LEFT_B,4,4392270298627858703,SakkirinaSolo,EBot_F,3,1,0,1,3,4,
EBot_F_vs_SakkirinaSolo,30,LEFT_A,4,8157958332320878934,EBot_F,SakkirinaSolo,1,3,0,1,3,4,
EBot_F_vs_SakkirinaSolo,30,LEFT_B,4,10124149856653116204,SakkirinaSolo,EBot_F,4,0,0,0,4,4,
EBot_F_vs_SakkirinaSolo,31,LEFT_A,4,12665318926525291951,EBot_F,SakkirinaSolo,1,3,0,1,3,4,
EBot_F_vs_SakkirinaSolo,31,LEFT_B,4,8523004257021738921,SakkirinaSolo,EBot_F,4,0,0,0,4,4,
EBot_F_vs_SakkirinaSolo,32,LEFT_A,4,480346699620258241,EBot_F,SakkirinaSolo,1,3,0,1,3,4,
EBot_F_vs_SakkirinaSolo,32,LEFT_B,4,4802614733986908514,SakkirinaSolo,EBot_F,4,0,0,0,4,4,
EBot_F_vs_SakkirinaSolo,33,LEFT_A,4,11644824706056858127,EBot_F,SakkirinaSolo,1,3,0,1,3,4,
EBot_F_vs_SakkirinaSolo,33,LEFT_B,4,1938256668474348901,SakkirinaSolo,EBot_F,3,1,0,1,3,4,
EBot_F_vs_SakkirinaSolo,34,LEFT_A,4,13816076231933568057,EBot_F,SakkirinaSolo,2,2,0,2,2,4,
EBot_F_vs_SakkirinaSolo,34,LEFT_B,4,17205730639264328859,SakkirinaSolo,EBot_F,4,0,0,0,4,4,
EBot_F_vs_SakkirinaSolo,35,LEFT_A,4,14922070762011525752,EBot_F,SakkirinaSolo,2,2,0,2,2,4,
EBot_F_vs_SakkirinaSolo,35,LEFT_B,4,17229522936806863118,SakkirinaSolo,EBot_F,3,1,0,1,3,4,
