pair_id,round_idx,side,runs,seed,left,right,p1_wins,p2_wins,draws,mapped_a_wins,mapped_b_wins,games,avg_ms
HQL_Plus_BOT_vs_SakkirinaSolo,0,LEFT_A,4,7931458368066120020,HQL_Plus_BOT,SakkirinaSolo,1,3,0,1,3,4,
HQL_Plus_BOT_vs_SakkirinaSolo,0,LEFT_B,4,7352695036307909166,SakkirinaSolo,HQL_Plus_BOT,3,1,0,1,3,4,
HQL_Plus_BOT_vs_SakkirinaSolo,1,LEFT_A,4,3970580683769583830,HQL_Plus_BOT,SakkirinaSolo,2,2,0,2,2,4,
HQL_Plus_BOT_vs_SakkirinaSolo,1,LEFT_B,4,5133309235754171768,SakkirinaSolo,HQL_Plus_BOT,2,2,0,2,2,4,
HQL_Plus_BOT_vs_SakkirinaSolo,2,LEFT_A,4,11583182475279888886,HQL_Plus_BOT,SakkirinaSolo,3,1,0,3,1,4,
HQL_Plus_BOT_vs_SakkirinaSolo,2,LEFT_B,4,15148601470352901682,SakkirinaSolo,HQL_Plus_BOT,0,4,0,4,0,4,
HQL_Plus_BOT_vs_SakkirinaSolo,3,LEFT_A,4,10397393766144763403,HQL_Plus_BOT,SakkirinaSolo,3,1,0,3,1,4,
HQL_Plus_BOT_vs_SakkirinaSolo,3,LEFT_B,4,17174283230009173542,SakkirinaSolo,HQL_Plus_BOT,4,0,0,0,4,4,
HQL_Plus_BOT_vs_SakkirinaSolo,4,LEFT_A,4,16033751776273975175,HQL_Plus_BOT,SakkirinaSolo,2,2,0,2,2,4,
HQL_Plus_BOT_vs_SakkirinaSolo,4,LEFT_B,4,559360637007623814,SakkirinaSolo,HQL_Plus_BOT,2,2,0,2,2,4,
HQL_Plus_BOT_vs_SakkirinaSolo,5,LEFT_A,4,4993501536820676171,HQL_Plus_BOT,SakkirinaSolo,3,1,0,3,1,4,
HQL_Plus_BOT_vs_SakkirinaSolo,5,LEFT_B,4,13920188736597642278,SakkirinaSolo,HQL_Plus_BOT,3,1,0,1,3,4,
HQL_Plus_BOT_vs_SakkirinaSolo,6,LEFT_A,4,10198464426998047974,HQL_Plus_BOT,SakkirinaSolo,1,3,0,1,3,4,
HQL_Plus_BOT_vs_SakkirinaSolo,6,LEFT_B,4,2107120272127212802,SakkirinaSolo,HQL_Plus_BOT,1,3,0,3,1,4,
HQL_Plus_BOT_vs_SakkirinaSolo,7,LEFT_A,4,4961857633413290585,HQL_Plus_BOT,SakkirinaSolo,2,2,0,2,2,4,
HQL_Plus_BOT_vs_SakkirinaSolo,7,LEFT_B,4,1621183309652592424,SakkirinaSolo,HQL_Plus_BOT,4,0,0,0,4,4,
HQL_Plus_BOT_vs_SakkirinaSolo,8,LEFT_A,4,13284930388496659002,HQL_Plus_BOT,SakkirinaSolo,0,4,0,0,4,4,
HQL_Plus_BOT_vs_SakkirinaSolo,8,LEFT_B,4,2490499464804359844,SakkirinaSolo,HQL_Plus_BOT,1,3,0,3,1,4,
HQL_Plus_BOT_vs_SakkirinaSolo,9,LEFT_A,4,3417188609567070024,HQL_Plus_BOT,SakkirinaSolo,3,1,0,3,1,4,
HQL_Plus_BOT_vs_SakkirinaSolo,9,LEFT_B,4,5344657489579952972,SakkirinaSolo,HQL_Plus_BOT,2,2,0,2,2,4,
HQL_Plus_BOT_vs_SakkirinaSolo,10,LEFT_A,4,8018196292410538778,HQL_Plus_BOT,SakkirinaSolo,1,3,0,1,3,4,
HQL_Plus_BOT_vs_SakkirinaSolo,10,LEFT_B,4,5244387976261999999,SakkirinaSolo,HQL_Plus_BOT,1,3,0,3,1,4,
HQL_Plus_BOT_vs_SakkirinaSolo,11,LEFT_A,4,9376349961094815710,HQL_Plus_BOT,SakkirinaSolo,2,2,0,2,2,4,
HQL_Plus_BOT_vs_SakkirinaSolo,11,LEFT_B,4,13815770740239350844,SakkirinaSolo,HQL_Plus_BOT,3,1,0,1,3,4,
HQL_Plus_BOT_vs_SakkirinaSolo,12,LEFT_A,4,11222751771074823472,HQL_Plus_BOT,SakkirinaSolo,4,0,0,4,0,4,
HQL_Plus_BOT_vs_SakkirinaSolo,12,LEFT_B,4,15708817133476795521,SakkirinaSolo,HQL_Plus_BOT,3,1,0,1,3,4,
HQL_Plus_BOT_vs_SakkirinaSolo,13,LEFT_A,4,10032556467880023519,HQL_Plus_BOT,SakkirinaSolo,4,0,0,4,0,4,
HQL_Plus_BOT_vs_SakkirinaSolo,13,LEFT_B,4,327247970873227455,SakkirinaSolo,HQL_Plus_BOT,2,2,0,2,2,4,
HQL_Plus_BOT_vs_SakkirinaSolo,14,LEFT_A,4,12918798449858929479,HQL_Plus_BOT,SakkirinaSolo,2,2,0,2,2,4,
HQL_Plus_BOT_vs_SakkirinaSolo,14,LEFT_B,4,4264543750710194865,SakkirinaSolo,HQL_Plus_BOT,3,1,0,1,3,4,
HQL_Plus_BOT_vs_SakkirinaSolo,15,LEFT_A,4,8512338351159936012,HQL_Plus_BOT,SakkirinaSolo,2,2,0,2,2,4,
HQL_Plus_BOT_vs_SakkirinaSolo,15,LEFT_B,4,4910705728250716817,SakkirinaSolo,HQL_Plus_BOT,2,2,0,2,2,4,
HQL_Plus_BOT_vs_SakkirinaSolo,16,LEFT_A,4,13791503643114049829,HQL_Plus_BOT,SakkirinaSolo,1,3,0,1,3,4,
HQL_Plus_BOT_vs_SakkirinaSolo,16,LEFT_B,4,6237097448463948732,SakkirinaSolo,HQL_Plus_BOT,2,2,0,2,2,4,
HQL_Plus_BOT_vs_SakkirinaSolo,17,LEFT_A,4,9058809020026690316,HQL_Plus_BOT,SakkirinaSolo,3,1,0,3,1,4,
HQL_Plus_BOT_vs_SakkirinaSolo,17,LEFT_B,4,14207047270496007099,SakkirinaSolo,HQL_Plus_BOT,2,2,0,2,2,4,
HQL_Plus_BOT_vs_SakkirinaSolo,18,LEFT_A,4,7552025740747754796,HQL_Plus_BOT,SakkirinaSolo,2,2,0,2,2,4,
HQL_Plus_BOT_vs_SakkirinaSolo,18,LEFT_B,4,655795489154551445,SakkirinaSolo,HQL_Plus_BOT,4,0,0,0,4,4,
HQL_Plus_BOT_vs_SakkirinaSolo,19,LEFT_A,4,2511646902137900324,HQL_Plus_BOT,SakkirinaSolo,3,1,0,3,1,4,
HQL_Plus_BOT_vs_SakkirinaSolo,19,LEFT_B,4,8005711176012580253,SakkirinaSolo,HQL_Plus_BOT,3,1,0,1,3,4,
HQL_Plus_BOT_vs_SakkirinaSolo,20,LEFT_A,4,5472236032363671663,HQL_Plus_BOT,SakkirinaSolo,2,2,0,2,2,4,
HQL_Plus_BOT_vs_SakkirinaSolo,20,LEFT_B,4,15342938400216647964,SakkirinaSolo,HQL_Plus_BOT,3,1,0,1,3,4,
HQL_Plus_BOT_vs_SakkirinaSolo,21,LEFT_A,4,10771839500224926922,HQL_Plus_BOT,SakkirinaSolo,3,1,0,3,1,4,
HQL_Plus_BOT_vs_SakkirinaSolo,21,LEFT_B,4,6636610887312222468,SakkirinaSolo,HQL_Plus_BOT,2,2,0,2,2,4,
HQL_Plus_BOT_vs_SakkirinaSolo,22,LEFT_A,4,4119288306035608705,HQL_Plus_BOT,SakkirinaSolo,3,1,0,3,1,4,
HQL_Plus_BOT_vs_SakkirinaSolo,22,LEFT_B,4,14696586926617735939,SakkirinaSolo,HQL_Plus_BOT,3,1,0,1,3,4,
HQL_Plus_BOT_vs_SakkirinaSolo,23,LEFT_A,4,8905744444244315822,HQL_Plus_BOT,SakkirinaSolo,2,2,0,2,2,4,
HQL_Plus_BOT_vs_SakkirinaSolo,23,LEFT_B,4,3013356002519349049,SakkirinaSolo,HQL_Plus_BOT,0,4,0,4,0,4,
HQL_Plus_BOT_vs_SakkirinaSolo,24,LEFT_A,4,3765543517448633946,HQL_Plus_BOT,SakkirinaSolo,1,3,0,1,3,4,
HQL_Plus_BOT_vs_SakkirinaSolo,24,LEFT_B,4,3145549648950233577,SakkirinaSolo,HQL_Plus_BOT,2,2,0,2,2,4,
HQL_Plus_BOT_vs_SakkirinaSolo,25,LEFT_A,4,6721273742411130044,HQL_Plus_BOT,SakkirinaSolo,3,1,0,3,1,4,
HQL_Plus_BOT_vs_SakkirinaSolo,25,LEFT_B,4,6728302196377551355,SakkirinaSolo,HQL_Plus_BOT,1,3,0,3,1,4,
HQL_Plus_BOT_vs_SakkirinaSolo,26,LEFT_A,4,17555680798751966007,HQL_Plus_BOT,SakkirinaSolo,4,0,0,4,0,4,
HQL_Plus_BOT_vs_SakkirinaSolo,26,LEFT_B,4,3730398349345852762,SakkirinaSolo,HQL_Plus_BOT,4,0,0,0,4,4,
HQL_Plus_BOT_vs_SakkirinaSolo,27,LEFT_A,4,17854608664275433550,HQL_Plus_BOT,SakkirinaSolo,3,1,0,3,1,4,
HQL_Plus_BOT_vs_SakkirinaSolo,27,LEFT_B,4,13576783764045748888,SakkirinaSolo,HQL_Plus_BOT,2,2,0,2,2,4,
HQL_Plus_BOT_vs_SakkirinaSolo,28,LEFT_A,4,10710065746168473119,HQL_Plus_BOT,SakkirinaSolo,2,2,0,2,2,4,
HQL_Plus_BOT_vs_SakkirinaSolo,28,LEFT_B,4,8829480665171633517,SakkirinaSolo,HQL_Plus_BOT,4,0,0,0,4,4,
HQL_Plus_BOT_vs_SakkirinaSolo,29,LEFT_A,4,16438403989531710879,HQL_Plus_BOT,SakkirinaSolo,3,1,0,3,1,4,
HQL_Plus_BOT_vs_SakkirinaSolo,29,LEFT_B,4,10502330501219880724,SakkirinaSolo,HQL_Plus_BOT,1,3,0,3,1,4,
HQL_Plus_BOT_vs_SakkirinaSolo,30,LEFT_A,4,6742994517828073221,HQL_Plus_BOT,SakkirinaSolo,3,1,0,3,1,4,
HQL_Plus_BOT_vs_SakkirinaSolo,30,LEFT_B,4,14666493238314293585,SakkirinaSolo,HQL_Plus_BOT,0,4,0,4,0,4,
HQL_Plus_BOT_vs_SakkirinaSolo,31,LEFT_A,4,1830486855852911658,HQL_Plus_BOT,SakkirinaSolo,2,2,0,2,2,4,
HQL_Plus_BOT_vs_SakkirinaSolo,31,LEFT_B,4,10517077138884918550,SakkirinaSolo,HQL_Plus_BOT,4,0,0,0,4,4,
HQL_Plus_BOT_vs_SakkirinaSolo,32,LEFT_A,4,18106295510398590518,HQL_Plus_BOT,SakkirinaSolo,2,2,0,2,2,4,
HQL_Plus_BOT_vs_SakkirinaSolo,32,LEFT_B,4,5791312122773642382,SakkirinaSolo,HQL_Plus_BOT,1,3,0,3,1,4,
HQL_Plus_BOT_vs_SakkirinaSolo,33,LEFT_A,4,8726446727810180655,HQL_Plus_BOT,SakkirinaSolo,3,1,0,3,1,4,
HQL_Plus_BOT_vs_SakkirinaSolo,33,LEFT_B,4,17932327943416000570,SakkirinaSolo,HQL_Plus_BOT,2,2,0,2,2,4,
HQL_Plus_BOT_vs_SakkirinaSolo,34,LEFT_A,4,7671006618003377057,HQL_Plus_BOT,SakkirinaSolo,3,1,0,3,1,4,
HQL_Plus_BOT_vs_SakkirinaSolo,34,LEFT_B,4,2180715361621335974,SakkirinaSolo,HQL_Plus_BOT,1,3,0,3,1,4,
HQL_Plus_BOT_vs_SakkirinaSolo,35,LEFT_A,4,7464596727544045815,HQL_Plus_BOT,SakkirinaSolo,3,1,0,3,1,4,
HQL_Plus_BOT_vs_SakkirinaSolo,35,LEFT_B,4,13635681246467166590,SakkirinaSolo,HQL_Plus_BOT,4,0,0,0,4,4,
