pair_id,round_idx,side,runs,seed,left,right,p1_wins,p2_wins,draws,mapped_a_wins,mapped_b_wins,games,avg_ms
HQL_Plus_BOT_vs_Nangert_submission_v4,0,LEFT_A,4,16525796934200408581,HQL_Plus_BOT,grpc:Nangert_submission_v4,2,2,0,2,2,4,
HQL_Plus_BOT_vs_Nangert_submission_v4,0,LEFT_B,4,10886580001592797828,grpc:Nangert_submission_v4,HQL_Plus_BOT,2,2,0,2,2,4,
HQL_Plus_BOT_vs_Nangert_submission_v4,1,LEFT_A,4,11283250281356889180,HQL_Plus_BOT,grpc:Nangert_submission_v4,4,0,0,4,0,4,
HQL_Plus_BOT_vs_Nangert_submission_v4,1,LEFT_B,4,15604098690406541306,grpc:Nangert_submission_v4,HQL_Plus_BOT,4,0,0,0,4,4,
HQL_Plus_BOT_vs_Nangert_submission_v4,2,LEFT_A,4,10600001137666861127,HQL_Plus_BOT,grpc:Nangert_submission_v4,3,1,0,3,1,4,
HQL_Plus_BOT_vs_Nangert_submission_v4,2,LEFT_B,4,1026532830356838754,grpc:Nangert_submission_v4,HQL_Plus_BOT,4,0,0,0,4,4,
HQL_Plus_BOT_vs_Nangert_submission_v4,3,LEFT_A,4,6149862521939792451,HQL_Plus_BOT,grpc:Nangert_submission_v4,2,2,0,2,2,4,
HQL_Plus_BOT_vs_Nangert_submission_v4,3,LEFT_B,4,12827770975130115763,grpc:Nangert_submission_v4,HQL_Plus_BOT,3,1,0,1,3,4,
HQL_Plus_BOT_vs_Nangert_submission_v4,4,LEFT_A,4,17185195466465803131,HQL_Plus_BOT,grpc:Nangert_submission_v4,3,1,0,3,1,4,
HQL_Plus_BOT_vs_Nangert_submission_v4,4,LEFT_B,4,1664570058297259560,grpc:Nangert_submission_v4,HQL_Plus_BOT,3,1,0,1,3,4,
HQL_Plus_BOT_vs_Nangert_submission_v4,5,LEFT_A,4,2192299532086170420,HQL_Plus_BOT,grpc:Nangert_submission_v4,1,3,0,1,3,4,
HQL_Plus_BOT_vs_Nangert_submission_v4,5,LEFT_B,4,14556518726732799866,grpc:Nangert_submission_v4,HQL_Plus_BOT,4,0,0,0,4,4,
HQL_Plus_BOT_vs_Nangert_submission_v4,6,LEFT_A,4,3744080758771843053,HQL_Plus_BOT,grpc:Nangert_submission_v4,4,0,0,4,0,4,
HQL_Plus_BOT_vs_Nangert_submission_v4,6,LEFT_B,4,15963026750671203705,grpc:Nangert_submission_v4,HQL_Plus_BOT,3,1,0,1,3,4,
HQL_Plus_BOT_vs_Nangert_submission_v4,7,LEFT_A,4,18060411051368688835,HQL_Plus_BOT,grpc:Nangert_submission_v4,2,2,0,2,2,4,
HQL_Plus_BOT_vs_Nangert_submission_v4,7,LEFT_B,4,16480170852121896339,grpc:Nangert_submission_v4,HQL_Plus_BOT,3,1,0,1,3,4,
HQL_Plus_BOT_vs_Nangert_submission_v4,8,LEFT_A,4,18005096778635998577,HQL_Plus_BOT,grpc:Nangert_submission_v4,3,1,0,3,1,4,
HQL_Plus_BOT_vs_Nangert_submission_v4,8,LEFT_B,4,17657404394457936743,grpc:Nangert_submission_v4,HQL_Plus_BOT,3,1,0,1,3,4,
HQL_Plus_BOT_vs_Nangert_submission_v4,9,LEFT_A,4,10758329712293702627,HQL_Plus_BOT,grpc:Nangert_submission_v4,3,1,0,3,1,4,
HQL_Plus_BOT_vs_Nangert_submission_v4,9,LEFT_B,4,9186184933783905947,grpc:Nangert_submission_v4,HQL_Plus_BOT,4,0,0,0,4,4,
HQL_Plus_BOT_vs_Nangert_submission_v4,10,LEFT_A,4,17225224359285837401,HQL_Plus_BOT,grpc:Nangert_submission_v4,3,1,0,3,1,4,
HQL_Plus_BOT_vs_Nangert_submission_v4,10,LEFT_B,4,3567513059554941006,grpc:Nangert_submission_v4,HQL_Plus_BOT,3,1,0,1,3,4,
HQL_Plus_BOT_vs_Nangert_submission_v4,11,LEFT_A,4,11316364094327887192,HQL_Plus_BOT,grpc:Nangert_submission_v4,3,1,0,3,1,4,
HQL_Plus_BOT_vs_Nangert_submission_v4,11,LEFT_B,4,15763822705304260562,grpc:Nangert_submission_v4,HQL_Plus_BOT,3,1,0,1,3,4,
HQL_Plus_BOT_vs_Nangert_submission_v4,12,LEFT_A,4,9255090511175228995,HQL_Plus_BOT,grpc:Nangert_submission_v4,3,1,0,3,1,4,
HQL_Plus_BOT_vs_Nangert_submission_v4,12,LEFT_B,4,13488461559945588373,grpc:Nangert_submission_v4,HQL_Plus_BOT,3,1,0,1,3,4,
HQL_Plus_BOT_vs_Nangert_submission_v4,13,LEFT_A,4,8951898319950816372,HQL_Plus_BOT,grpc:Nangert_submission_v4,2,2,0,2,2,4,
HQL_Plus_BOT_vs_Nangert_submission_v4,13,LEFT_B,4,11352288064074300625,grpc:Nangert_submission_v4,HQL_Plus_BOT,4,0,0,0,4,4,
HQL_Plus_BOT_vs_Nangert_submission_v4,14,LEFT_A,4,10594708823565679937,HQL_Plus_BOT,grpc:Nangert_submission_v4,3,1,0,3,1,4,
HQL_Plus_BOT_vs_Nangert_submission_v4,14,LEFT_B,4,17314795735815509993,grpc:Nangert_submission_v4,HQL_Plus_BOT,2,2,0,2,2,4,
HQL_Plus_BOT_vs_Nangert_submission_v4,15,LEFT_A,4,6554909803904008415,HQL_Plus_BOT,grpc:Nangert_submission_v4,1,3,0,1,3,4,
HQL_Plus_BOT_vs_Nangert_submission_v4,15,LEFT_B,4,8706720808599575807,grpc:Nangert_submission_v4,HQL_Plus_BOT,3,1,0,1,3,4,
HQL_Plus_BOT_vs_Nangert_submission_v4,16,LEFT_A,4,16955134785732371783,HQL_Plus_BOT,grpc:Nangert_submission_v4,2,2,0,2,2,4,
HQL_Plus_BOT_vs_Nangert_submission_v4,16,LEFT_B,4,18234735294113147112,grpc:Nangert_submission_v4,HQL_Plus_BOT,3,1,0,1,3,4,
HQL_Plus_BOT_vs_Nangert_submission_v4,17,LEFT_A,4,7233572762129052015,HQL_Plus_BOT,grpc:Nangert_submission_v4,2,2,0,2,2,4,
HQL_Plus_BOT_vs_Nangert_submission_v4,17,LEFT_B,4,8942825778817595032,grpc:Nangert_submission_v4,HQL_Plus_BOT,2,2,0,2,2,4,
HQL_Plus_BOT_vs_Nangert_submission_v4,18,LEFT_A,4,8567174951661123327,HQL_Plus_BOT,grpc:Nangert_submission_v4,4,0,0,4,0,4,
HQL_Plus_BOT_vs_Nangert_submission_v4,18,LEFT_B,4,9250983850783443683,grpc:Nangert_submission_v4,HQL_Plus_BOT,4,0,0,0,4,4,
HQL_Plus_BOT_vs_Nangert_submission_v4,19,LEFT_A,4,16537849354332422524,HQL_Plus_BOT,grpc:Nangert_submission_v4,2,2,0,2,2,4,
HQL_Plus_BOT_vs_Nangert_submission_v4,19,LEFT_B,4,8442359228468806835,grpc:Nangert_submission_v4,HQL_Plus_BOT,4,0,0,0,4,4,
HQL_Plus_BOT_vs_Nangert_submission_v4,20,LEFT_A,4,7326553662531006211,HQL_Plus_BOT,grpc:Nangert_submission_v4,4,0,0,4,0,4,
HQL_Plus_BOT_vs_Nangert_submission_v4,20,LEFT_B,4,10143689229058743074,grpc:Nangert_submission_v4,HQL_Plus_BOT,4,0,0,0,4,4,
HQL_Plus_BOT_vs_Nangert_submission_v4,21,LEFT_A,4,14220078420654258814,HQL_Plus_BOT,grpc:Nangert_submission_v4,4,0,0,4,0,4,
HQL_Plus_BOT_vs_Nangert_submission_v4,21,LEFT_B,4,17067122148678799161,grpc:Nangert_submission_v4,HQL_Plus_BOT,3,1,0,1,3,4,
HQL_Plus_BOT_vs_Nangert_submission_v4,22,LEFT_A,4,14840030537711962283,HQL_Plus_BOT,grpc:Nangert_submission_v4,2,2,0,2,2,4,
HQL_Plus_BOT_vs_Nangert_submission_v4,22,LEFT_B,4,16213608069222477553,grpc:Nangert_submission_v4,HQL_Plus_BOT,4,0,0,0,4,4,
HQL_Plus_BOT_vs_Nangert_submission_v4,23,LEFT_A,4,14607107416252788154,HQL_Plus_BOT,grpc:Nangert_submission_v4,4,0,0,4,0,4,
HQL_Plus_BOT_vs_Nangert_submission_v4,23,LEFT_B,4,1288208880573432930,grpc:Nangert_submission_v4,HQL_Plus_BOT,4,0,0,0,4,4,
HQL_Plus_BOT_vs_Nangert_submission_v4,24,LEFT_A,4,14798972632594675805,HQL_Plus_BOT,grpc:Nangert_submission_v4,4,0,0,4,0,4,
HQL_Plus_BOT_vs_Nangert_submission_v4,24,LEFT_B,4,4304868764588638937,grpc:Nangert_submission_v4,HQL_Plus_BOT,2,2,0,2,2,4,
HQL_Plus_BOT_vs_Nangert_submission_v4,25,LEFT_A,4,11839873298398048485,HQL_Plus_BOT,grpc:Nangert_submission_v4,3,1,0,3,1,4,
HQL_Plus_BOT_vs_Nangert_submission_v4,25,LEFT_B,4,2468098643897365472,grpc:Nangert_submission_v4,HQL_Plus_BOT,2,2,0,2,2,4,
HQL_Plus_BOT_vs_Nangert_submission_v4,26,LEFT_A,4,10399601692736875726,HQL_Plus_BOT,grpc:Nangert_submission_v4,2,2,0,2,2,4,
HQL_Plus_BOT_vs_Nangert_submission_v4,26,LEFT_B,4,16078910772318047799,grpc:Nangert_submission_v4,HQL_Plus_BOT,3,1,0,1,3,4,
HQL_Plus_BOT_vs_Nangert_submission_v4,27,LEFT_A,4,4585092409122593067,HQL_Plus_BOT,grpc:Nangert_submission_v4,4,0,0,4,0,4,
HQL_Plus_BOT_vs_Nangert_submission_v4,27,LEFT_B,4,8062527576146482184,grpc:Nangert_submission_v4,HQL_Plus_BOT,4,0,0,0,4,4,
HQL_Plus_BOT_vs_Nangert_submission_v4,28,LEFT_A,4,4680385210645416489,HQL_Plus_BOT,grpc:Nangert_submission_v4,4,0,0,4,0,4,
HQL_Plus_BOT_vs_Nangert_submission_v4,28,LEFT_B,4,6008770494894637765,grpc:Nangert_submission_v4,HQL_Plus_BOT,1,3,0,3,1,4,
HQL_Plus_BOT_vs_Nangert_submission_v4,29,LEFT_A,4,8315599507503925229,HQL_Plus_BOT,grpc:Nangert_submission_v4,3,1,0,3,1,4,
HQL_Plus_BOT_vs_Nangert_submission_v4,29,LEFT_B,4,12946057288862471677,grpc:Nangert_submission_v4,HQL_Plus_BOT,4,0,0,0,4,4,
HQL_Plus_BOT_vs_Nangert_submission_v4,30,LEFT_A,4,776522748119415080,HQL_Plus_BOT,grpc:Nangert_submission_v4,4,0,0,4,0,4,
HQL_Plus_BOT_vs_Nangert_submission_v4,30,LEFT_B,4,11019365397400685610,grpc:Nangert_submission_v4,HQL_Plus_BOT,2,2,0,2,2,4,
HQL_Plus_BOT_vs_Nangert_submission_v4,31,LEFT_A,4,5938809283307525666,HQL_Plus_BOT,grpc:Nangert_submission_v4,4,0,0,4,0,4,
HQL_Plus_BOT_vs_Nangert_submission_v4,31,LEFT_B,4,5760626335266074105,grpc:Nangert_submission_v4,HQL_Plus_BOT,4,0,0,0,4,4,
HQL_Plus_BOT_vs_Nangert_submission_v4,32,LEFT_A,4,6513800567577000271,HQL_Plus_BOT,grpc:Nangert_submission_v4,3,1,0,3,1,4,
HQL_Plus_BOT_vs_Nangert_submission_v4,32,LEFT_B,4,17549108615733472051,grpc:Nangert_submission_v4,HQL_Plus_BOT,4,0,0,0,4,4,
HQL_Plus_BOT_vs_Nangert_submission_v4,33,LEFT_A,4,4146976874689067244,HQL_Plus_BOT,grpc:Nangert_submission_v4,4,0,0,4,0,4,
HQL_Plus_BOT_vs_Nangert_submission_v4,33,LEFT_B,4,4752399332054056292,grpc:Nangert_submission_v4,HQL_Plus_BOT,3,1,0,1,3,4,
HQL_Plus_BOT_vs_Nangert_submission_v4,34,LEFT_A,4,7681674251668506767,HQL_Plus_BOT,grpc:Nangert_submission_v4,2,2,0,2,2,4,
HQL_Plus_BOT_vs_Nangert_submission_v4,34,LEFT_B,4,758423629379710894,grpc:Nangert_submission_v4,HQL_Plus_BOT,3,1,0,1,3,4,
HQL_Plus_BOT_vs_Nangert_submission_v4,35,LEFT_A,4,4681462978567552120,HQL_Plus_BOT,grpc:Nangert_submission_v4,3,1,0,3,1,4,
HQL_Plus_BOT_vs_Nangert_submission_v4,35,LEFT_B,4,4166516290315972990,grpc:Nangert_submission_v4,HQL_Plus_BOT,3,1,0,1,3,4,
