pair_id,round_idx,side,runs,seed,left,right,p1_wins,p2_wins,draws,mapped_a_wins,mapped_b_wins,games,avg_ms
HQL_Plus_BOT_vs_ZMyBot,0,LEFT_A,4,15108181886616404803,HQL_Plus_BOT,grpc:ZMyBot,4,0,0,4,0,4,
HQL_Plus_BOT_vs_ZMyBot,0,LEFT_B,4,17248859351586459253,grpc:ZMyBot,HQL_Plus_BOT,0,4,0,4,0,4,
HQL_Plus_BOT_vs_ZMyBot,1,LEFT_A,4,15285763275622152762,HQL_Plus_BOT,grpc:ZMyBot,4,0,0,4,0,4,
HQL_Plus_BOT_vs_ZMyBot,1,LEFT_B,4,10097879997452341882,grpc:ZMyBot,HQL_Plus_BOT,0,4,0,4,0,4,
HQL_Plus_BOT_vs_ZMyBot,2,LEFT_A,4,16500623101513926714,HQL_Plus_BOT,grpc:ZMyBot,4,0,0,4,0,4,
HQL_Plus_BOT_vs_ZMyBot,2,LEFT_B,4,10226850167898706441,grpc:ZMyBot,HQL_Plus_BOT,1,3,0,3,1,4,
HQL_Plus_BOT_vs_ZMyBot,3,LEFT_A,4,4170225835815977217,HQL_Plus_BOT,grpc:ZMyBot,4,0,0,4,0,4,
HQL_Plus_BOT_vs_ZMyBot,3,LEFT_B,4,9403723618784205776,grpc:ZMyBot,HQL_Plus_BOT,0,4,0,4,0,4,
HQL_Plus_BOT_vs_ZMyBot,4,LEFT_A,4,6012866433047020931,HQL_Plus_BOT,grpc:ZMyBot,4,0,0,4,0,4,
HQL_Plus_BOT_vs_ZMyBot,4,LEFT_B,4,486721896312106771,grpc:ZMyBot,HQL_Plus_BOT,0,4,0,4,0,4,
HQL_Plus_BOT_vs_ZMyBot,5,LEFT_A,4,2905482706655768045,HQL_Plus_BOT,grpc:ZMyBot,4,0,0,4,0,4,
HQL_Plus_BOT_vs_ZMyBot,5,LEFT_B,4,4373967272948660922,grpc:ZMyBot,HQL_Plus_BOT,1,3,0,3,1,4,
HQL_Plus_BOT_vs_ZMyBot,6,LEFT_A,4,7421944425632502751,HQL_Plus_BOT,grpc:ZMyBot,4,0,0,4,0,4,
HQL_Plus_BOT_vs_ZMyBot,6,LEFT_B,4,6312398848975199548,grpc:ZMyBot,HQL_Plus_BOT,0,4,0,4,0,4,
HQL_Plus_BOT_vs_ZMyBot,7,LEFT_A,4,17328307467120300387,HQL_Plus_BOT,grpc:ZMyBot,4,0,0,4,0,4,
HQL_Plus_BOT_vs_ZMyBot,7,LEFT_B,4,18011831671165734667,grpc:ZMyBot,HQL_Plus_BOT,0,4,0,4,0,4,
HQL_Plus_BOT_vs_ZMyBot,8,LEFT_A,4,8988280761601582930,HQL_Plus_BOT,grpc:ZMyBot,4,0,0,4,0,4,
HQL_Plus_BOT_vs_ZMyBot,8,LEFT_B,4,18107921698149156255,grpc:ZMyBot,HQL_Plus_BOT,0,4,0,4,0,4,
HQL_Plus_BOT_vs_ZMyBot,9,LEFT_A,4,9247294521004017660,HQL_Plus_BOT,grpc:ZMyBot,3,1,0,3,1,4,
HQL_Plus_BOT_vs_ZMyBot,9,LEFT_B,4,8482224160727576408,grpc:ZMyBot,HQL_Plus_BOT,0,4,0,4,0,4,
HQL_Plus_BOT_vs_ZMyBot,10,LEFT_A,4,544512011099168165,HQL_Plus_BOT,grpc:ZMyBot,4,0,0,4,0,4,
HQL_Plus_BOT_vs_ZMyBot,10,LEFT_B,4,10130922061137701625,grpc:ZMyBot,HQL_Plus_BOT,0,4,0,4,0,4,
HQL_Plus_BOT_vs_ZMyBot,11,LEFT_A,4,5804042111655633562,HQL_Plus_BOT,grpc:ZMyBot,4,0,0,4,0,4,
HQL_Plus_BOT_vs_ZMyBot,11,LEFT_B,4,10908175121452458208,grpc:ZMyBot,HQL_Plus_BOT,0,4,0,4,0,4,
HQL_Plus_BOT_vs_ZMyBot,12,LEFT_A,4,4839356482444144770,HQL_Plus_BOT,grpc:ZMyBot,4,0,0,4,0,4,
HQL_Plus_BOT_vs_ZMyBot,12,LEFT_B,4,1320185982330754956,grpc:ZMyBot,HQL_Plus_BOT,0,4,0,4,0,4,
HQL_Plus_BOT_vs_ZMyBot,13,LEFT_A,4,12434590591915362376,HQL_Plus_BOT,grpc:ZMyBot,4,0,0,4,0,4,
HQL_Plus_BOT_vs_ZMyBot,13,LEFT_B,4,10532600156326661700,grpc:ZMyBot,HQL_Plus_BOT,0,4,0,4,0,4,
HQL_Plus_BOT_vs_ZMyBot,14,LEFT_A,4,5348115000186965441,HQL_Plus_BOT,grpc:ZMyBot,4,0,0,4,0,4,
HQL_Plus_BOT_vs_ZMyBot,14,LEFT_B,4,326403782916942589,grpc:ZMyBot,HQL_Plus_BOT,0,4,0,4,0,4,
HQL_Plus_BOT_vs_ZMyBot,15,LEFT_A,4,12964112343459723371,HQL_Plus_BOT,grpc:ZMyBot,4,0,0,4,0,4,
HQL_Plus_BOT_vs_ZMyBot,15,LEFT_B,4,18445882015643596606,grpc:ZMyBot,HQL_Plus_BOT,0,4,0,4,0,4,
HQL_Plus_BOT_vs_ZMyBot,16,LEFT_A,4,16206094289847750471,HQL_Plus_BOT,grpc:ZMyBot,3,1,0,3,1,4,
HQL_Plus_BOT_vs_ZMyBot,16,LEFT_B,4,5046450046468254303,grpc:ZMyBot,HQL_Plus_BOT,0,4,0,4,0,4,
HQL_Plus_BOT_vs_ZMyBot,17,LEFT_A,4,11203231854734039645,HQL_Plus_BOT,grpc:ZMyBot,3,1,0,3,1,4,
HQL_Plus_BOT_vs_ZMyBot,17,LEFT_B,4,270065513694662801,grpc:ZMyBot,HQL_Plus_BOT,0,4,0,4,0,4,
HQL_Plus_BOT_vs_ZMyBot,18,LEFT_A,4,12245868481556756290,HQL_Plus_BOT,grpc:ZMyBot,4,0,0,4,0,4,
HQL_Plus_BOT_vs_ZMyBot,18,LEFT_B,4,15553610930801379791,grpc:ZMyBot,HQL_Plus_BOT,1,3,0,3,1,4,
HQL_Plus_BOT_vs_ZMyBot,19,LEFT_A,4,15547979711899389300,HQL_Plus_BOT,grpc:ZMyBot,4,0,0,4,0,4,
HQL_Plus_BOT_vs_ZMyBot,19,LEFT_B,4,17995326957882735272,grpc:ZMyBot,HQL_Plus_BOT,0,4,0,4,0,4,
HQL_Plus_BOT_vs_ZMyBot,20,LEFT_A,4,17841124760319168022,HQL_Plus_BOT,grpc:ZMyBot,3,1,0,3,1,4,
HQL_Plus_BOT_vs_ZMyBot,20,LEFT_B,4,5678326108177900551,grpc:ZMyBot,HQL_Plus_BOT,2,2,0,2,2,4,
HQL_Plus_BOT_vs_ZMyBot,21,LEFT_A,4,11803969117644265244,HQL_Plus_BOT,grpc:ZMyBot,4,0,0,4,0,4,
HQL_Plus_BOT_vs_ZMyBot,21,LEFT_B,4,7221772697330007532,grpc:ZMyBot,HQL_Plus_BOT,0,4,0,4,0,4,
HQL_Plus_BOT_vs_ZMyBot,22,LEFT_A,4,619695496890027857,HQL_Plus_BOT,grpc:ZMyBot,4,0,0,4,0,4,
HQL_Plus_BOT_vs_ZMyBot,22,LEFT_B,4,7726496021306922296,grpc:ZMyBot,HQL_Plus_BOT,0,4,0,4,0,4,
HQL_Plus_BOT_vs_ZMyBot,23,LEFT_A,4,14307374546067521142,HQL_Plus_BOT,grpc:ZMyBot,3,1,0,3,1,4,
HQL_Plus_BOT_vs_ZMyBot,23,LEFT_B,4,11729672133793757534,grpc:ZMyBot,HQL_Plus_BOT,0,4,0,4,0,4,
HQL_Plus_BOT_vs_ZMyBot,24,LEFT_A,4,4621606931234210799,HQL_Plus_BOT,grpc:ZMyBot,4,0,0,4,0,4,
HQL_Plus_BOT_vs_ZMyBot,24,LEFT_B,4,10571472762426633999,grpc:ZMyBot,HQL_Plus_BOT,0,4,0,4,0,4,
HQL_Plus_BOT_vs_ZMyBot,25,LEFT_A,4,10260741450332894522,HQL_Plus_BOT,grpc:ZMyBot,4,0,0,4,0,4,
HQL_Plus_BOT_vs_ZMyBot,25,LEFT_B,4,8157053758766258412,grpc:ZMyBot,HQL_Plus_BOT,0,4,0,4,0,4,
HQL_Plus_BOT_vs_ZMyBot,26,LEFT_A,4,8459010746156461013,HQL_Plus_BOT,grpc:ZMyBot,4,0,0,4,0,4,
HQL_Plus_BOT_vs_ZMyBot,26,LEFT_B,4,14605538301662181704,grpc:ZMyBot,HQL_Plus_BOT,0,4,0,4,0,4,
HQL_Plus_BOT_vs_ZMyBot,27,LEFT_A,4,15836646254975023252,HQL_Plus_BOT,grpc:ZMyBot,4,0,0,4,0,4,
HQL_Plus_BOT_vs_ZMyBot,27,LEFT_B,4,13969426289205945343,grpc:ZMyBot,HQL_Plus_BOT,0,4,0,4,0,4,
HQL_Plus_BOT_vs_ZMyBot,28,LEFT_A,4,12313219435324303945,HQL_Plus_BOT,grpc:ZMyBot,4,0,0,4,0,4,
HQL_Plus_BOT_vs_ZMyBot,28,LEFT_B,4,2543285689264983311,grpc:ZMyBot,HQL_Plus_BOT,0,4,0,4,0,4,
HQL_Plus_BOT_vs_ZMyBot,29,LEFT_A,4,14792447726405707497,HQL_Plus_BOT,grpc:ZMyBot,4,0,0,4,0,4,
HQL_Plus_BOT_vs_ZMyBot,29,LEFT_B,4,9583278878245121428,grpc:ZMyBot,HQL_Plus_BOT,0,4,0,4,0,4,
HQL_Plus_BOT_vs_ZMyBot,30,LEFT_A,4,933601760971481674,HQL_Plus_BOT,grpc:ZMyBot,4,0,0,4,0,4,
HQL_Plus_BOT_vs_ZMyBot,30,LEFT_B,4,16812193166068308657,grpc:ZMyBot,HQL_Plus_BOT,0,4,0,4,0,4,
HQL_Plus_BOT_vs_ZMyBot,31,LEFT_A,4,6404640874214818696,HQL_Plus_BOT,grpc:ZMyBot,4,0,0,4,0,4,
HQL_Plus_BOT_vs_ZMyBot,31,LEFT_B,4,5721339983668686468,grpc:ZMyBot,HQL_Plus_BOT,0,4,0,4,0,4,
HQL_Plus_BOT_vs_ZMyBot,32,LEFT_A,4,6120048481508490797,HQL_Plus_BOT,grpc:ZMyBot,4,0,0,4,0,4,
HQL_Plus_BOT_vs_ZMyBot,32,LEFT_B,4,2020188237556527702,grpc:ZMyBot,HQL_Plus_BOT,0,4,0,4,0,4,
HQL_Plus_BOT_vs_ZMyBot,33,LEFT_A,4,16876127625812804473,HQL_Plus_BOT,grpc:ZMyBot,4,0,0,4,0,4,
HQL_Plus_BOT_vs_ZMyBot,33,LEFT_B,4,10630768239466190676,grpc:ZMyBot,HQL_Plus_BOT,0,4,0,4,0,4,
HQL_Plus_BOT_vs_ZMyBot,34,LEFT_A,4,10116550121144097932,HQL_Plus_BOT,grpc:ZMyBot,4,0,0,4,0,4,
HQL_Plus_BOT_vs_ZMyBot,34,LEFT_B,4,4018547441243062071,grpc:ZMyBot,HQL_Plus_BOT,0,4,0,4,0,4,
HQL_Plus_BOT_vs_ZMyBot,35,LEFT_A,4,9465856192880302819,HQL_Plus_BOT,grpc:ZMyBot,3,1,0,3,1,4,
HQL_Plus_BOT_vs_ZMyBot,35,LEFT_B,4,4384551054757663751,grpc:ZMyBot,HQL_Plus_BOT,1,3,0,3,1,4,
