pair_id,round_idx,side,runs,seed,left,right,p1_wins,p2_wins,draws,mapped_a_wins,mapped_b_wins,games,avg_ms
HQL_Plus_BOT_vs_MaltheMCTS,0,LEFT_A,4,3293342038755755385,HQL_Plus_BOT,MaltheMCTS,4,0,0,4,0,4,
HQL_Plus_BOT_vs_MaltheMCTS,0,LEFT_B,4,16128869355846381397,MaltheMCTS,HQL_Plus_BOT,1,3,0,3,1,4,
HQL_Plus_BOT_vs_MaltheMCTS,1,LEFT_A,4,3280954389381019110,HQL_Plus_BOT,MaltheMCTS,2,2,0,2,2,4,
HQL_Plus_BOT_vs_MaltheMCTS,1,LEFT_B,4,4300045033995208006,MaltheMCTS,HQL_Plus_BOT,0,4,0,4,0,4,
HQL_Plus_BOT_vs_MaltheMCTS,2,LEFT_A,4,17452921061218196787,HQL_Plus_BOT,MaltheMCTS,3,1,0,3,1,4,
HQL_Plus_BOT_vs_MaltheMCTS,2,LEFT_B,4,3430927256546929155,MaltheMCTS,HQL_Plus_BOT,1,3,0,3,1,4,
HQL_Plus_BOT_vs_MaltheMCTS,3,LEFT_A,4,12249977579704275455,HQL_Plus_BOT,MaltheMCTS,3,1,0,3,1,4,
HQL_Plus_BOT_vs_MaltheMCTS,3,LEFT_B,4,10067394852325323401,MaltheMCTS,HQL_Plus_BOT,0,4,0,4,0,4,
HQL_Plus_BOT_vs_MaltheMCTS,4,LEFT_A,4,10938120956116080575,HQL_Plus_BOT,MaltheMCTS,3,1,0,3,1,4,
HQL_Plus_BOT_vs_MaltheMCTS,4,LEFT_B,4,10644606121206624688,MaltheMCTS,HQL_Plus_BOT,2,2,0,2,2,4,
HQL_Plus_BOT_vs_MaltheMCTS,5,LEFT_A,4,11612953264305532037,HQL_Plus_BOT,MaltheMCTS,2,2,0,2,2,4,
HQL_Plus_BOT_vs_MaltheMCTS,5,LEFT_B,4,9572270516268635890,MaltheMCTS,HQL_Plus_BOT,0,4,0,4,0,4,
HQL_Plus_BOT_vs_MaltheMCTS,6,LEFT_A,4,11827923533835952271,HQL_Plus_BOT,MaltheMCTS,3,1,0,3,1,4,
HQL_Plus_BOT_vs_MaltheMCTS,6,LEFT_B,4,13227804631857484247,MaltheMCTS,HQL_Plus_BOT,0,4,0,4,0,4,
HQL_Plus_BOT_vs_MaltheMCTS,7,LEFT_A,4,567928921966618098,HQL_Plus_BOT,MaltheMCTS,3,1,0,3,1,4,
HQL_Plus_BOT_vs_MaltheMCTS,7,LEFT_B,4,443367886368208305,MaltheMCTS,HQL_Plus_BOT,1,3,0,3,1,4,
HQL_Plus_BOT_vs_MaltheMCTS,8,LEFT_A,4,12446966194700226922,HQL_Plus_BOT,MaltheMCTS,4,0,0,4,0,4,
HQL_Plus_BOT_vs_MaltheMCTS,8,LEFT_B,4,12049084152357646313,MaltheMCTS,HQL_Plus_BOT,0,4,0,4,0,4,
HQL_Plus_BOT_vs_MaltheMCTS,9,LEFT_A,4,3505783179419745170,HQL_Plus_BOT,MaltheMCTS,4,0,0,4,0,4,
HQL_Plus_BOT_vs_MaltheMCTS,9,LEFT_B,4,16122548964610231145,MaltheMCTS,HQL_Plus_BOT,0,4,0,4,0,4,
HQL_Plus_BOT_vs_MaltheMCTS,10,LEFT_A,4,13729596344584628580,HQL_Plus_BOT,MaltheMCTS,4,0,0,4,0,4,
HQL_Plus_BOT_vs_MaltheMCTS,10,LEFT_B,4,3303372944118542262,MaltheMCTS,HQL_Plus_BOT,1,3,0,3,1,4,
HQL_Plus_BOT_vs_MaltheMCTS,11,LEFT_A,4,921205160111958321,HQL_Plus_BOT,MaltheMCTS,4,0,0,4,0,4,
HQL_Plus_BOT_vs_MaltheMCTS,11,LEFT_B,4,15503282837401474737,MaltheMCTS,HQL_Plus_BOT,1,3,0,3,1,4,
HQL_Plus_BOT_vs_MaltheMCTS,12,LEFT_A,4,4116228382535926342,HQL_Plus_BOT,MaltheMCTS,4,0,0,4,0,4,
HQL_Plus_BOT_vs_MaltheMCTS,12,LEFT_B,4,11108701994295348445,MaltheMCTS,HQL_Plus_BOT,1,3,0,3,1,4,
HQL_Plus_BOT_vs_MaltheMCTS,13,LEFT_A,4,7694513111846148720,HQL_Plus_BOT,MaltheMCTS,4,0,0,4,0,4,
HQL_Plus_BOT_vs_MaltheMCTS,13,LEFT_B,4,9822491585288938899,MaltheMCTS,HQL_Plus_BOT,1,3,0,3,1,4,
HQL_Plus_BOT_vs_MaltheMCTS,14,LEFT_A,4,11758010117597360701,HQL_Plus_BOT,MaltheMCTS,3,1,0,3,1,4,
HQL_Plus_BOT_vs_MaltheMCTS,14,LEFT_B,4,5236704328038701306,MaltheMCTS,HQL_Plus_BOT,1,3,0,3,1,4,
HQL_Plus_BOT_vs_MaltheMCTS,15,LEFT_A,4,16130492407032952067,HQL_Plus_BOT,MaltheMCTS,2,2,0,2,2,4,
HQL_Plus_BOT_vs_MaltheMCTS,15,LEFT_B,4,12906155279229277594,MaltheMCTS,HQL_Plus_BOT,1,3,0,3,1,4,
HQL_Plus_BOT_vs_MaltheMCTS,16,LEFT_A,4,6500622941797502408,HQL_Plus_BOT,MaltheMCTS,3,1,0,3,1,4,
HQL_Plus_BOT_vs_MaltheMCTS,16,LEFT_B,4,8497096200222002603,MaltheMCTS,HQL_Plus_BOT,2,2,0,2,2,4,
HQL_Plus_BOT_vs_MaltheMCTS,17,LEFT_A,4,6509577109998972576,HQL_Plus_BOT,MaltheMCTS,3,1,0,3,1,4,
HQL_Plus_BOT_vs_MaltheMCTS,17,LEFT_B,4,12550247619795948190,MaltheMCTS,HQL_Plus_BOT,1,3,0,3,1,4,
HQL_Plus_BOT_vs_MaltheMCTS,18,LEFT_A,4,8951126235940432012,HQL_Plus_BOT,MaltheMCTS,3,1,0,3,1,4,
HQL_Plus_BOT_vs_MaltheMCTS,18,LEFT_B,4,16248416615051326089,MaltheMCTS,HQL_Plus_BOT,1,3,0,3,1,4,
HQL_Plus_BOT_vs_MaltheMCTS,19,LEFT_A,4,15698082169891859308,HQL_Plus_BOT,MaltheMCTS,3,1,0,3,1,4,
HQL_Plus_BOT_vs_MaltheMCTS,19,LEFT_B,4,15261692026171001039,MaltheMCTS,HQL_Plus_BOT,1,3,0,3,1,4,
HQL_Plus_BOT_vs_MaltheMCTS,20,LEFT_A,4,3591877467287560025,HQL_Plus_BOT,MaltheMCTS,4,0,0,4,0,4,
HQL_Plus_BOT_vs_MaltheMCTS,20,LEFT_B,4,6101876568772261979,MaltheMCTS,HQL_Plus_BOT,0,4,0,4,0,4,
HQL_Plus_BOT_vs_MaltheMCTS,21,LEFT_A,4,2664213291913517680,HQL_Plus_BOT,MaltheMCTS,4,0,0,4,0,4,
HQL_Plus_BOT_vs_MaltheMCTS,21,LEFT_B,4,1327017508585748519,MaltheMCTS,HQL_Plus_BOT,0,4,0,4,0,4,
HQL_Plus_BOT_vs_MaltheMCTS,22,LEFT_A,4,4661317621643522826,HQL_Plus_BOT,MaltheMCTS,4,0,0,4,0,4,
HQL_Plus_BOT_vs_MaltheMCTS,22,LEFT_B,4,11982697711216970199,MaltheMCTS,HQL_Plus_BOT,0,4,0,4,0,4,
HQL_Plus_BOT_vs_MaltheMCTS,23,LEFT_A,4,7251235239578919653,HQL_Plus_BOT,MaltheMCTS,3,1,0,3,1,4,
HQL_Plus_BOT_vs_MaltheMCTS,23,LEFT_B,4,11104269667078770415,MaltheMCTS,HQL_Plus_BOT,0,4,0,4,0,4,
HQL_Plus_BOT_vs_MaltheMCTS,24,LEFT_A,4,10213504194092532344,HQL_Plus_BOT,MaltheMCTS,4,0,0,4,0,4,
HQL_Plus_BOT_vs_MaltheMCTS,24,LEFT_B,4,3719640135306610272,MaltheMCTS,HQL_Plus_BOT,1,3,0,3,1,4,
HQL_Plus_BOT_vs_MaltheMCTS,25,LEFT_A,4,1072955665640653800,HQL_Plus_BOT,MaltheMCTS,4,0,0,4,0,4,
HQL_Plus_BOT_vs_MaltheMCTS,25,LEFT_B,4,3392291352736393373,MaltheMCTS,HQL_Plus_BOT,0,4,0,4,0,4,
HQL_Plus_BOT_vs_MaltheMCTS,26,LEFT_A,4,11383200238511996212,HQL_Plus_BOT,MaltheMCTS,4,0,0,4,0,4,
HQL_Plus_BOT_vs_MaltheMCTS,26,LEFT_B,4,8044785458452432938,MaltheMCTS,HQL_Plus_BOT,1,3,0,3,1,4,
HQL_Plus_BOT_vs_MaltheMCTS,27,LEFT_A,4,17112563369857270884,HQL_Plus_BOT,MaltheMCTS,4,0,0,4,0,4,
HQL_Plus_BOT_vs_MaltheMCTS,27,LEFT_B,4,7592421573439475232,MaltheMCTS,HQL_Plus_BOT,0,4,0,4,0,4,
HQL_Plus_BOT_vs_MaltheMCTS,28,LEFT_A,4,4121842892227976262,HQL_Plus_BOT,MaltheMCTS,4,0,0,4,0,4,
HQL_Plus_BOT_vs_MaltheMCTS,28,LEFT_B,4,5921433796258358375,MaltheMCTS,HQL_Plus_BOT,0,4,0,4,0,4,
HQL_Plus_BOT_vs_MaltheMCTS,29,LEFT_A,4,16640663770126552181,HQL_Plus_BOT,MaltheMCTS,3,1,0,3,1,4,
HQL_Plus_BOT_vs_MaltheMCTS,29,LEFT_B,4,4870832146580713767,MaltheMCTS,HQL_Plus_BOT,1,3,0,3,1,4,
HQL_Plus_BOT_vs_MaltheMCTS,30,LEFT_A,4,6826045275239266500,HQL_Plus_BOT,MaltheMCTS,3,1,0,3,1,4,
HQL_Plus_BOT_vs_MaltheMCTS,30,LEFT_B,4,10246962784249884130,MaltheMCTS,HQL_Plus_BOT,0,4,0,4,0,4,
HQL_Plus_BOT_vs_MaltheMCTS,31,LEFT_A,4,4880420872316274578,HQL_Plus_BOT,MaltheMCTS,3,1,0,3,1,4,
HQL_Plus_BOT_vs_MaltheMCTS,31,LEFT_B,4,14208625020223150980,MaltheMCTS,HQL_Plus_BOT,1,3,0,3,1,4,
HQL_Plus_BOT_vs_MaltheMCTS,32,LEFT_A,4,6634860121674602445,HQL_Plus_BOT,MaltheMCTS,4,0,0,4,0,4,
HQL_Plus_BOT_vs_MaltheMCTS,32,LEFT_B,4,9730952202615876186,MaltheMCTS,HQL_Plus_BOT,0,4,0,4,0,4,
HQL_Plus_BOT_vs_MaltheMCTS,33,LEFT_A,4,16898265104052783523,HQL_Plus_BOT,MaltheMCTS,4,0,0,4,0,4,
HQL_Plus_BOT_vs_MaltheMCTS,33,LEFT_B,4,4078262582531257067,MaltheMCTS,HQL_Plus_BOT,0,4,0,4,0,4,
HQL_Plus_BOT_vs_MaltheMCTS,34,LEFT_A,4,7915268301329484290,HQL_Plus_BOT,MaltheMCTS,3,1,0,3,1,4,
HQL_Plus_BOT_vs_MaltheMCTS,34,LEFT_B,4,7528756464374719038,MaltheMCTS,HQL_Plus_BOT,0,4,0,4,0,4,
HQL_Plus_BOT_vs_MaltheMCTS,35,LEFT_A,4,9608932547917949938,HQL_Plus_BOT,MaltheMCTS,3,1,0,3,1,4,
HQL_Plus_BOT_vs_MaltheMCTS,35,LEFT_B,4,16464080316714146356,MaltheMCTS,HQL_Plus_BOT,0,4,0,4,0,4,
