pair_id,round_idx,side,runs,seed,left,right,p1_wins,p2_wins,draws,mapped_a_wins,mapped_b_wins,games,avg_ms
HQL_Plus_BOT_vs_Sakkirina,0,LEFT_A,4,7385019854290028003,HQL_Plus_BOT,Sakkirina,1,3,0,1,3,4,
HQL_Plus_BOT_vs_Sakkirina,0,LEFT_B,4,16946122029570414394,Sakkirina,HQL_Plus_BOT,2,2,0,2,2,4,
HQL_Plus_BOT_vs_Sakkirina,1,LEFT_A,4,7436208615514165761,HQL_Plus_BOT,Sakkirina,3,1,0,3,1,4,
HQL_Plus_BOT_vs_Sakkirina,1,LEFT_B,4,1157252369782911833,Sakkirina,HQL_Plus_BOT,2,2,0,2,2,4,
HQL_Plus_BOT_vs_Sakkirina,2,LEFT_A,4,13367477510888584496,HQL_Plus_BOT,Sakkirina,4,0,0,4,0,4,
HQL_Plus_BOT_vs_Sakkirina,2,LEFT_B,4,1447984568812312829,Sakkirina,HQL_Plus_BOT,3,1,0,1,3,4,
HQL_Plus_BOT_vs_Sakkirina,3,LEFT_A,4,3730076318597794812,HQL_Plus_BOT,Sakkirina,2,2,0,2,2,4,
HQL_Plus_BOT_vs_Sakkirina,3,LEFT_B,4,13599105985547686315,Sakkirina,HQL_Plus_BOT,3,1,0,1,3,4,
HQL_Plus_BOT_vs_Sakkirina,4,LEFT_A,4,594222297272141922,HQL_Plus_BOT,Sakkirina,3,1,0,3,1,4,
HQL_Plus_BOT_vs_Sakkirina,4,LEFT_B,4,6026335327279121545,Sakkirina,HQL_Plus_BOT,3,1,0,1,3,4,
HQL_Plus_BOT_vs_Sakkirina,5,LEFT_A,4,4993397199937835125,HQL_Plus_BOT,Sakkirina,4,0,0,4,0,4,
HQL_Plus_BOT_vs_Sakkirina,5,LEFT_B,4,7213242303080485650,Sakkirina,HQL_Plus_BOT,1,3,0,3,1,4,
HQL_Plus_BOT_vs_Sakkirina,6,LEFT_A,4,15674176307125432324,HQL_Plus_BOT,Sakkirina,3,1,0,3,1,4,
HQL_Plus_BOT_vs_Sakkirina,6,LEFT_B,4,17045133142618110802,Sakkirina,HQL_Plus_BOT,1,3,0,3,1,4,
HQL_Plus_BOT_vs_Sakkirina,7,LEFT_A,4,9379520448731112051,HQL_Plus_BOT,Sakkirina,2,2,0,2,2,4,
HQL_Plus_BOT_vs_Sakkirina,7,LEFT_B,4,10070015709261332260,Sakkirina,HQL_Plus_BOT,2,2,0,2,2,4,
HQL_Plus_BOT_vs_Sakkirina,8,LEFT_A,4,17699548154521968842,HQL_Plus_BOT,Sakkirina,3,1,0,3,1,4,
HQL_Plus_BOT_vs_Sakkirina,8,LEFT_B,4,12157412024769050213,Sakkirina,HQL_Plus_BOT,2,2,0,2,2,4,
HQL_Plus_BOT_vs_Sakkirina,9,LEFT_A,4,10069195870527322299,HQL_Plus_BOT,Sakkirina,2,2,0,2,2,4,
HQL_Plus_BOT_vs_Sakkirina,9,LEFT_B,4,11145281655346646749,Sakkirina,HQL_Plus_BOT,4,0,0,0,4,4,
HQL_Plus_BOT_vs_Sakkirina,10,LEFT_A,4,3948178695516978457,HQL_Plus_BOT,Sakkirina,1,3,0,1,3,4,
HQL_Plus_BOT_vs_Sakkirina,10,LEFT_B,4,18160091626000938890,Sakkirina,HQL_Plus_BOT,1,3,0,3,1,4,
HQL_Plus_BOT_vs_Sakkirina,11,LEFT_A,4,3506579367215069053,HQL_Plus_BOT,Sakkirina,4,0,0,4,0,4,
HQL_Plus_BOT_vs_Sakkirina,11,LEFT_B,4,1961531126854594733,Sakkirina,HQL_Plus_BOT,1,3,0,3,1,4,
HQL_Plus_BOT_vs_Sakkirina,12,LEFT_A,4,15806946526641117452,HQL_Plus_BOT,Sakkirina,2,2,0,2,2,4,
HQL_Plus_BOT_vs_Sakkirina,12,LEFT_B,4,3755265289223956451,Sakkirina,HQL_Plus_BOT,3,1,0,1,3,4,
HQL_Plus_BOT_vs_Sakkirina,13,LEFT_A,4,1045935537168884815,HQL_Plus_BOT,Sakkirina,3,1,0,3,1,4,
HQL_Plus_BOT_vs_Sakkirina,13,LEFT_B,4,5809002629320631750,Sakkirina,HQL_Plus_BOT,1,3,0,3,1,4,
HQL_Plus_BOT_vs_Sakkirina,14,LEFT_A,4,10563508390434791988,HQL_Plus_BOT,Sakkirina,2,2,0,2,2,4,
HQL_Plus_BOT_vs_Sakkirina,14,LEFT_B,4,6789985630982927205,Sakkirina,HQL_Plus_BOT,3,1,0,1,3,4,
HQL_Plus_BOT_vs_Sakkirina,15,LEFT_A,4,16449988037270645706,HQL_Plus_BOT,Sakkirina,2,2,0,2,2,4,
HQL_Plus_BOT_vs_Sakkirina,15,LEFT_B,4,10895510684463955354,Sakkirina,HQL_Plus_BOT,1,3,0,3,1,4,
HQL_Plus_BOT_vs_Sakkirina,16,LEFT_A,4,9020077758376131780,HQL_Plus_BOT,Sakkirina,3,1,0,3,1,4,
HQL_Plus_BOT_vs_Sakkirina,16,LEFT_B,4,10284587290431077876,Sakkirina,HQL_Plus_BOT,1,3,0,3,1,4,
HQL_Plus_BOT_vs_Sakkirina,17,LEFT_A,4,11922433188562599698,HQL_Plus_BOT,Sakkirina,2,2,0,2,2,4,
HQL_Plus_BOT_vs_Sakkirina,17,LEFT_B,4,13418549302093412029,Sakkirina,HQL_Plus_BOT,1,3,0,3,1,4,
HQL_Plus_BOT_vs_Sakkirina,18,LEFT_A,4,4139998068326271191,HQL_Plus_BOT,Sakkirina,2,2,0,2,2,4,
HQL_Plus_BOT_vs_Sakkirina,18,LEFT_B,4,53639892224737789,Sakkirina,HQL_Plus_BOT,1,3,0,3,1,4,
HQL_Plus_BOT_vs_Sakkirina,19,LEFT_A,4,5681585493286913151,HQL_Plus_BOT,Sakkirina,2,2,0,2,2,4,
HQL_Plus_BOT_vs_Sakkirina,19,LEFT_B,4,2565625871287273873,Sakkirina,HQL_Plus_BOT,3,1,0,1,3,4,
HQL_Plus_BOT_vs_Sakkirina,20,LEFT_A,4,12768291765096491273,HQL_Plus_BOT,Sakkirina,3,1,0,3,1,4,
HQL_Plus_BOT_vs_Sakkirina,20,LEFT_B,4,267723307115059826,Sakkirina,HQL_Plus_BOT,2,2,0,2,2,4,
HQL_Plus_BOT_vs_Sakkirina,21,LEFT_A,4,11848392125667320463,HQL_Plus_BOT,Sakkirina,2,2,0,2,2,4,
HQL_Plus_BOT_vs_Sakkirina,21,LEFT_B,4,10693327692827512412,Sakkirina,HQL_Plus_BOT,3,1,0,1,3,4,
HQL_Plus_BOT_vs_Sakkirina,22,LEFT_A,4,15696097010124884963,HQL_Plus_BOT,Sakkirina,1,3,0,1,3,4,
HQL_Plus_BOT_vs_Sakkirina,22,LEFT_B,4,9394207270854378043,Sakkirina,HQL_Plus_BOT,3,1,0,1,3,4,
HQL_Plus_BOT_vs_Sakkirina,23,LEFT_A,4,18174713422010538654,HQL_Plus_BOT,Sakkirina,3,1,0,3,1,4,
HQL_Plus_BOT_vs_Sakkirina,23,LEFT_B,4,7936406404754511835,Sakkirina,HQL_Plus_BOT,1,3,0,3,1,4,
HQL_Plus_BOT_vs_Sakkirina,24,LEFT_A,4,1814145495764075898,HQL_Plus_BOT,Sakkirina,1,3,0,1,3,4,
HQL_Plus_BOT_vs_Sakkirina,24,LEFT_B,4,9823724440418011408,Sakkirina,HQL_Plus_BOT,3,1,0,1,3,4,
HQL_Plus_BOT_vs_Sakkirina,25,LEFT_A,4,1658128958190919608,HQL_Plus_BOT,Sakkirina,2,2,0,2,2,4,
HQL_Plus_BOT_vs_Sakkirina,25,LEFT_B,4,11721172305378143707,Sakkirina,HQL_Plus_BOT,3,1,0,1,3,4,
HQL_Plus_BOT_vs_Sakkirina,26,LEFT_A,4,4218830506803798824,HQL_Plus_BOT,Sakkirina,3,1,0,3,1,4,
HQL_Plus_BOT_vs_Sakkirina,26,LEFT_B,4,15473647769104421132,Sakkirina,HQL_Plus_BOT,3,1,0,1,3,4,
HQL_Plus_BOT_vs_Sakkirina,27,LEFT_A,4,103233649115411141,HQL_Plus_BOT,Sakkirina,2,2,0,2,2,4,
HQL_Plus_BOT_vs_Sakkirina,27,LEFT_B,4,819413747039701935,Sakkirina,HQL_Plus_BOT,2,2,0,2,2,4,
HQL_Plus_BOT_vs_Sakkirina,28,LEFT_A,4,6840907955152662416,HQL_Plus_BOT,Sakkirina,3,1,0,3,1,4,
HQL_Plus_BOT_vs_Sakkirina,28,LEFT_B,4,15353462115549090450,Sakkirina,HQL_Plus_BOT,3,1,0,1,3,4,
HQL_Plus_BOT_vs_Sakkirina,29,LEFT_A,4,7353892533999182560,HQL_Plus_BOT,Sakkirina,2,2,0,2,2,4,
HQL_Plus_BOT_vs_Sakkirina,29,LEFT_B,4,7972653717492789161,Sakkirina,HQL_Plus_BOT,2,2,0,2,2,4,
HQL_Plus_BOT_vs_Sakkirina,30,LEFT_A,4,1344254773681263993,HQL_Plus_BOT,Sakkirina,3,1,0,3,1,4,
HQL_Plus_BOT_vs_Sakkirina,30,LEFT_B,4,6121670852299839934,Sakkirina,HQL_Plus_BOT,1,3,0,3,1,4,
HQL_Plus_BOT_vs_Sakkirina,31,LEFT_A,4,9236444631612219012,HQL_Plus_BOT,Sakkirina,3,1,0,3,1,4,
HQL_Plus_BOT_vs_Sakkirina,31,LEFT_B,4,8407320231753334518,Sakkirina,HQL_Plus_BOT,3,1,0,1,3,4,
HQL_Plus_BOT_vs_Sakkirina,32,LEFT_A,4,13996318638515460120,HQL_Plus_BOT,Sakkirina,3,1,0,3,1,4,
HQL_Plus_BOT_vs_Sakkirina,32,LEFT_B,4,7101194405986330288,Sakkirina,HQL_Plus_BOT,3,1,0,1,3,4,
HQL_Plus_BOT_vs_Sakkirina,33,LEFT_A,4,12344317916805946990,HQL_Plus_BOT,Sakkirina,3,1,0,3,1,4,
HQL_Plus_BOT_vs_Sakkirina,33,LEFT_B,4,7258076709617262255,Sakkirina,HQL_Plus_BOT,3,1,0,1,3,4,
HQL_Plus_BOT_vs_Sakkirina,34,LEFT_A,4,2684302656598505204,HQL_Plus_BOT,Sakkirina,2,2,0,2,2,4,
HQL_Plus_BOT_vs_Sakkirina,34,LEFT_B,4,9971277372447607757,Sakkirina,HQL_Plus_BOT,1,3,0,3,1,4,
HQL_Plus_BOT_vs_Sakkirina,35,LEFT_A,4,3928521343921740300,HQL_Plus_BOT,Sakkirina,4,0,0,4,0,4,
HQL_Plus_BOT_vs_Sakkirina,35,LEFT_B,4,4266722745999356277,Sakkirina,HQL_Plus_BOT,2,2,0,2,2,4,
