pair_id,round_idx,side,runs,seed,left,right,p1_wins,p2_wins,draws,mapped_a_wins,mapped_b_wins,games,avg_ms
MaltheMCTS_vs_ZMyBot,0,LEFT_A,4,3701501689305125746,MaltheMCTS,grpc:ZMyBot,2,2,0,2,2,4,
MaltheMCTS_vs_ZMyBot,0,LEFT_B,4,9400066399772378971,grpc:ZMyBot,MaltheMCTS,2,2,0,2,2,4,
MaltheMCTS_vs_ZMyBot,1,LEFT_A,4,15121249801756325460,MaltheMCTS,grpc:ZMyBot,3,1,0,3,1,4,
MaltheMCTS_vs_ZMyBot,1,LEFT_B,4,15372282796807996176,grpc:ZMyBot,MaltheMCTS,1,3,0,3,1,4,
MaltheMCTS_vs_ZMyBot,2,LEFT_A,4,16295632053802470639,MaltheMCTS,grpc:ZMyBot,3,1,0,3,1,4,
MaltheMCTS_vs_ZMyBot,2,LEFT_B,4,7839511731738486916,grpc:ZMyBot,MaltheMCTS,1,3,0,3,1,4,
MaltheMCTS_vs_ZMyBot,3,LEFT_A,4,12299479148970924297,MaltheMCTS,grpc:ZMyBot,2,2,0,2,2,4,
MaltheMCTS_vs_ZMyBot,3,LEFT_B,4,2185195580268174728,grpc:ZMyBot,MaltheMCTS,1,3,0,3,1,4,
MaltheMCTS_vs_ZMyBot,4,LEFT_A,4,9362546547276478541,MaltheMCTS,grpc:ZMyBot,1,3,0,1,3,4,
MaltheMCTS_vs_ZMyBot,4,LEFT_B,4,4708086426245508083,grpc:ZMyBot,MaltheMCTS,2,2,0,2,2,4,
MaltheMCTS_vs_ZMyBot,5,LEFT_A,4,15035312958282044327,MaltheMCTS,grpc:ZMyBot,1,3,0,1,3,4,
MaltheMCTS_vs_ZMyBot,5,LEFT_B,4,16716689946833101495,grpc:ZMyBot,MaltheMCTS,1,3,0,3,1,4,
MaltheMCTS_vs_ZMyBot,6,LEFT_A,4,14575879980355990244,MaltheMCTS,grpc:ZMyBot,2,2,0,2,2,4,
MaltheMCTS_vs_ZMyBot,6,LEFT_B,4,4827130462900375248,grpc:ZMyBot,MaltheMCTS,2,2,0,2,2,4,
MaltheMCTS_vs_ZMyBot,7,LEFT_A,4,15048981981130183930,MaltheMCTS,grpc:ZMyBot,4,0,0,4,0,4,
MaltheMCTS_vs_ZMyBot,7,LEFT_B,4,6598872903660718193,grpc:ZMyBot,MaltheMCTS,2,2,0,2,2,4,
MaltheMCTS_vs_ZMyBot,8,LEFT_A,4,17721516942607806223,MaltheMCTS,grpc:ZMyBot,3,1,0,3,1,4,
MaltheMCTS_vs_ZMyBot,8,LEFT_B,4,11748297161938368732,grpc:ZMyBot,MaltheMCTS,2,2,0,2,2,4,
MaltheMCTS_vs_ZMyBot,9,LEFT_A,4,5084998582456772840,MaltheMCTS,grpc:ZMyBot,3,1,0,3,1,4,
MaltheMCTS_vs_ZMyBot,9,LEFT_B,4,4408524251802475072,grpc:ZMyBot,MaltheMCTS,2,2,0,2,2,4,
MaltheMCTS_vs_ZMyBot,10,LEFT_A,4,9016260787639140310,MaltheMCTS,grpc:ZMyBot,4,0,0,4,0,4,
MaltheMCTS_vs_ZMyBot,10,LEFT_B,4,3260027282665708985,grpc:ZMyBot,MaltheMCTS,1,3,0,3,1,4,
MaltheMCTS_vs_ZMyBot,11,LEFT_A,4,1480215083741060463,MaltheMCTS,grpc:ZMyBot,0,4,0,0,4,4,
MaltheMCTS_vs_ZMyBot,11,LEFT_B,4,8930100786462780880,grpc:ZMyBot,MaltheMCTS,1,3,0,3,1,4,
MaltheMCTS_vs_ZMyBot,12,LEFT_A,4,17448092507761435169,MaltheMCTS,grpc:ZMyBot,2,2,0,2,2,4,
MaltheMCTS_vs_ZMyBot,12,LEFT_B,4,9429545895231315900,grpc:ZMyBot,MaltheMCTS,1,3,0,3,1,4,
MaltheMCTS_vs_ZMyBot,13,LEFT_A,4,11995202118170261534,MaltheMCTS,grpc:ZMyBot,1,3,0,1,3,4,
MaltheMCTS_vs_ZMyBot,13,LEFT_B,4,15709423285289624746,grpc:ZMyBot,MaltheMCTS,1,3,0,3,1,4,
MaltheMCTS_vs_ZMyBot,14,LEFT_A,4,12413524903398661069,MaltheMCTS,grpc:ZMyBot,1,3,0,1,3,4,
MaltheMCTS_vs_ZMyBot,14,LEFT_B,4,18170688576872933583,grpc:ZMyBot,MaltheMCTS,2,2,0,2,2,4,
MaltheMCTS_vs_ZMyBot,15,LEFT_A,4,8244885094536277396,MaltheMCTS,grpc:ZMyBot,3,1,0,3,1,4,
MaltheMCTS_vs_ZMyBot,15,LEFT_B,4,18317713362347587214,grpc:ZMyBot,MaltheMCTS,2,2,0,2,2,4,
MaltheMCTS_vs_ZMyBot,16,LEFT_A,4,15052254134297488336,MaltheMCTS,grpc:ZMyBot,3,1,0,3,1,4,
MaltheMCTS_vs_ZMyBot,16,LEFT_B,4,1545316233309445367,grpc:ZMyBot,MaltheMCTS,2,2,0,2,2,4,
MaltheMCTS_vs_ZMyBot,17,LEFT_A,4,17380258239321335108,MaltheMCTS,grpc:ZMyBot,0,4,0,0,4,4,
MaltheMCTS_vs_ZMyBot,17,LEFT_B,4,1100951372946039822,grpc:ZMyBot,MaltheMCTS,1,3,0,3,1,4,
MaltheMCTS_vs_ZMyBot,18,LEFT_A,4,16389531450267022612,MaltheMCTS,grpc:ZMyBot,3,1,0,3,1,4,
MaltheMCTS_vs_ZMyBot,18,LEFT_B,4,7860741316327632900,grpc:ZMyBot,MaltheMCTS,1,3,0,3,1,4,
MaltheMCTS_vs_ZMyBot,19,LEFT_A,4,10399976467351392043,MaltheMCTS,grpc:ZMyBot,3,1,0,3,1,4,
MaltheMCTS_vs_ZMyBot,19,LEFT_B,4,11842568455184096383,grpc:ZMyBot,MaltheMCTS,2,2,0,2,2,4,
MaltheMCTS_vs_ZMyBot,20,LEFT_A,4,4616542915866475451,MaltheMCTS,grpc:ZMyBot,3,1,0,3,1,4,
MaltheMCTS_vs_ZMyBot,20,LEFT_B,4,261033275470354880,grpc:ZMyBot,MaltheMCTS,1,3,0,3,1,4,
MaltheMCTS_vs_ZMyBot,21,LEFT_A,4,8628327640213888648,MaltheMCTS,grpc:ZMyBot,3,1,0,3,1,4,
MaltheMCTS_vs_ZMyBot,21,LEFT_B,4,16711902759415813026,grpc:ZMyBot,MaltheMCTS,1,3,0,3,1,4,
MaltheMCTS_vs_ZMyBot,22,LEFT_A,4,523138347353154555,MaltheMCTS,grpc:ZMyBot,0,4,0,0,4,4,
MaltheMCTS_vs_ZMyBot,22,LEFT_B,4,3122776250836921066,grpc:ZMyBot,MaltheMCTS,1,3,0,3,1,4,
MaltheMCTS_vs_ZMyBot,23,LEFT_A,4,5411582673741816393,MaltheMCTS,grpc:ZMyBot,1,3,0,1,3,4,
MaltheMCTS_vs_ZMyBot,23,LEFT_B,4,3013544126375570269,grpc:ZMyBot,MaltheMCTS,0,4,0,4,0,4,
MaltheMCTS_vs_ZMyBot,24,LEFT_A,4,5894076457046845041,MaltheMCTS,grpc:ZMyBot,3,1,0,3,1,4,
MaltheMCTS_vs_ZMyBot,24,LEFT_B,4,14237915142827130821,grpc:ZMyBot,MaltheMCTS,1,3,0,3,1,4,
MaltheMCTS_vs_ZMyBot,25,LEFT_A,4,13696228787977161074,MaltheMCTS,grpc:ZMyBot,1,3,0,1,3,4,
MaltheMCTS_vs_ZMyBot,25,LEFT_B,4,10070105807593518314,grpc:ZMyBot,MaltheMCTS,2,2,0,2,2,4,
MaltheMCTS_vs_ZMyBot,26,LEFT_A,4,16848073497155518399,MaltheMCTS,grpc:ZMyBot,2,2,0,2,2,4,
MaltheMCTS_vs_ZMyBot,26,LEFT_B,4,11643186762085726286,grpc:ZMyBot,MaltheMCTS,0,4,0,4,0,4,
MaltheMCTS_vs_ZMyBot,27,LEFT_A,4,10760383093681545610,MaltheMCTS,grpc:ZMyBot,2,2,0,2,2,4,
MaltheMCTS_vs_ZMyBot,27,LEFT_B,4,9947313635910355509,grpc:ZMyBot,MaltheMCTS,1,3,0,3,1,4,
MaltheMCTS_vs_ZMyBot,28,LEFT_A,4,1017647219615629432,MaltheMCTS,grpc:ZMyBot,3,1,0,3,1,4,
MaltheMCTS_vs_ZMyBot,28,LEFT_B,4,12532373345991013091,grpc:ZMyBot,MaltheMCTS,2,2,0,2,2,4,
MaltheMCTS_vs_ZMyBot,29,LEFT_A,4,14998126282315044225,MaltheMCTS,grpc:ZMyBot,3,1,0,3,1,4,
MaltheMCTS_vs_ZMyBot,29,LEFT_B,4,16539179290290328754,grpc:ZMyBot,MaltheMCTS,0,4,0,4,0,4,
MaltheMCTS_vs_ZMyBot,30,LEFT_A,4,12608904179950882949,MaltheMCTS,grpc:ZMyBot,3,1,0,3,1,4,
MaltheMCTS_vs_ZMyBot,30,LEFT_B,4,11680508655095346896,grpc:ZMyBot,MaltheMCTS,2,2,0,2,2,4,
MaltheMCTS_vs_ZMyBot,31,LEFT_A,4,16658834025154179901,MaltheMCTS,grpc:ZMyBot,4,0,0,4,0,4,
MaltheMCTS_vs_ZMyBot,31,LEFT_B,4,18054371555202789169,grpc:ZMyBot,MaltheMCTS,1,3,0,3,1,4,
MaltheMCTS_vs_ZMyBot,32,LEFT_A,4,3359643743682495634,MaltheMCTS,grpc:ZMyBot,2,2,0,2,2,4,
MaltheMCTS_vs_ZMyBot,32,LEFT_B,4,5102185740526880963,grpc:ZMyBot,MaltheMCTS,1,3,0,3,1,4,
MaltheMCTS_vs_ZMyBot,33,LEFT_A,4,3459032600690597556,MaltheMCTS,grpc:ZMyBot,3,1,0,3,1,4,
MaltheMCTS_vs_ZMyBot,33,LEFT_B,4,1921182713568285982,grpc:ZMyBot,MaltheMCTS,1,3,0,3,1,4,
MaltheMCTS_vs_ZMyBot,34,LEFT_A,4,12403092519054989706,MaltheMCTS,grpc:ZMyBot,1,3,0,1,3,4,
MaltheMCTS_vs_ZMyBot,34,LEFT_B,4,9727651141950572571,grpc:ZMyBot,MaltheMCTS,3,1,0,1,3,4,
MaltheMCTS_vs_ZMyBot,35,LEFT_A,4,5316453559943098461,MaltheMCTS,grpc:ZMyBot,1,3,0,1,3,4,
MaltheMCTS_vs_ZMyBot,35,LEFT_B,4,6793132961172662728,grpc:ZMyBot,MaltheMCTS,0,4,0,4,0,4,
