pair_id,round_idx,side,runs,seed,left,right,p1_wins,p2_wins,draws,mapped_a_wins,mapped_b_wins,games,avg_ms
MaltheMCTS_vs_SakkirinaSolo,0,LEFT_A,4,1111267224521198909,MaltheMCTS,SakkirinaSolo,0,4,0,0,4,4,
MaltheMCTS_vs_SakkirinaSolo,0,LEFT_B,4,14282012566572156882,SakkirinaSolo,MaltheMCTS,3,1,0,1,3,4,
MaltheMCTS_vs_SakkirinaSolo,1,LEFT_A,4,17789443655077230998,MaltheMCTS,SakkirinaSolo,1,3,0,1,3,4,
MaltheMCTS_vs_SakkirinaSolo,1,LEFT_B,4,11138445596764915342,SakkirinaSolo,MaltheMCTS,4,0,0,0,4,4,
MaltheMCTS_vs_SakkirinaSolo,2,LEFT_A,4,13629804752127480979,MaltheMCTS,SakkirinaSolo,0,4,0,0,4,4,
MaltheMCTS_vs_SakkirinaSolo,2,LEFT_B,4,13658842205923671835,SakkirinaSolo,MaltheMCTS,4,0,0,0,4,4,
MaltheMCTS_vs_SakkirinaSolo,3,LEFT_A,4,2682793972243410112,MaltheMCTS,SakkirinaSolo,1,3,0,1,3,4,
MaltheMCTS_vs_SakkirinaSolo,3,LEFT_B,4,12680345345505563178,SakkirinaSolo,MaltheMCTS,4,0,0,0,4,4,
MaltheMCTS_vs_SakkirinaSolo,4,LEFT_A,4,2492872516685016378,MaltheMCTS,SakkirinaSolo,0,4,0,0,4,4,
MaltheMCTS_vs_SakkirinaSolo,4,LEFT_B,4,3184936218150747570,SakkirinaSolo,MaltheMCTS,4,0,0,0,4,4,
MaltheMCTS_vs_SakkirinaSolo,5,LEFT_A,4,11684027976998544761,MaltheMCTS,SakkirinaSolo,1,3,0,1,3,4,
MaltheMCTS_vs_SakkirinaSolo,5,LEFT_B,4,7956053768462498268,SakkirinaSolo,MaltheMCTS,4,0,0,0,4,4,
MaltheMCTS_vs_SakkirinaSolo,6,LEFT_A,4,3080452482846558110,MaltheMCTS,SakkirinaSolo,1,3,0,1,3,4,
MaltheMCTS_vs_SakkirinaSolo,6,LEFT_B,4,15201935464520403138,SakkirinaSolo,MaltheMCTS,4,0,0,0,4,4,
MaltheMCTS_vs_SakkirinaSolo,7,LEFT_A,4,6277094996154569719,MaltheMCTS,SakkirinaSolo,0,4,0,0,4,4,
MaltheMCTS_vs_SakkirinaSolo,7,LEFT_B,4,14479941158906470114,SakkirinaSolo,MaltheMCTS,4,0,0,0,4,4,
MaltheMCTS_vs_SakkirinaSolo,8,LEFT_A,4,3041506536833932500,MaltheMCTS,SakkirinaSolo,0,4,0,0,4,4,
MaltheMCTS_vs_SakkirinaSolo,8,LEFT_B,4,2137406152682007381,SakkirinaSolo,MaltheMCTS,4,0,0,0,4,4,
MaltheMCTS_vs_SakkirinaSolo,9,LEFT_A,4,9565385490066878706,MaltheMCTS,SakkirinaSolo,0,4,0,0,4,4,
MaltheMCTS_vs_SakkirinaSolo,9,LEFT_B,4,14014363572045018605,SakkirinaSolo,MaltheMCTS,4,0,0,0,4,4,
MaltheMCTS_vs_SakkirinaSolo,10,LEFT_A,4,5734790271521324693,MaltheMCTS,SakkirinaSolo,1,3,0,1,3,4,
MaltheMCTS_vs_SakkirinaSolo,10,LEFT_B,4,13763003102462058306,SakkirinaSolo,MaltheMCTS,4,0,0,0,4,4,
MaltheMCTS_vs_SakkirinaSolo,11,LEFT_A,4,1838491158570142473,MaltheMCTS,SakkirinaSolo,0,4,0,0,4,4,
MaltheMCTS_vs_SakkirinaSolo,11,LEFT_B,4,1462978042766251904,SakkirinaSolo,MaltheMCTS,4,0,0,0,4,4,
MaltheMCTS_vs_SakkirinaSolo,12,LEFT_A,4,17640889807209099380,MaltheMCTS,SakkirinaSolo,0,4,0,0,4,4,
MaltheMCTS_vs_SakkirinaSolo,12,LEFT_B,4,6485196058243922724,SakkirinaSolo,MaltheMCTS,4,0,0,0,4,4,
MaltheMCTS_vs_SakkirinaSolo,13,LEFT_A,4,3864008045431899618,MaltheMCTS,SakkirinaSolo,0,4,0,0,4,4,
MaltheMCTS_vs_SakkirinaSolo,13,LEFT_B,4,8448085778710219780,SakkirinaSolo,MaltheMCTS,4,0,0,0,4,4,
MaltheMCTS_vs_SakkirinaSolo,14,LEFT_A,4,18198809379135906090,MaltheMCTS,SakkirinaSolo,0,4,0,0,4,4,
MaltheMCTS_vs_SakkirinaSolo,14,LEFT_B,4,14215672055979572960,SakkirinaSolo,MaltheMCTS,4,0,0,0,4,4,
MaltheMCTS_vs_SakkirinaSolo,15,LEFT_A,4,15704250401805942634,MaltheMCTS,SakkirinaSolo,0,4,0,0,4,4,
MaltheMCTS_vs_SakkirinaSolo,15,LEFT_B,4,761973968797733797,SakkirinaSolo,MaltheMCTS,4,0,0,0,4,4,
MaltheMCTS_vs_SakkirinaSolo,16,LEFT_A,4,11292802393689313586,MaltheMCTS,SakkirinaSolo,0,4,0,0,4,4,
MaltheMCTS_vs_SakkirinaSolo,16,LEFT_B,4,5175018359606042808,SakkirinaSolo,MaltheMCTS,4,0,0,0,4,4,
MaltheMCTS_vs_SakkirinaSolo,17,LEFT_A,4,15023267701986885969,MaltheMCTS,SakkirinaSolo,0,4,0,0,4,4,
MaltheMCTS_vs_SakkirinaSolo,17,LEFT_B,4,2469379831633541836,SakkirinaSolo,MaltheMCTS,4,0,0,0,4,4,
MaltheMCTS_vs_SakkirinaSolo,18,LEFT_A,4,17706160554609146383,MaltheMCTS,SakkirinaSolo,0,4,0,0,4,4,
MaltheMCTS_vs_SakkirinaSolo,18,LEFT_B,4,1497753736292301167,SakkirinaSolo,MaltheMCTS,4,0,0,0,4,4,
MaltheMCTS_vs_SakkirinaSolo,19,LEFT_A,4,16354094446628202188,MaltheMCTS,SakkirinaSolo,0,4,0,0,4,4,
MaltheMCTS_vs_SakkirinaSolo,19,LEFT_B,4,5277656343762258366,SakkirinaSolo,MaltheMCTS,4,0,0,0,4,4,
MaltheMCTS_vs_SakkirinaSolo,20,LEFT_A,4,7481437859678038352,MaltheMCTS,SakkirinaSolo,0,4,0,0,4,4,
MaltheMCTS_vs_SakkirinaSolo,20,LEFT_B,4,16836993696426498549,SakkirinaSolo,MaltheMCTS,3,1,0,1,3,4,
MaltheMCTS_vs_SakkirinaSolo,21,LEFT_A,4,11681704454105658807,MaltheMCTS,SakkirinaSolo,0,4,0,0,4,4,
MaltheMCTS_vs_SakkirinaSolo,21,LEFT_B,4,10395563929484344269,SakkirinaSolo,MaltheMCTS,4,0,0,0,4,4,
MaltheMCTS_vs_SakkirinaSolo,22,LEFT_A,4,480307536947646870,MaltheMCTS,SakkirinaSolo,1,3,0,1,3,4,
MaltheMCTS_vs_SakkirinaSolo,22,LEFT_B,4,12591611384175111473,SakkirinaSolo,MaltheMCTS,4,0,0,0,4,4,
MaltheMCTS_vs_SakkirinaSolo,23,LEFT_A,4,14642619450436517018,MaltheMCTS,SakkirinaSolo,0,4,0,0,4,4,
MaltheMCTS_vs_SakkirinaSolo,23,LEFT_B,4,11492520689593697312,SakkirinaSolo,MaltheMCTS,4,0,0,0,4,4,
MaltheMCTS_vs_SakkirinaSolo,24,LEFT_A,4,3516504302732696189,MaltheMCTS,SakkirinaSolo,0,4,0,0,4,4,
MaltheMCTS_vs_SakkirinaSolo,24,LEFT_B,4,7384987358047104952,SakkirinaSolo,MaltheMCTS,4,0,0,0,4,4,
MaltheMCTS_vs_SakkirinaSolo,25,LEFT_A,4,17813261052517783264,MaltheMCTS,SakkirinaSolo,0,4,0,0,4,4,
MaltheMCTS_vs_SakkirinaSolo,25,LEFT_B,4,13668975633523687013,SakkirinaSolo,MaltheMCTS,3,1,0,1,3,4,
MaltheMCTS_vs_SakkirinaSolo,26,LEFT_A,4,8196199250281594205,MaltheMCTS,SakkirinaSolo,0,4,0,0,4,4,
MaltheMCTS_vs_SakkirinaSolo,26,LEFT_B,4,8058254395034850149,SakkirinaSolo,MaltheMCTS,4,0,0,0,4,4,
MaltheMCTS_vs_SakkirinaSolo,27,LEFT_A,4,11754995280542059912,MaltheMCTS,SakkirinaSolo,0,4,0,0,4,4,
MaltheMCTS_vs_SakkirinaSolo,27,LEFT_B,4,90128895176708636,SakkirinaSolo,MaltheMCTS,4,0,0,0,4,4,
MaltheMCTS_vs_SakkirinaSolo,28,LEFT_A,4,13486274183551999397,MaltheMCTS,SakkirinaSolo,0,4,0,0,4,4,
MaltheMCTS_vs_SakkirinaSolo,28,LEFT_B,4,6905207404101575740,SakkirinaSolo,MaltheMCTS,4,0,0,0,4,4,
MaltheMCTS_vs_SakkirinaSolo,29,LEFT_A,4,10425383900694714272,MaltheMCTS,SakkirinaSolo,0,4,0,0,4,4,
MaltheMCTS_vs_SakkirinaSolo,29,LEFT_B,4,6746074857186891984,SakkirinaSolo,MaltheMCTS,4,0,0,0,4,4,
MaltheMCTS_vs_SakkirinaSolo,30,LEFT_A,4,16806401672631730950,MaltheMCTS,SakkirinaSolo,0,4,0,0,4,4,
MaltheMCTS_vs_SakkirinaSolo,30,LEFT_B,4,13063997193416405471,SakkirinaSolo,MaltheMCTS,4,0,0,0,4,4,
MaltheMCTS_vs_SakkirinaSolo,31,LEFT_A,4,8376422293877635239,MaltheMCTS,SakkirinaSolo,0,4,0,0,4,4,
MaltheMCTS_vs_SakkirinaSolo,31,LEFT_B,4,3487518979024702356,SakkirinaSolo,MaltheMCTS,4,0,0,0,4,4,
MaltheMCTS_vs_SakkirinaSolo,32,LEFT_A,4,11707255563729791276,MaltheMCTS,SakkirinaSolo,0,4,0,0,4,4,
MaltheMCTS_vs_SakkirinaSolo,32,LEFT_B,4,487021567576247739,SakkirinaSolo,MaltheMCTS,4,0,0,0,4,4,
MaltheMCTS_vs_SakkirinaSolo,33,LEFT_A,4,9201462579287573853,MaltheMCTS,SakkirinaSolo,0,4,0,0,4,4,
MaltheMCTS_vs_SakkirinaSolo,33,LEFT_B,4,13241635567303482169,SakkirinaSolo,MaltheMCTS,4,0,0,0,4,4,
MaltheMCTS_vs_SakkirinaSolo,34,LEFT_A,4,7834073079183266322,MaltheMCTS,SakkirinaSolo,0,4,0,0,4,4,
MaltheMCTS_vs_SakkirinaSolo,34,LEFT_B,4,17392067288280067323,SakkirinaSolo,MaltheMCTS,4,0,0,0,4,4,
MaltheMCTS_vs_SakkirinaSolo,35,LEFT_A,4,10068880277926134684,MaltheMCTS,SakkirinaSolo,0,4,0,0,4,4,
MaltheMCTS_vs_SakkirinaSolo,35,LEFT_B,4,1747963183924577159,SakkirinaSolo,MaltheMCTS,4,0,0,0,4,4,
