pair_id,round_idx,side,runs,seed,left,right,p1_wins,p2_wins,draws,mapped_a_wins,mapped_b_wins,games,avg_ms
MaltheMCTS_vs_Nangert_submission_v4,0,LEFT_A,4,7278070215322081632,MaltheMCTS,grpc:Nangert_submission_v4,0,4,0,0,4,4,
MaltheMCTS_vs_Nangert_submission_v4,0,LEFT_B,4,4291458715481774740,grpc:Nangert_submission_v4,MaltheMCTS,4,0,0,0,4,4,
MaltheMCTS_vs_Nangert_submission_v4,1,LEFT_A,4,17839739047175688798,MaltheMCTS,grpc:Nangert_submission_v4,1,3,0,1,3,4,
MaltheMCTS_vs_Nangert_submission_v4,1,LEFT_B,4,14893421126347620277,grpc:Nangert_submission_v4,MaltheMCTS,4,0,0,0,4,4,
MaltheMCTS_vs_Nangert_submission_v4,2,LEFT_A,4,2546228545456024899,MaltheMCTS,grpc:Nangert_submission_v4,0,4,0,0,4,4,
MaltheMCTS_vs_Nangert_submission_v4,2,LEFT_B,4,9200884568266583630,grpc:Nangert_submission_v4,MaltheMCTS,4,0,0,0,4,4,
MaltheMCTS_vs_Nangert_submission_v4,3,LEFT_A,4,2889601046689373426,MaltheMCTS,grpc:Nangert_submission_v4,0,4,0,0,4,4,
MaltheMCTS_vs_Nangert_submission_v4,3,LEFT_B,4,5267111586058582161,grpc:Nangert_submission_v4,MaltheMCTS,4,0,0,0,4,4,
MaltheMCTS_vs_Nangert_submission_v4,4,LEFT_A,4,1064379927972409371,MaltheMCTS,grpc:Nangert_submission_v4,1,3,0,1,3,4,
MaltheMCTS_vs_Nangert_submission_v4,4,LEFT_B,4,12021866919566322629,grpc:Nangert_submission_v4,MaltheMCTS,4,0,0,0,4,4,
MaltheMCTS_vs_Nangert_submission_v4,5,LEFT_A,4,340911707776737303,MaltheMCTS,grpc:Nangert_submission_v4,0,4,0,0,4,4,
MaltheMCTS_vs_Nangert_submission_v4,5,LEFT_B,4,9775424371559310856,grpc:Nangert_submission_v4,MaltheMCTS,4,0,0,0,4,4,
MaltheMCTS_vs_Nangert_submission_v4,6,LEFT_A,4,7532295788167980724,MaltheMCTS,grpc:Nangert_submission_v4,0,4,0,0,4,4,
MaltheMCTS_vs_Nangert_submission_v4,6,LEFT_B,4,17037151088261201967,grpc:Nangert_submission_v4,MaltheMCTS,4,0,0,0,4,4,
MaltheMCTS_vs_Nangert_submission_v4,7,LEFT_A,4,7279274567275782363,MaltheMCTS,grpc:Nangert_submission_v4,0,4,0,0,4,4,
MaltheMCTS_vs_Nangert_submission_v4,7,LEFT_B,4,6559508947196170240,grpc:Nangert_submission_v4,MaltheMCTS,4,0,0,0,4,4,
MaltheMCTS_vs_Nangert_submission_v4,8,LEFT_A,4,15557909006330491473,MaltheMCTS,grpc:Nangert_submission_v4,0,4,0,0,4,4,
MaltheMCTS_vs_Nangert_submission_v4,8,LEFT_B,4,8425866641673692995,grpc:Nangert_submission_v4,MaltheMCTS,3,1,0,1,3,4,
MaltheMCTS_vs_Nangert_submission_v4,9,LEFT_A,4,10617746903518041472,MaltheMCTS,grpc:Nangert_submission_v4,1,3,0,1,3,4,
MaltheMCTS_vs_Nangert_submission_v4,9,LEFT_B,4,15855287903292920922,grpc:Nangert_submission_v4,MaltheMCTS,4,0,0,0,4,4,
MaltheMCTS_vs_Nangert_submission_v4,10,LEFT_A,4,6033382271279382221,MaltheMCTS,grpc:Nangert_submission_v4,0,4,0,0,4,4,
MaltheMCTS_vs_Nangert_submission_v4,10,LEFT_B,4,10123357140319747095,grpc:Nangert_submission_v4,MaltheMCTS,4,0,0,0,4,4,
MaltheMCTS_vs_Nangert_submission_v4,11,LEFT_A,4,14427338632686139143,MaltheMCTS,grpc:Nangert_submission_v4,0,4,0,0,4,4,
MaltheMCTS_vs_Nangert_submission_v4,11,LEFT_B,4,299719732300398684,grpc:Nangert_submission_v4,MaltheMCTS,4,0,0,0,4,4,
MaltheMCTS_vs_Nangert_submission_v4,12,LEFT_A,4,12756066391487206591,MaltheMCTS,grpc:Nangert_submission_v4,0,4,0,0,4,4,
MaltheMCTS_vs_Nangert_submission_v4,12,LEFT_B,4,1635423265936467985,grpc:Nangert_submission_v4,MaltheMCTS,4,0,0,0,4,4,
MaltheMCTS_vs_Nangert_submission_v4,13,LEFT_A,4,17943426733421828574,MaltheMCTS,grpc:Nangert_submission_v4,0,4,0,0,4,4,
MaltheMCTS_vs_Nangert_submission_v4,13,LEFT_B,4,13521754293060040910,grpc:Nangert_submission_v4,MaltheMCTS,4,0,0,0,4,4,
MaltheMCTS_vs_Nangert_submission_v4,14,LEFT_A,4,16036227090793202092,MaltheMCTS,grpc:Nangert_submission_v4,0,4,0,0,4,4,
MaltheMCTS_vs_Nangert_submission_v4,14,LEFT_B,4,13367373110193903106,grpc:Nangert_submission_v4,MaltheMCTS,4,0,0,0,4,4,
MaltheMCTS_vs_Nangert_submission_v4,15,LEFT_A,4,1853138449421705632,MaltheMCTS,grpc:Nangert_submission_v4,0,4,0,0,4,4,
MaltheMCTS_vs_Nangert_submission_v4,15,LEFT_B,4,8691153718236718227,grpc:Nangert_submission_v4,MaltheMCTS,4,0,0,0,4,4,
MaltheMCTS_vs_Nangert_submission_v4,16,LEFT_A,4,335921760232251847,MaltheMCTS,grpc:Nangert_submission_v4,0,4,0,0,4,4,
MaltheMCTS_vs_Nangert_submission_v4,16,LEFT_B,4,13764685658456756900,grpc:Nangert_submission_v4,MaltheMCTS,4,0,0,0,4,4,
MaltheMCTS_vs_Nangert_submission_v4,17,LEFT_A,4,12233905567515478198,MaltheMCTS,grpc:Nangert_submission_v4,0,4,0,0,4,4,
MaltheMCTS_vs_Nangert_submission_v4,17,LEFT_B,4,5532731938111366489,grpc:Nangert_submission_v4,MaltheMCTS,4,0,0,0,4,4,
MaltheMCTS_vs_Nangert_submission_v4,18,LEFT_A,4,526333729586405969,MaltheMCTS,grpc:Nangert_submission_v4,0,4,0,0,4,4,
MaltheMCTS_vs_Nangert_submission_v4,18,LEFT_B,4,4607645660061166614,grpc:Nangert_submission_v4,MaltheMCTS,4,0,0,0,4,4,
MaltheMCTS_vs_Nangert_submission_v4,19,LEFT_A,4,6828305660977062194,MaltheMCTS,grpc:Nangert_submission_v4,0,4,0,0,4,4,
MaltheMCTS_vs_Nangert_submission_v4,19,LEFT_B,4,9216259764913547016,grpc:Nangert_submission_v4,MaltheMCTS,4,0,0,0,4,4,
MaltheMCTS_vs_Nangert_submission_v4,20,LEFT_A,4,18301493126801716819,MaltheMCTS,grpc:Nangert_submission_v4,0,4,0,0,4,4,
MaltheMCTS_vs_Nangert_submission_v4,20,LEFT_B,4,5273520515309223673,grpc:Nangert_submission_v4,MaltheMCTS,4,0,0,0,4,4,
MaltheMCTS_vs_Nangert_submission_v4,21,LEFT_A,4,2367341205092424532,MaltheMCTS,grpc:Nangert_submission_v4,0,4,0,0,4,4,
MaltheMCTS_vs_Nangert_submission_v4,21,LEFT_B,4,7667128580887931679,grpc:Nangert_submission_v4,MaltheMCTS,4,0,0,0,4,4,
MaltheMCTS_vs_Nangert_submission_v4,22,LEFT_A,4,13245319290023592878,MaltheMCTS,grpc:Nangert_submission_v4,0,4,0,0,4,4,
MaltheMCTS_vs_Nangert_submission_v4,22,LEFT_B,4,2367718387185374201,grpc:Nangert_submission_v4,MaltheMCTS,4,0,0,0,4,4,
MaltheMCTS_vs_Nangert_submission_v4,23,LEFT_A,4,14575130808129838496,MaltheMCTS,grpc:Nangert_submission_v4,0,4,0,0,4,4,
MaltheMCTS_vs_Nangert_submission_v4,23,LEFT_B,4,1370308920283278810,grpc:Nangert_submission_v4,MaltheMCTS,4,0,0,0,4,4,
MaltheMCTS_vs_Nangert_submission_v4,24,LEFT_A,4,997805139666350907,MaltheMCTS,grpc:Nangert_submission_v4,0,4,0,0,4,4,
MaltheMCTS_vs_Nangert_submission_v4,24,LEFT_B,4,18188111758986935464,grpc:Nangert_submission_v4,MaltheMCTS,4,0,0,0,4,4,
MaltheMCTS_vs_Nangert_submission_v4,25,LEFT_A,4,7064483347825713761,MaltheMCTS,grpc:Nangert_submission_v4,0,4,0,0,4,4,
MaltheMCTS_vs_Nangert_submission_v4,25,LEFT_B,4,12160943678814964476,grpc:Nangert_submission_v4,MaltheMCTS,4,0,0,0,4,4,
MaltheMCTS_vs_Nangert_submission_v4,26,LEFT_A,4,12955142170347586892,MaltheMCTS,grpc:Nangert_submission_v4,0,4,0,0,4,4,
MaltheMCTS_vs_Nangert_submission_v4,26,LEFT_B,4,8024882148248663637,grpc:Nangert_submission_v4,MaltheMCTS,4,0,0,0,4,4,
MaltheMCTS_vs_Nangert_submission_v4,27,LEFT_A,4,13860325630377890376,MaltheMCTS,grpc:Nangert_submission_v4,0,4,0,0,4,4,
MaltheMCTS_vs_Nangert_submission_v4,27,LEFT_B,4,7889272275719148631,grpc:Nangert_submission_v4,MaltheMCTS,4,0,0,0,4,4,
MaltheMCTS_vs_Nangert_submission_v4,28,LEFT_A,4,1124186879625895033,MaltheMCTS,grpc:Nangert_submission_v4,0,4,0,0,4,4,
MaltheMCTS_vs_Nangert_submission_v4,28,LEFT_B,4,4425469294845765617,grpc:Nangert_submission_v4,MaltheMCTS,4,0,0,0,4,4,
MaltheMCTS_vs_Nangert_submission_v4,29,LEFT_A,4,13612865065369738903,MaltheMCTS,grpc:Nangert_submission_v4,1,3,0,1,3,4,
MaltheMCTS_vs_Nangert_submission_v4,29,LEFT_B,4,8493215230978620252,grpc:Nangert_submission_v4,MaltheMCTS,4,0,0,0,4,4,
MaltheMCTS_vs_Nangert_submission_v4,30,LEFT_A,4,1050458548588887977,MaltheMCTS,grpc:Nangert_submission_v4,1,3,0,1,3,4,
MaltheMCTS_vs_Nangert_submission_v4,30,LEFT_B,4,423451586086576677,grpc:Nangert_submission_v4,MaltheMCTS,4,0,0,0,4,4,
MaltheMCTS_vs_Nangert_submission_v4,31,LEFT_A,4,4502250982159639069,MaltheMCTS,grpc:Nangert_submission_v4,0,4,0,0,4,4,
MaltheMCTS_vs_Nangert_submission_v4,31,LEFT_B,4,6873560479379598510,grpc:Nangert_submission_v4,MaltheMCTS,4,0,0,0,4,4,
MaltheMCTS_vs_Nangert_submission_v4,32,LEFT_A,4,16925668524032710409,MaltheMCTS,grpc:Nangert_submission_v4,0,4,0,0,4,4,
MaltheMCTS_vs_Nangert_submission_v4,32,LEFT_B,4,9335156049456450186,grpc:Nangert_submission_v4,MaltheMCTS,4,0,0,0,4,4,
MaltheMCTS_vs_Nangert_submission_v4,33,LEFT_A,4,10387614311617448411,MaltheMCTS,grpc:Nangert_submission_v4,0,4,0,0,4,4,
MaltheMCTS_vs_Nangert_submission_v4,33,LEFT_B,4,15104066385153542358,grpc:Nangert_submission_v4,MaltheMCTS,4,0,0,0,4,4,
MaltheMCTS_vs_Nangert_submission_v4,34,LEFT_A,4,1418915734059271219,MaltheMCTS,grpc:Nangert_submission_v4,0,4,0,0,4,4,
MaltheMCTS_vs_Nangert_submission_v4,34,LEFT_B,4,1841032247405513901,grpc:Nangert_submission_v4,MaltheMCTS,3,1,0,1,3,4,
MaltheMCTS_vs_Nangert_submission_v4,35,LEFT_A,4,9776574198347828673,MaltheMCTS,grpc:Nangert_submission_v4,2,2,0,2,2,4,
MaltheMCTS_vs_Nangert_submission_v4,35,LEFT_B,4,13445793333687903316,grpc:Nangert_submission_v4,MaltheMCTS,4,0,0,0,4,4,
