pair_id,round_idx,side,runs,seed,left,right,p1_wins,p2_wins,draws,mapped_a_wins,mapped_b_wins,games,avg_ms
MaltheMCTS_vs_Sakkirina,0,LEFT_A,4,886112014889546769,MaltheMCTS,Sakkirina,0,4,0,0,4,4,
MaltheMCTS_vs_Sakkirina,0,LEFT_B,4,13677803455565824037,Sakkirina,MaltheMCTS,4,0,0,0,4,4,
MaltheMCTS_vs_Sakkirina,1,LEFT_A,4,4205456913248423022,MaltheMCTS,Sakkirina,0,4,0,0,4,4,
MaltheMCTS_vs_Sakkirina,1,LEFT_B,4,13999441552764399514,Sakkirina,MaltheMCTS,3,1,0,1,3,4,
MaltheMCTS_vs_Sakkirina,2,LEFT_A,4,2952351906145050588,MaltheMCTS,Sakkirina,0,4,0,0,4,4,
MaltheMCTS_vs_Sakkirina,2,LEFT_B,4,14084680567233889246,Sakkirina,MaltheMCTS,4,0,0,0,4,4,
MaltheMCTS_vs_Sakkirina,3,LEFT_A,4,1214929892023779738,MaltheMCTS,Sakkirina,0,4,0,0,4,4,
MaltheMCTS_vs_Sakkirina,3,LEFT_B,4,2281993129309585160,Sakkirina,MaltheMCTS,4,0,0,0,4,4,
MaltheMCTS_vs_Sakkirina,4,LEFT_A,4,14530558639535532990,MaltheMCTS,Sakkirina,0,4,0,0,4,4,
MaltheMCTS_vs_Sakkirina,4,LEFT_B,4,11647269470920463759,Sakkirina,MaltheMCTS,4,0,0,0,4,4,
MaltheMCTS_vs_Sakkirina,5,LEFT_A,4,14576180872850104028,MaltheMCTS,Sakkirina,1,3,0,1,3,4,
MaltheMCTS_vs_Sakkirina,5,LEFT_B,4,13556377422092461458,Sakkirina,MaltheMCTS,3,1,0,1,3,4,
MaltheMCTS_vs_Sakkirina,6,LEFT_A,4,8867855838260902754,MaltheMCTS,Sakkirina,0,4,0,0,4,4,
MaltheMCTS_vs_Sakkirina,6,LEFT_B,4,250096062352466395,Sakkirina,MaltheMCTS,4,0,0,0,4,4,
MaltheMCTS_vs_Sakkirina,7,LEFT_A,4,6692089172408311232,MaltheMCTS,Sakkirina,1,3,0,1,3,4,
MaltheMCTS_vs_Sakkirina,7,LEFT_B,4,10852650670016696164,Sakkirina,MaltheMCTS,3,1,0,1,3,4,
MaltheMCTS_vs_Sakkirina,8,LEFT_A,4,11390957248858825555,MaltheMCTS,Sakkirina,0,4,0,0,4,4,
MaltheMCTS_vs_Sakkirina,8,LEFT_B,4,7896125418809076633,Sakkirina,MaltheMCTS,4,0,0,0,4,4,
MaltheMCTS_vs_Sakkirina,9,LEFT_A,4,588254256953221134,MaltheMCTS,Sakkirina,0,4,0,0,4,4,
MaltheMCTS_vs_Sakkirina,9,LEFT_B,4,1847745257729404264,Sakkirina,MaltheMCTS,4,0,0,0,4,4,
MaltheMCTS_vs_Sakkirina,10,LEFT_A,4,4370526454538166516,MaltheMCTS,Sakkirina,0,4,0,0,4,4,
MaltheMCTS_vs_Sakkirina,10,LEFT_B,4,3520180120579961868,Sakkirina,MaltheMCTS,3,1,0,1,3,4,
MaltheMCTS_vs_Sakkirina,11,LEFT_A,4,2153141010237154386,MaltheMCTS,Sakkirina,0,4,0,0,4,4,
MaltheMCTS_vs_Sakkirina,11,LEFT_B,4,9054688072344674684,Sakkirina,MaltheMCTS,4,0,0,0,4,4,
MaltheMCTS_vs_Sakkirina,12,LEFT_A,4,16073062885746481807,MaltheMCTS,Sakkirina,0,4,0,0,4,4,
MaltheMCTS_vs_Sakkirina,12,LEFT_B,4,15140084510165893004,Sakkirina,MaltheMCTS,3,1,0,1,3,4,
MaltheMCTS_vs_Sakkirina,13,LEFT_A,4,12168009668519950461,MaltheMCTS,Sakkirina,0,4,0,0,4,4,
MaltheMCTS_vs_Sakkirina,13,LEFT_B,4,1340886675385250042,Sakkirina,MaltheMCTS,4,0,0,0,4,4,
MaltheMCTS_vs_Sakkirina,14,LEFT_A,4,15036387029122954053,MaltheMCTS,Sakkirina,0,4,0,0,4,4,
MaltheMCTS_vs_Sakkirina,14,LEFT_B,4,7088320835418259537,Sakkirina,MaltheMCTS,4,0,0,0,4,4,
MaltheMCTS_vs_Sakkirina,15,LEFT_A,4,17751825389505922960,MaltheMCTS,Sakkirina,0,4,0,0,4,4,
MaltheMCTS_vs_Sakkirina,15,LEFT_B,4,466582314584490536,Sakkirina,MaltheMCTS,4,0,0,0,4,4,
MaltheMCTS_vs_Sakkirina,16,LEFT_A,4,10272639246469209691,MaltheMCTS,Sakkirina,0,4,0,0,4,4,
MaltheMCTS_vs_Sakkirina,16,LEFT_B,4,11421378423664667604,Sakkirina,MaltheMCTS,4,0,0,0,4,4,
MaltheMCTS_vs_Sakkirina,17,LEFT_A,4,17422131856318957199,MaltheMCTS,Sakkirina,1,3,0,1,3,4,
MaltheMCTS_vs_Sakkirina,17,LEFT_B,4,7634505673520652891,Sakkirina,MaltheMCTS,4,0,0,0,4,4,
MaltheMCTS_vs_Sakkirina,18,LEFT_A,4,10224193004007253192,MaltheMCTS,Sakkirina,0,4,0,0,4,4,
MaltheMCTS_vs_Sakkirina,18,LEFT_B,4,11023613771639780972,Sakkirina,MaltheMCTS,4,0,0,0,4,4,
MaltheMCTS_vs_Sakkirina,19,LEFT_A,4,17917986025092114982,MaltheMCTS,Sakkirina,0,4,0,0,4,4,
MaltheMCTS_vs_Sakkirina,19,LEFT_B,4,18103402404060403435,Sakkirina,MaltheMCTS,4,0,0,0,4,4,
MaltheMCTS_vs_Sakkirina,20,LEFT_A,4,3782127714774467513,MaltheMCTS,Sakkirina,0,4,0,0,4,4,
MaltheMCTS_vs_Sakkirina,20,LEFT_B,4,2532847131527690507,Sakkirina,MaltheMCTS,4,0,0,0,4,4,
MaltheMCTS_vs_Sakkirina,21,LEFT_A,4,14402317571811459541,MaltheMCTS,Sakkirina,0,4,0,0,4,4,
MaltheMCTS_vs_Sakkirina,21,LEFT_B,4,14092614007538354746,Sakkirina,MaltheMCTS,4,0,0,0,4,4,
MaltheMCTS_vs_Sakkirina,22,LEFT_A,4,11286286106017072468,MaltheMCTS,Sakkirina,0,4,0,0,4,4,
MaltheMCTS_vs_Sakkirina,22,LEFT_B,4,9478776910848645969,Sakkirina,MaltheMCTS,4,0,0,0,4,4,
MaltheMCTS_vs_Sakkirina,23,LEFT_A,4,3202812966161068406,MaltheMCTS,Sakkirina,0,4,0,0,4,4,
MaltheMCTS_vs_Sakkirina,23,LEFT_B,4,4903708159839719343,Sakkirina,MaltheMCTS,4,0,0,0,4,4,
MaltheMCTS_vs_Sakkirina,24,LEFT_A,4,17511964411291676361,MaltheMCTS,Sakkirina,0,4,0,0,4,4,
MaltheMCTS_vs_Sakkirina,24,LEFT_B,4,12564608390832692061,Sakkirina,MaltheMCTS,4,0,0,0,4,4,
MaltheMCTS_vs_Sakkirina,25,LEFT_A,4,10655142774077594077,MaltheMCTS,Sakkirina,0,4,0,0,4,4,
MaltheMCTS_vs_Sakkirina,25,LEFT_B,4,3379570552671901582,Sakkirina,MaltheMCTS,4,0,0,0,4,4,
MaltheMCTS_vs_Sakkirina,26,LEFT_A,4,9237124954944051186,MaltheMCTS,Sakkirina,1,3,0,1,3,4,
MaltheMCTS_vs_Sakkirina,26,LEFT_B,4,14525550002002874997,Sakkirina,MaltheMCTS,4,0,0,0,4,4,
MaltheMCTS_vs_Sakkirina,27,LEFT_A,4,15163649475369035072,MaltheMCTS,Sakkirina,0,4,0,0,4,4,
MaltheMCTS_vs_Sakkirina,27,LEFT_B,4,18094877668368944625,Sakkirina,MaltheMCTS,4,0,0,0,4,4,
MaltheMCTS_vs_Sakkirina,28,LEFT_A,4,8855809716726675826,MaltheMCTS,Sakkirina,0,4,0,0,4,4,
MaltheMCTS_vs_Sakkirina,28,LEFT_B,4,14636632812875935110,Sakkirina,MaltheMCTS,4,0,0,0,4,4,
MaltheMCTS_vs_Sakkirina,29,LEFT_A,4,12135633060108019905,MaltheMCTS,Sakkirina,0,4,0,0,4,4,
MaltheMCTS_vs_Sakkirina,29,LEFT_B,4,4499378851836771583,Sakkirina,MaltheMCTS,4,0,0,0,4,4,
MaltheMCTS_vs_Sakkirina,30,LEFT_A,4,7195814085441344189,MaltheMCTS,Sakkirina,0,4,0,0,4,4,
MaltheMCTS_vs_Sakkirina,30,LEFT_B,4,2174037699583992341,Sakkirina,MaltheMCTS,4,0,0,0,4,4,
MaltheMCTS_vs_Sakkirina,31,LEFT_A,4,12989028383035150658,MaltheMCTS,Sakkirina,0,4,0,0,4,4,
MaltheMCTS_vs_Sakkirina,31,LEFT_B,4,10957324705707273353,Sakkirina,MaltheMCTS,4,0,0,0,4,4,
MaltheMCTS_vs_Sakkirina,32,LEFT_A,4,6953166380066336419,MaltheMCTS,Sakkirina,0,4,0,0,4,4,
MaltheMCTS_vs_Sakkirina,32,LEFT_B,4,17538984159391397297,Sakkirina,MaltheMCTS,4,0,0,0,4,4,
MaltheMCTS_vs_Sakkirina,33,LEFT_A,4,5673261779472814008,MaltheMCTS,Sakkirina,0,4,0,0,4,4,
MaltheMCTS_vs_Sakkirina,33,LEFT_B,4,12154716935135345975,Sakkirina,MaltheMCTS,4,0,0,0,4,4,
MaltheMCTS_vs_Sakkirina,34,LEFT_A,4,8781196924823928433,MaltheMCTS,Sakkirina,1,3,0,1,3,4,
MaltheMCTS_vs_Sakkirina,34,LEFT_B,4,481416711569689392,Sakkirina,MaltheMCTS,3,1,0,1,3,4,
MaltheMCTS_vs_Sakkirina,35,LEFT_A,4,8399659172077542784,MaltheMCTS,Sakkirina,0,4,0,0,4,4,
MaltheMCTS_vs_Sakkirina,35,LEFT_B,4,4447045403428383015,Sakkirina,MaltheMCTS,4,0,0,0,4,4,
