pair_id,round_idx,side,runs,seed,left,right,p1_wins,p2_wins,draws,mapped_a_wins,mapped_b_wins,games,avg_ms
Nangert_submission_v4_vs_SakkirinaSolo,0,LEFT_A,4,4266777782799849192,grpc:Nangert_submission_v4,SakkirinaSolo,3,1,0,3,1,4,
Nangert_submission_v4_vs_SakkirinaSolo,0,LEFT_B,4,7070294202453082396,SakkirinaSolo,grpc:Nangert_submission_v4,3,1,0,1,3,4,
Nangert_submission_v4_vs_SakkirinaSolo,1,LEFT_A,4,8690450359387119035,grpc:Nangert_submission_v4,SakkirinaSolo,4,0,0,4,0,4,
Nangert_submission_v4_vs_SakkirinaSolo,1,LEFT_B,4,7399603981570167220,SakkirinaSolo,grpc:Nangert_submission_v4,3,1,0,1,3,4,
Nangert_submission_v4_vs_SakkirinaSolo,2,LEFT_A,4,3907955810316786963,grpc:Nangert_submission_v4,SakkirinaSolo,4,0,0,4,0,4,
Nangert_submission_v4_vs_SakkirinaSolo,2,LEFT_B,4,7618419857324865472,SakkirinaSolo,grpc:Nangert_submission_v4,2,2,0,2,2,4,
Nangert_submission_v4_vs_SakkirinaSolo,3,LEFT_A,4,11797121879489808027,grpc:Nangert_submission_v4,SakkirinaSolo,4,0,0,4,0,4,
Nangert_submission_v4_vs_SakkirinaSolo,3,LEFT_B,4,7819782661860743062,SakkirinaSolo,grpc:Nangert_submission_v4,2,2,0,2,2,4,
Nangert_submission_v4_vs_SakkirinaSolo,4,LEFT_A,4,15670770420850000375,grpc:Nangert_submission_v4,SakkirinaSolo,3,1,0,3,1,4,
Nangert_submission_v4_vs_SakkirinaSolo,4,LEFT_B,4,11640472627426745954,SakkirinaSolo,grpc:Nangert_submission_v4,2,2,0,2,2,4,
Nangert_submission_v4_vs_SakkirinaSolo,5,LEFT_A,4,209890936355185077,grpc:Nangert_submission_v4,SakkirinaSolo,2,2,0,2,2,4,
Nangert_submission_v4_vs_SakkirinaSolo,5,LEFT_B,4,12197165385184501165,SakkirinaSolo,grpc:Nangert_submission_v4,3,1,0,1,3,4,
Nangert_submission_v4_vs_SakkirinaSolo,6,LEFT_A,4,10911042643308688532,grpc:Nangert_submission_v4,SakkirinaSolo,2,2,0,2,2,4,
Nangert_submission_v4_vs_SakkirinaSolo,6,LEFT_B,4,1205561389289261543,SakkirinaSolo,grpc:Nangert_submission_v4,1,3,0,3,1,4,
Nangert_submission_v4_vs_SakkirinaSolo,7,LEFT_A,4,7825125731837404344,grpc:Nangert_submission_v4,SakkirinaSolo,4,0,0,4,0,4,
Nangert_submission_v4_vs_SakkirinaSolo,7,LEFT_B,4,13767357095994764003,SakkirinaSolo,grpc:Nangert_submission_v4,3,1,0,1,3,4,
Nangert_submission_v4_vs_SakkirinaSolo,8,LEFT_A,4,8384477679504585778,grpc:Nangert_submission_v4,SakkirinaSolo,4,0,0,4,0,4,
Nangert_submission_v4_vs_SakkirinaSolo,8,LEFT_B,4,15846504213793281116,SakkirinaSolo,grpc:Nangert_submission_v4,3,1,0,1,3,4,
Nangert_submission_v4_vs_SakkirinaSolo,9,LEFT_A,4,7783198573668818591,grpc:Nangert_submission_v4,SakkirinaSolo,3,1,0,3,1,4,
Nangert_submission_v4_vs_SakkirinaSolo,9,LEFT_B,4,8534396150935936772,SakkirinaSolo,grpc:Nangert_submission_v4,2,2,0,2,2,4,
Nangert_submission_v4_vs_SakkirinaSolo,10,LEFT_A,4,14225981052745267422,grpc:Nangert_submission_v4,SakkirinaSolo,3,1,0,3,1,4,
Nangert_submission_v4_vs_SakkirinaSolo,10,LEFT_B,4,7169074191063249194,SakkirinaSolo,grpc:Nangert_submission_v4,3,1,0,1,3,4,
Nangert_submission_v4_vs_SakkirinaSolo,11,LEFT_A,4,4138810552792384971,grpc:Nangert_submission_v4,SakkirinaSolo,3,1,0,3,1,4,
Nangert_submission_v4_vs_SakkirinaSolo,11,LEFT_B,4,11825477855997075017,SakkirinaSolo,grpc:Nangert_submission_v4,3,1,0,1,3,4,
Nangert_submission_v4_vs_SakkirinaSolo,12,LEFT_A,4,16198168214272158108,grpc:Nangert_submission_v4,SakkirinaSolo,3,1,0,3,1,4,
Nangert_submission_v4_vs_SakkirinaSolo,12,LEFT_B,4,16977259674268320445,SakkirinaSolo,grpc:Nangert_submission_v4,0,4,0,4,0,4,
Nangert_submission_v4_vs_SakkirinaSolo,13,LEFT_A,4,1404926659575768483,grpc:Nangert_submission_v4,SakkirinaSolo,4,0,0,4,0,4,
Nangert_submission_v4_vs_SakkirinaSolo,13,LEFT_B,4,4646339787920630982,SakkirinaSolo,grpc:Nangert_submission_v4,3,1,0,1,3,4,
Nangert_submission_v4_vs_SakkirinaSolo,14,LEFT_A,4,5770209281136795384,grpc:Nangert_submission_v4,SakkirinaSolo,4,0,0,4,0,4,
Nangert_submission_v4_vs_SakkirinaSolo,14,LEFT_B,4,8116601460633422349,SakkirinaSolo,grpc:Nangert_submission_v4,1,3,0,3,1,4,
Nangert_submission_v4_vs_SakkirinaSolo,15,LEFT_A,4,8735878442250642904,grpc:Nangert_submission_v4,SakkirinaSolo,3,1,0,3,1,4,
Nangert_submission_v4_vs_SakkirinaSolo,15,LEFT_B,4,12164724024094652827,SakkirinaSolo,grpc:Nangert_submission_v4,3,1,0,1,3,4,
Nangert_submission_v4_vs_SakkirinaSolo,16,LEFT_A,4,15885039985240652126,grpc:Nangert_submission_v4,SakkirinaSolo,2,2,0,2,2,4,
Nangert_submission_v4_vs_SakkirinaSolo,16,LEFT_B,4,12844446531951140432,SakkirinaSolo,grpc:Nangert_submission_v4,2,2,0,2,2,4,
Nangert_submission_v4_vs_SakkirinaSolo,17,LEFT_A,4,327884466948793434,grpc:Nangert_submission_v4,SakkirinaSolo,2,2,0,2,2,4,
Nangert_submission_v4_vs_SakkirinaSolo,17,LEFT_B,4,16714853780808608695,SakkirinaSolo,grpc:Nangert_submission_v4,4,0,0,0,4,4,
Nangert_submission_v4_vs_SakkirinaSolo,18,LEFT_A,4,9426631538500348860,grpc:Nangert_submission_v4,SakkirinaSolo,2,2,0,2,2,4,
Nangert_submission_v4_vs_SakkirinaSolo,18,LEFT_B,4,18348371556404570235,SakkirinaSolo,grpc:Nangert_submission_v4,4,0,0,0,4,4,
Nangert_submission_v4_vs_SakkirinaSolo,19,LEFT_A,4,2355137690432006426,grpc:Nangert_submission_v4,SakkirinaSolo,4,0,0,4,0,4,
Nangert_submission_v4_vs_SakkirinaSolo,19,LEFT_B,4,10054371968110701349,SakkirinaSolo,grpc:Nangert_submission_v4,2,2,0,2,2,4,
Nangert_submission_v4_vs_SakkirinaSolo,20,LEFT_A,4,882772962527563600,grpc:Nangert_submission_v4,SakkirinaSolo,4,0,0,4,0,4,
Nangert_submission_v4_vs_SakkirinaSolo,20,LEFT_B,4,17766425988659498945,SakkirinaSolo,grpc:Nangert_submission_v4,3,1,0,1,3,4,
Nangert_submission_v4_vs_SakkirinaSolo,21,LEFT_A,4,13605466043481585132,grpc:Nangert_submission_v4,SakkirinaSolo,2,2,0,2,2,4,
Nangert_submission_v4_vs_SakkirinaSolo,21,LEFT_B,4,10480325524867970593,SakkirinaSolo,grpc:Nangert_submission_v4,3,1,0,1,3,4,
Nangert_submission_v4_vs_SakkirinaSolo,22,LEFT_A,4,14872362775364400160,grpc:Nangert_submission_v4,SakkirinaSolo,3,1,0,3,1,4,
Nangert_submission_v4_vs_SakkirinaSolo,22,LEFT_B,4,16203581138100659346,SakkirinaSolo,grpc:Nangert_submission_v4,0,4,0,4,0,4,
Nangert_submission_v4_vs_SakkirinaSolo,23,LEFT_A,4,16811835462007703455,grpc:Nangert_submission_v4,SakkirinaSolo,4,0,0,4,0,4,
Nangert_submission_v4_vs_SakkirinaSolo,23,LEFT_B,4,9492912358822828443,SakkirinaSolo,grpc:Nangert_submission_v4,3,1,0,1,3,4,
Nangert_submission_v4_vs_SakkirinaSolo,24,LEFT_A,4,17778658667385284028,grpc:Nangert_submission_v4,SakkirinaSolo,4,0,0,4,0,4,
Nangert_submission_v4_vs_SakkirinaSolo,24,LEFT_B,4,13769175007496825180,SakkirinaSolo,grpc:Nangert_submission_v4,3,1,0,1,3,4,
Nangert_submission_v4_vs_SakkirinaSolo,25,LEFT_A,4,7677523921964688543,grpc:Nangert_submission_v4,SakkirinaSolo,4,0,0,4,0,4,
Nangert_submission_v4_vs_SakkirinaSolo,25,LEFT_B,4,5025842716371989748,SakkirinaSolo,grpc:Nangert_submission_v4,2,2,0,2,2,4,
Nangert_submission_v4_vs_SakkirinaSolo,26,LEFT_A,4,11297855292985542293,grpc:Nangert_submission_v4,SakkirinaSolo,4,0,0,4,0,4,
Nangert_submission_v4_vs_SakkirinaSolo,26,LEFT_B,4,12391433890168628998,SakkirinaSolo,grpc:Nangert_submission_v4,4,0,0,0,4,4,
Nangert_submission_v4_vs_SakkirinaSolo,27,LEFT_A,4,16430198643270681165,grpc:Nangert_submission_v4,SakkirinaSolo,2,2,0,2,2,4,
Nangert_submission_v4_vs_SakkirinaSolo,27,LEFT_B,4,2351385375373037829,SakkirinaSolo,grpc:Nangert_submission_v4,4,0,0,0,4,4,
Nangert_submission_v4_vs_SakkirinaSolo,28,LEFT_A,4,1646352662402890169,grpc:Nangert_submission_v4,SakkirinaSolo,3,1,0,3,1,4,
Nangert_submission_v4_vs_SakkirinaSolo,28,LEFT_B,4,17833439668752348025,SakkirinaSolo,grpc:Nangert_submission_v4,4,0,0,0,4,4,
Nangert_submission_v4_vs_SakkirinaSolo,29,LEFT_A,4,13916579138229186771,grpc:Nangert_submission_v4,SakkirinaSolo,1,3,0,1,3,4,
Nangert_submission_v4_vs_SakkirinaSolo,29,LEFT_B,4,3691838913140627347,SakkirinaSolo,grpc:Nangert_submission_v4,3,1,0,1,3,4,
Nangert_submission_v4_vs_SakkirinaSolo,30,LEFT_A,4,8361763066683079711,grpc:Nangert_submission_v4,SakkirinaSolo,4,0,0,4,0,4,
Nangert_submission_v4_vs_SakkirinaSolo,30,LEFT_B,4,10821484240286706343,SakkirinaSolo,grpc:Nangert_submission_v4,2,2,0,2,2,4,
Nangert_submission_v4_vs_SakkirinaSolo,31,LEFT_A,4,590178045129337212,grpc:Nangert_submission_v4,SakkirinaSolo,4,0,0,4,0,4,
Nangert_submission_v4_vs_SakkirinaSolo,31,LEFT_B,4,1522916717074060729,SakkirinaSolo,grpc:Nangert_submission_v4,2,2,0,2,2,4,
Nangert_submission_v4_vs_SakkirinaSolo,32,LEFT_A,4,16928703946745105656,grpc:Nangert_submission_v4,SakkirinaSolo,3,1,0,3,1,4,
Nangert_submission_v4_vs_SakkirinaSolo,32,LEFT_B,4,11685551906917976260,SakkirinaSolo,grpc:Nangert_submission_v4,2,2,0,2,2,4,
Nangert_submission_v4_vs_SakkirinaSolo,33,LEFT_A,4,7162747651785511,grpc:Nangert_submission_v4,SakkirinaSolo,4,0,0,4,0,4,
Nangert_submission_v4_vs_SakkirinaSolo,33,LEFT_B,4,11576826534956770924,SakkirinaSolo,grpc:Nangert_submission_v4,4,0,0,0,4,4,
Nangert_submission_v4_vs_SakkirinaSolo,34,LEFT_A,4,4665031748150351551,grpc:Nangert_submission_v4,SakkirinaSolo,2,2,0,2,2,4,
Nangert_submission_v4_vs_SakkirinaSolo,34,LEFT_B,4,14089057445060556792,SakkirinaSolo,grpc:Nangert_submission_v4,3,1,0,1,3,4,
Nangert_submission_v4_vs_SakkirinaSolo,35,LEFT_A,4,13658427633300667684,grpc:Nangert_submission_v4,SakkirinaSolo,3,1,0,3,1,4,
Nangert_submission_v4_vs_SakkirinaSolo,35,LEFT_B,4,14702444184004307951,SakkirinaSolo,grpc:Nangert_submission_v4,2,2,0,2,2,4,
