pair_id,round_idx,side,runs,seed,left,right,p1_wins,p2_wins,draws,mapped_a_wins,mapped_b_wins,games,avg_ms
Nangert_submission_v4_vs_Sakkirina,0,LEFT_A,4,93615011256104673,grpc:Nangert_submission_v4,Sakkirina,1,3,0,1,3,4,
Nangert_submission_v4_vs_Sakkirina,0,LEFT_B,4,1519596882286004600,Sakkirina,grpc:Nangert_submission_v4,4,0,0,0,4,4,
Nangert_submission_v4_vs_Sakkirina,1,LEFT_A,4,11365746837655101896,grpc:Nangert_submission_v4,Sakkirina,2,2,0,2,2,4,
Nangert_submission_v4_vs_Sakkirina,1,LEFT_B,4,7228456167055266392,Sakkirina,grpc:Nangert_submission_v4,3,1,0,1,3,4,
Nangert_submission_v4_vs_Sakkirina,2,LEFT_A,4,9066077315362069511,grpc:Nangert_submission_v4,Sakkirina,2,2,0,2,2,4,
Nangert_submission_v4_vs_Sakkirina,2,LEFT_B,4,4327353822159504432,Sakkirina,grpc:Nangert_submission_v4,3,1,0,1,3,4,
Nangert_submission_v4_vs_Sakkirina,3,LEFT_A,4,12026432953262653060,grpc:Nangert_submission_v4,Sakkirina,2,2,0,2,2,4,
Nangert_submission_v4_vs_Sakkirina,3,LEFT_B,4,15934450422221863762,Sakkirina,grpc:Nangert_submission_v4,3,1,0,1,3,4,
Nangert_submission_v4_vs_Sakkirina,4,LEFT_A,4,8452251296977274924,grpc:Nangert_submission_v4,Sakkirina,1,3,0,1,3,4,
Nangert_submission_v4_vs_Sakkirina,4,LEFT_B,4,7959012427166552129,Sakkirina,grpc:Nangert_submission_v4,3,1,0,1,3,4,
Nangert_submission_v4_vs_Sakkirina,5,LEFT_A,4,1731788998684007979,grpc:Nangert_submission_v4,Sakkirina,2,2,0,2,2,4,
Nangert_submission_v4_vs_Sakkirina,5,LEFT_B,4,16446385824763768027,Sakkirina,grpc:Nangert_submission_v4,4,0,0,0,4,4,
Nangert_submission_v4_vs_Sakkirina,6,LEFT_A,4,4965257502390760459,grpc:Nangert_submission_v4,Sakkirina,3,1,0,3,1,4,
Nangert_submission_v4_vs_Sakkirina,6,LEFT_B,4,9216494416448235667,Sakkirina,grpc:Nangert_submission_v4,1,3,0,3,1,4,
Nangert_submission_v4_vs_Sakkirina,7,LEFT_A,4,6425422522457205742,grpc:Nangert_submission_v4,Sakkirina,0,4,0,0,4,4,
Nangert_submission_v4_vs_Sakkirina,7,LEFT_B,4,3090194827354776295,Sakkirina,grpc:Nangert_submission_v4,3,1,0,1,3,4,
Nangert_submission_v4_vs_Sakkirina,8,LEFT_A,4,16221300786127871725,grpc:Nangert_submission_v4,Sakkirina,1,3,0,1,3,4,
Nangert_submission_v4_vs_Sakkirina,8,LEFT_B,4,15086161446279605392,Sakkirina,grpc:Nangert_submission_v4,3,1,0,1,3,4,
Nangert_submission_v4_vs_Sakkirina,9,LEFT_A,4,526104470070496971,grpc:Nangert_submission_v4,Sakkirina,1,3,0,1,3,4,
Nangert_submission_v4_vs_Sakkirina,9,LEFT_B,4,6743587514610435183,Sakkirina,grpc:Nangert_submission_v4,2,2,0,2,2,4,
Nangert_submission_v4_vs_Sakkirina,10,LEFT_A,4,16795808560979530703,grpc:Nangert_submission_v4,Sakkirina,2,2,0,2,2,4,
Nangert_submission_v4_vs_Sakkirina,10,LEFT_B,4,15728551527237434433,Sakkirina,grpc:Nangert_submission_v4,1,3,0,3,1,4,
Nangert_submission_v4_vs_Sakkirina,11,LEFT_A,4,7671655682542648084,grpc:Nangert_submission_v4,Sakkirina,2,2,0,2,2,4,
Nangert_submission_v4_vs_Sakkirina,11,LEFT_B,4,3805849203234968710,Sakkirina,grpc:Nangert_submission_v4,1,3,0,3,1,4,
Nangert_submission_v4_vs_Sakkirina,12,LEFT_A,4,8573490172555210587,grpc:Nangert_submission_v4,Sakkirina,1,3,0,1,3,4,
Nangert_submission_v4_vs_Sakkirina,12,LEFT_B,4,6409371328893270589,Sakkirina,grpc:Nangert_submission_v4,2,2,0,2,2,4,
Nangert_submission_v4_vs_Sakkirina,13,LEFT_A,4,11583749570996002007,grpc:Nangert_submission_v4,Sakkirina,2,2,0,2,2,4,
Nangert_submission_v4_vs_Sakkirina,13,LEFT_B,4,10096046862746656351,Sakkirina,grpc:Nangert_submission_v4,1,3,0,3,1,4,
Nangert_submission_v4_vs_Sakkirina,14,LEFT_A,4,12414951187025013468,grpc:Nangert_submission_v4,Sakkirina,0,4,0,0,4,4,
Nangert_submission_v4_vs_Sakkirina,14,LEFT_B,4,11500012844715074772,Sakkirina,grpc:Nangert_submission_v4,3,1,0,1,3,4,
Nangert_submission_v4_vs_Sakkirina,15,LEFT_A,4,4623472738465732967,grpc:Nangert_submission_v4,Sakkirina,2,2,0,2,2,4,
Nangert_submission_v4_vs_Sakkirina,15,LEFT_B,4,13007710144546001866,Sakkirina,grpc:Nangert_submission_v4,2,2,0,2,2,4,
Nangert_submission_v4_vs_Sakkirina,16,LEFT_A,4,13191773768011728061,grpc:Nangert_submission_v4,Sakkirina,3,1,0,3,1,4,
Nangert_submission_v4_vs_Sakkirina,16,LEFT_B,4,15736900960012789234,Sakkirina,grpc:Nangert_submission_v4,3,1,0,1,3,4,
Nangert_submission_v4_vs_Sakkirina,17,LEFT_A,4,6367267453739531348,grpc:Nangert_submission_v4,Sakkirina,2,2,0,2,2,4,
Nangert_submission_v4_vs_Sakkirina,17,LEFT_B,4,9202826887692132921,Sakkirina,grpc:Nangert_submission_v4,2,2,0,2,2,4,
Nangert_submission_v4_vs_Sakkirina,18,LEFT_A,4,14563045877028809456,grpc:Nangert_submission_v4,Sakkirina,3,1,0,3,1,4,
Nangert_submission_v4_vs_Sakkirina,18,LEFT_B,4,1064182942592856854,Sakkirina,grpc:Nangert_submission_v4,3,1,0,1,3,4,
Nangert_submission_v4_vs_Sakkirina,19,LEFT_A,4,11842246129055119087,grpc:Nangert_submission_v4,Sakkirina,1,3,0,1,3,4,
Nangert_submission_v4_vs_Sakkirina,19,LEFT_B,4,16931335713279956102,Sakkirina,grpc:Nangert_submission_v4,4,0,0,0,4,4,
Nangert_submission_v4_vs_Sakkirina,20,LEFT_A,4,318415568013478663,grpc:Nangert_submission_v4,Sakkirina,4,0,0,4,0,4,
Nangert_submission_v4_vs_Sakkirina,20,LEFT_B,4,5165866594573307343,Sakkirina,grpc:Nangert_submission_v4,3,1,0,1,3,4,
Nangert_submission_v4_vs_Sakkirina,21,LEFT_A,4,900611649383565455,grpc:Nangert_submission_v4,Sakkirina,1,3,0,1,3,4,
Nangert_submission_v4_vs_Sakkirina,21,LEFT_B,4,8149162008739923465,Sakkirina,grpc:Nangert_submission_v4,1,3,0,3,1,4,
Nangert_submission_v4_vs_Sakkirina,22,LEFT_A,4,311340721040468248,grpc:Nangert_submission_v4,Sakkirina,2,2,0,2,2,4,
Nangert_submission_v4_vs_Sakkirina,22,LEFT_B,4,12233843031685268811,Sakkirina,grpc:Nangert_submission_v4,2,2,0,2,2,4,
Nangert_submission_v4_vs_Sakkirina,23,LEFT_A,4,10534484109698755231,grpc:Nangert_submission_v4,Sakkirina,2,2,0,2,2,4,
Nangert_submission_v4_vs_Sakkirina,23,LEFT_B,4,14144362904816537957,Sakkirina,grpc:Nangert_submission_v4,3,1,0,1,3,4,
Nangert_submission_v4_vs_Sakkirina,24,LEFT_A,4,9155782032130603840,grpc:Nangert_submission_v4,Sakkirina,1,3,0,1,3,4,
Nangert_submission_v4_vs_Sakkirina,24,LEFT_B,4,14279638150613297160,Sakkirina,grpc:Nangert_submission_v4,1,3,0,3,1,4,
Nangert_submission_v4_vs_Sakkirina,25,LEFT_A,4,9177660302182413712,grpc:Nangert_submission_v4,Sakkirina,2,2,0,2,2,4,
Nangert_submission_v4_vs_Sakkirina,25,LEFT_B,4,11225930906685980267,Sakkirina,grpc:Nangert_submission_v4,2,2,0,2,2,4,
Nangert_submission_v4_vs_Sakkirina,26,LEFT_A,4,5921410584898446565,grpc:Nangert_submission_v4,Sakkirina,2,2,0,2,2,4,
Nangert_submission_v4_vs_Sakkirina,26,LEFT_B,4,7022913962813726425,Sakkirina,grpc:Nangert_submission_v4,3,1,0,1,3,4,
Nangert_submission_v4_vs_Sakkirina,27,LEFT_A,4,2944689774784164655,grpc:Nangert_submission_v4,Sakkirina,2,2,0,2,2,4,
Nangert_submission_v4_vs_Sakkirina,27,LEFT_B,4,5504644708208119800,Sakkirina,grpc:Nangert_submission_v4,3,1,0,1,3,4,
Nangert_submission_v4_vs_Sakkirina,28,LEFT_A,4,1375538549540753687,grpc:Nangert_submission_v4,Sakkirina,3,1,0,3,1,4,
Nangert_submission_v4_vs_Sakkirina,28,LEFT_B,4,2566753235557496871,Sakkirina,grpc:Nangert_submission_v4,3,1,0,1,3,4,
Nangert_submission_v4_vs_Sakkirina,29,LEFT_A,4,4471048277878787848,grpc:Nangert_submission_v4,Sakkirina,1,3,0,1,3,4,
Nangert_submission_v4_vs_Sakkirina,29,LEFT_B,4,11294535166881907733,Sakkirina,grpc:Nangert_submission_v4,2,2,0,2,2,4,
Nangert_submission_v4_vs_Sakkirina,30,LEFT_A,4,17832762753246546752,grpc:Nangert_submission_v4,Sakkirina,1,3,0,1,3,4,
Nangert_submission_v4_vs_Sakkirina,30,LEFT_B,4,948634065899321568,Sakkirina,grpc:Nangert_submission_v4,3,1,0,1,3,4,
Nangert_submission_v4_vs_Sakkirina,31,LEFT_A,4,2723667172972528121,grpc:Nangert_submission_v4,Sakkirina,1,3,0,1,3,4,
Nangert_submission_v4_vs_Sakkirina,31,LEFT_B,4,14967696839794176855,Sakkirina,grpc:Nangert_submission_v4,3,1,0,1,3,4,
Nangert_submission_v4_vs_Sakkirina,32,LEFT_A,4,934091344504128122,grpc:Nangert_submission_v4,Sakkirina,3,1,0,3,1,4,
Nangert_submission_v4_vs_Sakkirina,32,LEFT_B,4,17793226458328455448,Sakkirina,grpc:Nangert_submission_v4,4,0,0,0,4,4,
Nangert_submission_v4_vs_Sakkirina,33,LEFT_A,4,1695934521202707624,grpc:Nangert_submission_v4,Sakkirina,2,2,0,2,2,4,
Nangert_submission_v4_vs_Sakkirina,33,LEFT_B,4,5062505049451306792,Sakkirina,grpc:Nangert_submission_v4,1,3,0,3,1,4,
Nangert_submission_v4_vs_Sakkirina,34,LEFT_A,4,18331189401449187969,grpc:Nangert_submission_v4,Sakkirina,1,3,0,1,3,4,
Nangert_submission_v4_vs_Sakkirina,34,LEFT_B,4,8047403485469473590,Sakkirina,grpc:Nangert_submission_v4,3,1,0,1,3,4,
Nangert_submission_v4_vs_Sakkirina,35,LEFT_A,4,6709681793722056881,grpc:Nangert_submission_v4,Sakkirina,2,2,0,2,2,4,
Nangert_submission_v4_vs_Sakkirina,35,LEFT_B,4,14391943614000803006,Sakkirina,grpc:Nangert_submission_v4,4,0,0,0,4,4,
