pair_id,round_idx,side,runs,seed,left,right,p1_wins,p2_wins,draws,mapped_a_wins,mapped_b_wins,games,avg_ms
Nangert_submission_v4_vs_ZMyBot,0,LEFT_A,4,17518379405387944052,grpc:Nangert_submission_v4,grpc:ZMyBot,2,2,0,2,2,4,
Nangert_submission_v4_vs_ZMyBot,0,LEFT_B,4,10741730363007871896,grpc:ZMyBot,grpc:Nangert_submission_v4,3,1,0,1,3,4,
Nangert_submission_v4_vs_ZMyBot,1,LEFT_A,4,10338186780169692813,grpc:Nangert_submission_v4,grpc:ZMyBot,4,0,0,4,0,4,
Nangert_submission_v4_vs_ZMyBot,1,LEFT_B,4,2969988902973296748,grpc:ZMyBot,grpc:Nangert_submission_v4,2,2,0,2,2,4,
Nangert_submission_v4_vs_ZMyBot,2,LEFT_A,4,586880642413603531,grpc:Nangert_submission_v4,grpc:ZMyBot,3,1,0,3,1,4,
Nangert_submission_v4_vs_ZMyBot,2,LEFT_B,4,12720855639951125394,grpc:ZMyBot,grpc:Nangert_submission_v4,4,0,0,0,4,4,
Nangert_submission_v4_vs_ZMyBot,3,LEFT_A,4,2529645277983204981,grpc:Nangert_submission_v4,grpc:ZMyBot,4,0,0,4,0,4,
Nangert_submission_v4_vs_ZMyBot,3,LEFT_B,4,827633921301009665,grpc:ZMyBot,grpc:Nangert_submission_v4,4,0,0,0,4,4,
Nangert_submission_v4_vs_ZMyBot,4,LEFT_A,4,4362717289087392568,grpc:Nangert_submission_v4,grpc:ZMyBot,2,2,0,2,2,4,
Nangert_submission_v4_vs_ZMyBot,4,LEFT_B,4,7096175924499595183,grpc:ZMyBot,grpc:Nangert_submission_v4,4,0,0,0,4,4,
Nangert_submission_v4_vs_ZMyBot,5,LEFT_A,4,277735966944501040,grpc:Nangert_submission_v4,grpc:ZMyBot,3,1,0,3,1,4,
Nangert_submission_v4_vs_ZMyBot,5,LEFT_B,4,11810885561773066760,grpc:ZMyBot,grpc:Nangert_submission_v4,4,0,0,0,4,4,
Nangert_submission_v4_vs_ZMyBot,6,LEFT_A,4,12557013768967388362,grpc:Nangert_submission_v4,grpc:ZMyBot,2,2,0,2,2,4,
Nangert_submission_v4_vs_ZMyBot,6,LEFT_B,4,16470822742328151419,grpc:ZMyBot,grpc:Nangert_submission_v4,3,1,0,1,3,4,
Nangert_submission_v4_vs_ZMyBot,7,LEFT_A,4,3319616840990735712,grpc:Nangert_submission_v4,grpc:ZMyBot,2,2,0,2,2,4,
Nangert_submission_v4_vs_ZMyBot,7,LEFT_B,4,16416723933409092575,grpc:ZMyBot,grpc:Nangert_submission_v4,3,1,0,1,3,4,
Nangert_submission_v4_vs_ZMyBot,8,LEFT_A,4,5609723040853735383,grpc:Nangert_submission_v4,grpc:ZMyBot,4,0,0,4,0,4,
Nangert_submission_v4_vs_ZMyBot,8,LEFT_B,4,16830016280148857710,grpc:ZMyBot,grpc:Nangert_submission_v4,4,0,0,0,4,4,
Nangert_submission_v4_vs_ZMyBot,9,LEFT_A,4,12246383496266435989,grpc:Nangert_submission_v4,grpc:ZMyBot,2,2,0,2,2,4,
Nangert_submission_v4_vs_ZMyBot,9,LEFT_B,4,8345169810445738837,grpc:ZMyBot,grpc:Nangert_submission_v4,3,1,0,1,3,4,
Nangert_submission_v4_vs_ZMyBot,10,LEFT_A,4,12872642969632390811,grpc:Nangert_submission_v4,grpc:ZMyBot,1,3,0,1,3,4,
Nangert_submission_v4_vs_ZMyBot,10,LEFT_B,4,16215009144071741340,grpc:ZMyBot,grpc:Nangert_submission_v4,4,0,0,0,4,4,
Nangert_submission_v4_vs_ZMyBot,11,LEFT_A,4,4192040071098159250,grpc:Nangert_submission_v4,grpc:ZMyBot,3,1,0,3,1,4,
Nangert_submission_v4_vs_ZMyBot,11,LEFT_B,4,18391623487571341998,grpc:ZMyBot,grpc:Nangert_submission_v4,2,2,0,2,2,4,
Nangert_submission_v4_vs_ZMyBot,12,LEFT_A,4,17703383359905906435,grpc:Nangert_submission_v4,grpc:ZMyBot,2,2,0,2,2,4,
Nangert_submission_v4_vs_ZMyBot,12,LEFT_B,4,1291414271530276945,grpc:ZMyBot,grpc:Nangert_submission_v4,4,0,0,0,4,4,
Nangert_submission_v4_vs_ZMyBot,13,LEFT_A,4,12431660318369528932,grpc:Nangert_submission_v4,grpc:ZMyBot,4,0,0,4,0,4,
Nangert_submission_v4_vs_ZMyBot,13,LEFT_B,4,13745385378240597705,grpc:ZMyBot,grpc:Nangert_submission_v4,3,1,0,1,3,4,
Nangert_submission_v4_vs_ZMyBot,14,LEFT_A,4,6368468237097781710,grpc:Nangert_submission_v4,grpc:ZMyBot,0,4,0,0,4,4,
Nangert_submission_v4_vs_ZMyBot,14,LEFT_B,4,18015095750152294832,grpc:ZMyBot,grpc:Nangert_submission_v4,3,1,0,1,3,4,
Nangert_submission_v4_vs_ZMyBot,15,LEFT_A,4,4900768139376088522,grpc:Nangert_submission_v4,grpc:ZMyBot,1,3,0,1,3,4,
Nangert_submission_v4_vs_ZMyBot,15,LEFT_B,4,18439049097197637617,grpc:ZMyBot,grpc:Nangert_submission_v4,4,0,0,0,4,4,
Nangert_submission_v4_vs_ZMyBot,16,LEFT_A,4,10548244180629803849,grpc:Nangert_submission_v4,grpc:ZMyBot,3,1,0,3,1,4,
Nangert_submission_v4_vs_ZMyBot,16,LEFT_B,4,16315778681345710654,grpc:ZMyBot,grpc:Nangert_submission_v4,3,1,0,1,3,4,
Nangert_submission_v4_vs_ZMyBot,17,LEFT_A,4,12371227087672951742,grpc:Nangert_submission_v4,grpc:ZMyBot,3,1,0,3,1,4,
Nangert_submission_v4_vs_ZMyBot,17,LEFT_B,4,17615039955089926848,grpc:ZMyBot,grpc:Nangert_submission_v4,3,1,0,1,3,4,
Nangert_submission_v4_vs_ZMyBot,18,LEFT_A,4,4973589222176645381,grpc:Nangert_submission_v4,grpc:ZMyBot,1,3,0,1,3,4,
Nangert_submission_v4_vs_ZMyBot,18,LEFT_B,4,71283312820460390,grpc:ZMyBot,grpc:Nangert_submission_v4,2,2,0,2,2,4,
Nangert_submission_v4_vs_ZMyBot,19,LEFT_A,4,13986663836192561162,grpc:Nangert_submission_v4,grpc:ZMyBot,3,1,0,3,1,4,
Nangert_submission_v4_vs_ZMyBot,19,LEFT_B,4,15283753395329565802,grpc:ZMyBot,grpc:Nangert_submission_v4,4,0,0,0,4,4,
Nangert_submission_v4_vs_ZMyBot,20,LEFT_A,4,16558974958915354088,grpc:Nangert_submission_v4,grpc:ZMyBot,2,2,0,2,2,4,
Nangert_submission_v4_vs_ZMyBot,20,LEFT_B,4,2663526272470460167,grpc:ZMyBot,grpc:Nangert_submission_v4,3,1,0,1,3,4,
Nangert_submission_v4_vs_ZMyBot,21,LEFT_A,4,413285698417468234,grpc:Nangert_submission_v4,grpc:ZMyBot,0,4,0,0,4,4,
Nangert_submission_v4_vs_ZMyBot,21,LEFT_B,4,9653416157679984601,grpc:ZMyBot,grpc:Nangert_submission_v4,2,2,0,2,2,4,
Nangert_submission_v4_vs_ZMyBot,22,LEFT_A,4,4498176268489187951,grpc:Nangert_submission_v4,grpc:ZMyBot,3,1,0,3,1,4,
Nangert_submission_v4_vs_ZMyBot,22,LEFT_B,4,14370521072181060008,grpc:ZMyBot,grpc:Nangert_submission_v4,3,1,0,1,3,4,
Nangert_submission_v4_vs_ZMyBot,23,LEFT_A,4,4688796333349709896,grpc:Nangert_submission_v4,grpc:ZMyBot,1,3,0,1,3,4,
Nangert_submission_v4_vs_ZMyBot,23,LEFT_B,4,18245745970699252473,grpc:ZMyBot,grpc:Nangert_submission_v4,3,1,0,1,3,4,
Nangert_submission_v4_vs_ZMyBot,24,LEFT_A,4,12614898035432900212,grpc:Nangert_submission_v4,grpc:ZMyBot,3,1,0,3,1,4,
Nangert_submission_v4_vs_ZMyBot,24,LEFT_B,4,16157486197474002336,grpc:ZMyBot,grpc:Nangert_submission_v4,3,1,0,1,3,4,
Nangert_submission_v4_vs_ZMyBot,25,LEFT_A,4,2843534490902114973,grpc:Nangert_submission_v4,grpc:ZMyBot,3,1,0,3,1,4,
Nangert_submission_v4_vs_ZMyBot,25,LEFT_B,4,6851481593855355708,grpc:ZMyBot,grpc:Nangert_submission_v4,2,2,0,2,2,4,
Nangert_submission_v4_vs_ZMyBot,26,LEFT_A,4,7601966305082683598,grpc:Nangert_submission_v4,grpc:ZMyBot,3,1,0,3,1,4,
Nangert_submission_v4_vs_ZMyBot,26,LEFT_B,4,7716367701847737089,grpc:ZMyBot,grpc:Nangert_submission_v4,3,1,0,1,3,4,
Nangert_submission_v4_vs_ZMyBot,27,LEFT_A,4,1645231202795715885,grpc:Nangert_submission_v4,grpc:ZMyBot,3,1,0,3,1,4,
Nangert_submission_v4_vs_ZMyBot,27,LEFT_B,4,7031985106347983414,grpc:ZMyBot,grpc:Nangert_submission_v4,3,1,0,1,3,4,
Nangert_submission_v4_vs_ZMyBot,28,LEFT_A,4,17310884028271459616,grpc:Nangert_submission_v4,grpc:ZMyBot,1,3,0,1,3,4,
Nangert_submission_v4_vs_ZMyBot,28,LEFT_B,4,1911524990213643040,grpc:ZMyBot,grpc:Nangert_submission_v4,3,1,0,1,3,4,
Nangert_submission_v4_vs_ZMyBot,29,LEFT_A,4,1009915402391347288,grpc:Nangert_submission_v4,grpc:ZMyBot,2,2,0,2,2,4,
Nangert_submission_v4_vs_ZMyBot,29,LEFT_B,4,1922164871994919511,grpc:ZMyBot,grpc:Nangert_submission_v4,2,2,0,2,2,4,
Nangert_submission_v4_vs_ZMyBot,30,LEFT_A,4,9531278544763633755,grpc:Nangert_submission_v4,grpc:ZMyBot,1,3,0,1,3,4,
Nangert_submission_v4_vs_ZMyBot,30,LEFT_B,4,16094265709190935530,grpc:ZMyBot,grpc:Nangert_submission_v4,1,3,0,3,1,4,
Nangert_submission_v4_vs_ZMyBot,31,LEFT_A,4,11419819531527973350,grpc:Nangert_submission_v4,grpc:ZMyBot,1,3,0,1,3,4,
Nangert_submission_v4_vs_ZMyBot,31,LEFT_B,4,16514893721500838641,grpc:ZMyBot,grpc:Nangert_submission_v4,1,3,0,3,1,4,
Nangert_submission_v4_vs_ZMyBot,32,LEFT_A,4,15926178923522135750,grpc:Nangert_submission_v4,grpc:ZMyBot,1,3,0,1,3,4,
Nangert_submission_v4_vs_ZMyBot,32,LEFT_B,4,344050864585406773,grpc:ZMyBot,grpc:Nangert_submission_v4,3,1,0,1,3,4,
Nangert_submission_v4_vs_ZMyBot,33,LEFT_A,4,3409833071126274670,grpc:Nangert_submission_v4,grpc:ZMyBot,2,2,0,2,2,4,
Nangert_submission_v4_vs_ZMyBot,33,LEFT_B,4,2872216701320253502,grpc:ZMyBot,grpc:Nangert_submission_v4,4,0,0,0,4,4,
Nangert_submission_v4_vs_ZMyBot,34,LEFT_A,4,1998423933337019577,grpc:Nangert_submission_v4,grpc:ZMyBot,3,1,0,3,1,4,
Nangert_submission_v4_vs_ZMyBot,34,LEFT_B,4,6198811289816223220,grpc:ZMyBot,grpc:Nangert_submission_v4,1,3,0,3,1,4,
Nangert_submission_v4_vs_ZMyBot,35,LEFT_A,4,16264516903974999860,grpc:Nangert_submission_v4,grpc:ZMyBot,2,2,0,2,2,4,
Nangert_submission_v4_vs_ZMyBot,35,LEFT_B,4,16992626031072917831,grpc:ZMyBot,grpc:Nangert_submission_v4,2,2,0,2,2,4,
