pair_id,round_idx,side,runs,seed,left,right,p1_wins,p2_wins,draws,mapped_a_wins,mapped_b_wins,games,avg_ms
SakkirinaSolo_vs_ZMyBot,0,LEFT_A,4,7169137963040652253,SakkirinaSolo,grpc:ZMyBot,4,0,0,4,0,4,
SakkirinaSolo_vs_ZMyBot,0,LEFT_B,4,16586688608111448443,grpc:ZMyBot,SakkirinaSolo,0,4,0,4,0,4,
SakkirinaSolo_vs_ZMyBot,1,LEFT_A,4,12509053523572949300,SakkirinaSolo,grpc:ZMyBot,4,0,0,4,0,4,
SakkirinaSolo_vs_ZMyBot,1,LEFT_B,4,12433262658855780943,grpc:ZMyBot,SakkirinaSolo,0,4,0,4,0,4,
SakkirinaSolo_vs_ZMyBot,2,LEFT_A,4,17534224720658497941,SakkirinaSolo,grpc:ZMyBot,4,0,0,4,0,4,
SakkirinaSolo_vs_ZMyBot,2,LEFT_B,4,1563260469172729871,grpc:ZMyBot,SakkirinaSolo,0,4,0,4,0,4,
SakkirinaSolo_vs_ZMyBot,3,LEFT_A,4,9799804899351172872,SakkirinaSolo,grpc:ZMyBot,4,0,0,4,0,4,
SakkirinaSolo_vs_ZMyBot,3,LEFT_B,4,6647122873535767249,grpc:ZMyBot,SakkirinaSolo,0,4,0,4,0,4,
SakkirinaSolo_vs_ZMyBot,4,LEFT_A,4,12677280198299308125,SakkirinaSolo,grpc:ZMyBot,4,0,0,4,0,4,
SakkirinaSolo_vs_ZMyBot,4,LEFT_B,4,11653955377319436561,grpc:ZMyBot,SakkirinaSolo,0,4,0,4,0,4,
SakkirinaSolo_vs_ZMyBot,5,LEFT_A,4,11659396942454957680,SakkirinaSolo,grpc:ZMyBot,4,0,0,4,0,4,
SakkirinaSolo_vs_ZMyBot,5,LEFT_B,4,9232903347474259102,grpc:ZMyBot,SakkirinaSolo,1,3,0,3,1,4,
SakkirinaSolo_vs_ZMyBot,6,LEFT_A,4,16976154562254250267,SakkirinaSolo,grpc:ZMyBot,4,0,0,4,0,4,
SakkirinaSolo_vs_ZMyBot,6,LEFT_B,4,2286841114767178663,grpc:ZMyBot,SakkirinaSolo,1,3,0,3,1,4,
SakkirinaSolo_vs_ZMyBot,7,LEFT_A,4,544163113128568523,SakkirinaSolo,grpc:ZMyBot,4,0,0,4,0,4,
SakkirinaSolo_vs_ZMyBot,7,LEFT_B,4,17041218713203354061,grpc:ZMyBot,SakkirinaSolo,0,4,0,4,0,4,
SakkirinaSolo_vs_ZMyBot,8,LEFT_A,4,927547245724532296,SakkirinaSolo,grpc:ZMyBot,4,0,0,4,0,4,
SakkirinaSolo_vs_ZMyBot,8,LEFT_B,4,1833401161016748344,grpc:ZMyBot,SakkirinaSolo,0,4,0,4,0,4,
SakkirinaSolo_vs_ZMyBot,9,LEFT_A,4,2954551807839506592,SakkirinaSolo,grpc:ZMyBot,4,0,0,4,0,4,
SakkirinaSolo_vs_ZMyBot,9,LEFT_B,4,2719716343404722032,grpc:ZMyBot,SakkirinaSolo,1,3,0,3,1,4,
SakkirinaSolo_vs_ZMyBot,10,LEFT_A,4,2642974738735973485,SakkirinaSolo,grpc:ZMyBot,4,0,0,4,0,4,
SakkirinaSolo_vs_ZMyBot,10,LEFT_B,4,11894906968251765378,grpc:ZMyBot,SakkirinaSolo,0,4,0,4,0,4,
SakkirinaSolo_vs_ZMyBot,11,LEFT_A,4,17607688698859006303,SakkirinaSolo,grpc:ZMyBot,4,0,0,4,0,4,
SakkirinaSolo_vs_ZMyBot,11,LEFT_B,4,7661058208513775583,grpc:ZMyBot,SakkirinaSolo,0,4,0,4,0,4,
SakkirinaSolo_vs_ZMyBot,12,LEFT_A,4,11868482985595115029,SakkirinaSolo,grpc:ZMyBot,4,0,0,4,0,4,
SakkirinaSolo_vs_ZMyBot,12,LEFT_B,4,7415708817081674916,grpc:ZMyBot,SakkirinaSolo,0,4,0,4,0,4,
SakkirinaSolo_vs_ZMyBot,13,LEFT_A,4,11500010143718578511,SakkirinaSolo,grpc:ZMyBot,4,0,0,4,0,4,
SakkirinaSolo_vs_ZMyBot,13,LEFT_B,4,3311185346117605355,grpc:ZMyBot,SakkirinaSolo,1,3,0,3,1,4,
SakkirinaSolo_vs_ZMyBot,14,LEFT_A,4,11863311152559934846,SakkirinaSolo,grpc:ZMyBot,4,0,0,4,0,4,
SakkirinaSolo_vs_ZMyBot,14,LEFT_B,4,12538009172554221548,grpc:ZMyBot,SakkirinaSolo,0,4,0,4,0,4,
SakkirinaSolo_vs_ZMyBot,15,LEFT_A,4,10676818832805883308,SakkirinaSolo,grpc:ZMyBot,4,0,0,4,0,4,
SakkirinaSolo_vs_ZMyBot,15,LEFT_B,4,15662547498166803647,grpc:ZMyBot,SakkirinaSolo,0,4,0,4,0,4,
SakkirinaSolo_vs_ZMyBot,16,LEFT_A,4,3495091343234389727,SakkirinaSolo,grpc:ZMyBot,4,0,0,4,0,4,
SakkirinaSolo_vs_ZMyBot,16,LEFT_B,4,15713831698182743328,grpc:ZMyBot,SakkirinaSolo,0,4,0,4,0,4,
SakkirinaSolo_vs_ZMyBot,17,LEFT_A,4,882783592563875281,SakkirinaSolo,grpc:ZMyBot,4,0,0,4,0,4,
SakkirinaSolo_vs_ZMyBot,17,LEFT_B,4,10135923438684118039,grpc:ZMyBot,SakkirinaSolo,0,4,0,4,0,4,
SakkirinaSolo_vs_ZMyBot,18,LEFT_A,4,1276274845455634080,SakkirinaSolo,grpc:ZMyBot,4,0,0,4,0,4,
SakkirinaSolo_vs_ZMyBot,18,LEFT_B,4,17777327336946549053,grpc:ZMyBot,SakkirinaSolo,1,3,0,3,1,4,
SakkirinaSolo_vs_ZMyBot,19,LEFT_A,4,14110638673506371985,SakkirinaSolo,grpc:ZMyBot,4,0,0,4,0,4,
SakkirinaSolo_vs_ZMyBot,19,LEFT_B,4,8909566235700597466,grpc:ZMyBot,SakkirinaSolo,0,4,0,4,0,4,
SakkirinaSolo_vs_ZMyBot,20,LEFT_A,4,16976808768262760469,SakkirinaSolo,grpc:ZMyBot,4,0,0,4,0,4,
SakkirinaSolo_vs_ZMyBot,20,LEFT_B,4,3109846999815624411,grpc:ZMyBot,SakkirinaSolo,0,4,0,4,0,4,
SakkirinaSolo_vs_ZMyBot,21,LEFT_A,4,8077952191353131457,SakkirinaSolo,grpc:ZMyBot,4,0,0,4,0,4,
SakkirinaSolo_vs_ZMyBot,21,LEFT_B,4,12363039432228431322,grpc:ZMyBot,SakkirinaSolo,0,4,0,4,0,4,
SakkirinaSolo_vs_ZMyBot,22,LEFT_A,4,301404522442804586,SakkirinaSolo,grpc:ZMyBot,4,0,0,4,0,4,
SakkirinaSolo_vs_ZMyBot,22,LEFT_B,4,10670833837935836797,grpc:ZMyBot,SakkirinaSolo,1,3,0,3,1,4,
SakkirinaSolo_vs_ZMyBot,23,LEFT_A,4,7185313374678396675,SakkirinaSolo,grpc:ZMyBot,4,0,0,4,0,4,
SakkirinaSolo_vs_ZMyBot,23,LEFT_B,4,17672738115257107739,grpc:ZMyBot,SakkirinaSolo,0,4,0,4,0,4,
SakkirinaSolo_vs_ZMyBot,24,LEFT_A,4,7293376042782500497,SakkirinaSolo,grpc:ZMyBot,4,0,0,4,0,4,
SakkirinaSolo_vs_ZMyBot,24,LEFT_B,4,5599734196316284985,grpc:ZMyBot,SakkirinaSolo,0,4,0,4,0,4,
SakkirinaSolo_vs_ZMyBot,25,LEFT_A,4,7992619370814451995,SakkirinaSolo,grpc:ZMyBot,4,0,0,4,0,4,
SakkirinaSolo_vs_ZMyBot,25,LEFT_B,4,9075208780880664804,grpc:ZMyBot,SakkirinaSolo,0,4,0,4,0,4,
SakkirinaSolo_vs_ZMyBot,26,LEFT_A,4,13053268781672371500,SakkirinaSolo,grpc:ZMyBot,4,0,0,4,0,4,
SakkirinaSolo_vs_ZMyBot,26,LEFT_B,4,8353966325858559472,grpc:ZMyBot,SakkirinaSolo,0,4,0,4,0,4,
SakkirinaSolo_vs_ZMyBot,27,LEFT_A,4,4549767602021728830,SakkirinaSolo,grpc:ZMyBot,4,0,0,4,0,4,
SakkirinaSolo_vs_ZMyBot,27,LEFT_B,4,4898904434529745897,grpc:ZMyBot,SakkirinaSolo,0,4,0,4,0,4,
SakkirinaSolo_vs_ZMyBot,28,LEFT_A,4,11245011318494282095,SakkirinaSolo,grpc:ZMyBot,4,0,0,4,0,4,
SakkirinaSolo_vs_ZMyBot,28,LEFT_B,4,17380743787240993336,grpc:ZMyBot,SakkirinaSolo,0,4,0,4,0,4,
SakkirinaSolo_vs_ZMyBot,29,LEFT_A,4,3271336354565123930,SakkirinaSolo,grpc:ZMyBot,4,0,0,4,0,4,
SakkirinaSolo_vs_ZMyBot,29,LEFT_B,4,7144894987618734160,grpc:ZMyBot,SakkirinaSolo,0,4,0,4,0,4,
SakkirinaSolo_vs_ZMyBot,30,LEFT_A,4,17262913324658682355,SakkirinaSolo,grpc:ZMyBot,4,0,0,4,0,4,
SakkirinaSolo_vs_ZMyBot,30,LEFT_B,4,2373752621066668016,grpc:ZMyBot,SakkirinaSolo,0,4,0,4,0,4,
SakkirinaSolo_vs_ZMyBot,31,LEFT_A,4,16325331053919663305,SakkirinaSolo,grpc:ZMyBot,4,0,0,4,0,4,
SakkirinaSolo_vs_ZMyBot,31,LEFT_B,4,11143940613014384217,grpc:ZMyBot,SakkirinaSolo,1,3,0,3,1,4,
SakkirinaSolo_vs_ZMyBot,32,LEFT_A,4,8308653170720248512,SakkirinaSolo,grpc:ZMyBot,4,0,0,4,0,4,
SakkirinaSolo_vs_ZMyBot,32,LEFT_B,4,7640049009726155853,grpc:ZMyBot,SakkirinaSolo,0,4,0,4,0,4,
SakkirinaSolo_vs_ZMyBot,33,LEFT_A,4,13390907766436361830,SakkirinaSolo,grpc:ZMyBot,4,0,0,4,0,4,
SakkirinaSolo_vs_ZMyBot,33,LEFT_B,4,11840719838403970839,grpc:ZMyBot,SakkirinaSolo,0,4,0,4,0,4,
SakkirinaSolo_vs_ZMyBot,34,LEFT_A,4,14959143006089411070,SakkirinaSolo,grpc:ZMyBot,3,1,0,3,1,4,
SakkirinaSolo_vs_ZMyBot,34,LEFT_B,4,18134412230797240471,grpc:ZMyBot,SakkirinaSolo,0,4,0,4,0,4,
SakkirinaSolo_vs_ZMyBot,35,LEFT_A,4,17189020079895958876,SakkirinaSolo,grpc:ZMyBot,4,0,0,4,0,4,
SakkirinaSolo_vs_ZMyBot,35,LEFT_B,4,15265694686589087351,grpc:ZMyBot,SakkirinaSolo,1,3,0,3,1,4,
