pair_id,round_idx,side,runs,seed,left,right,p1_wins,p2_wins,draws,mapped_a_wins,mapped_b_wins,games,avg_ms
Sakkirina_vs_ZMyBot,0,LEFT_A,4,3252823615567916259,Sakkirina,grpc:ZMyBot,4,0,0,4,0,4,
Sakkirina_vs_ZMyBot,0,LEFT_B,4,12184360912169890270,grpc:ZMyBot,Sakkirina,0,4,0,4,0,4,
Sakkirina_vs_ZMyBot,1,LEFT_A,4,16563017617929051576,Sakkirina,grpc:ZMyBot,3,1,0,3,1,4,
Sakkirina_vs_ZMyBot,1,LEFT_B,4,15495376179984062282,grpc:ZMyBot,Sakkirina,0,4,0,4,0,4,
Sakkirina_vs_ZMyBot,2,LEFT_A,4,4733326520132548279,Sakkirina,grpc:ZMyBot,4,0,0,4,0,4,
Sakkirina_vs_ZMyBot,2,LEFT_B,4,8032036635921523862,grpc:ZMyBot,Sakkirina,0,4,0,4,0,4,
Sakkirina_vs_ZMyBot,3,LEFT_A,4,16778266098034746242,Sakkirina,grpc:ZMyBot,4,0,0,4,0,4,
Sakkirina_vs_ZMyBot,3,LEFT_B,4,14378850086047662001,grpc:ZMyBot,Sakkirina,0,4,0,4,0,4,
Sakkirina_vs_ZMyBot,4,LEFT_A,4,14840844244830672971,Sakkirina,grpc:ZMyBot,4,0,0,4,0,4,
Sakkirina_vs_ZMyBot,4,LEFT_B,4,991550142225287890,grpc:ZMyBot,Sakkirina,0,4,0,4,0,4,
Sakkirina_vs_ZMyBot,5,LEFT_A,4,6804875107875854881,Sakkirina,grpc:ZMyBot,4,0,0,4,0,4,
Sakkirina_vs_ZMyBot,5,LEFT_B,4,4478574732237006913,grpc:ZMyBot,Sakkirina,0,4,0,4,0,4,
Sakkirina_vs_ZMyBot,6,LEFT_A,4,3584020570582161869,Sakkirina,grpc:ZMyBot,3,1,0,3,1,4,
Sakkirina_vs_ZMyBot,6,LEFT_B,4,13421752267545475863,grpc:ZMyBot,Sakkirina,0,4,0,4,0,4,
Sakkirina_vs_ZMyBot,7,LEFT_A,4,3617527234559774720,Sakkirina,grpc:ZMyBot,4,0,0,4,0,4,
Sakkirina_vs_ZMyBot,7,LEFT_B,4,14833500412423430367,grpc:ZMyBot,Sakkirina,0,4,0,4,0,4,
Sakkirina_vs_ZMyBot,8,LEFT_A,4,10693711870005067042,Sakkirina,grpc:ZMyBot,4,0,0,4,0,4,
Sakkirina_vs_ZMyBot,8,LEFT_B,4,9813386485434803588,grpc:ZMyBot,Sakkirina,0,4,0,4,0,4,
Sakkirina_vs_ZMyBot,9,LEFT_A,4,5880869739557223844,Sakkirina,grpc:ZMyBot,4,0,0,4,0,4,
Sakkirina_vs_ZMyBot,9,LEFT_B,4,7748501789938028484,grpc:ZMyBot,Sakkirina,0,4,0,4,0,4,
Sakkirina_vs_ZMyBot,10,LEFT_A,4,15743551887424469000,Sakkirina,grpc:ZMyBot,4,0,0,4,0,4,
Sakkirina_vs_ZMyBot,10,LEFT_B,4,4669331304627080502,grpc:ZMyBot,Sakkirina,0,4,0,4,0,4,
Sakkirina_vs_ZMyBot,11,LEFT_A,4,355149945797857503,Sakkirina,grpc:ZMyBot,3,1,0,3,1,4,
Sakkirina_vs_ZMyBot,11,LEFT_B,4,5462798750523220419,grpc:ZMyBot,Sakkirina,0,4,0,4,0,4,
Sakkirina_vs_ZMyBot,12,LEFT_A,4,4196315991548177156,Sakkirina,grpc:ZMyBot,4,0,0,4,0,4,
Sakkirina_vs_ZMyBot,12,LEFT_B,4,4013726994432460571,grpc:ZMyBot,Sakkirina,0,4,0,4,0,4,
Sakkirina_vs_ZMyBot,13,LEFT_A,4,8920180134455206964,Sakkirina,grpc:ZMyBot,4,0,0,4,0,4,
Sakkirina_vs_ZMyBot,13,LEFT_B,4,2070696758055992759,grpc:ZMyBot,Sakkirina,1,3,0,3,1,4,
Sakkirina_vs_ZMyBot,14,LEFT_A,4,12077159521035849348,Sakkirina,grpc:ZMyBot,4,0,0,4,0,4,
Sakkirina_vs_ZMyBot,14,LEFT_B,4,14405296985038151092,grpc:ZMyBot,Sakkirina,0,4,0,4,0,4,
Sakkirina_vs_ZMyBot,15,LEFT_A,4,4697775549064457495,Sakkirina,grpc:ZMyBot,4,0,0,4,0,4,
Sakkirina_vs_ZMyBot,15,LEFT_B,4,12492968912748591646,grpc:ZMyBot,Sakkirina,0,4,0,4,0,4,
Sakkirina_vs_ZMyBot,16,LEFT_A,4,13302811202889766924,Sakkirina,grpc:ZMyBot,4,0,0,4,0,4,
Sakkirina_vs_ZMyBot,16,LEFT_B,4,12412755834083070951,grpc:ZMyBot,Sakkirina,0,4,0,4,0,4,
Sakkirina_vs_ZMyBot,17,LEFT_A,4,5830555999072321322,Sakkirina,grpc:ZMyBot,4,0,0,4,0,4,
Sakkirina_vs_ZMyBot,17,LEFT_B,4,12019555045255606742,grpc:ZMyBot,Sakkirina,0,4,0,4,0,4,
Sakkirina_vs_ZMyBot,18,LEFT_A,4,9639727182677727007,Sakkirina,grpc:ZMyBot,4,0,0,4,0,4,
Sakkirina_vs_ZMyBot,18,LEFT_B,4,7533818770160763483,grpc:ZMyBot,Sakkirina,0,4,0,4,0,4,
Sakkirina_vs_ZMyBot,19,LEFT_A,4,12500775376794543552,Sakkirina,grpc:ZMyBot,4,0,0,4,0,4,
Sakkirina_vs_ZMyBot,19,LEFT_B,4,9241055776460495650,grpc:ZMyBot,Sakkirina,0,4,0,4,0,4,
Sakkirina_vs_ZMyBot,20,LEFT_A,4,1853900520035257946,Sakkirina,grpc:ZMyBot,4,0,0,4,0,4,
Sakkirina_vs_ZMyBot,20,LEFT_B,4,9575602307511180366,grpc:ZMyBot,Sakkirina,1,3,0,3,1,4,
Sakkirina_vs_ZMyBot,21,LEFT_A,4,10637778421444403049,Sakkirina,grpc:ZMyBot,4,0,0,4,0,4,
Sakkirina_vs_ZMyBot,21,LEFT_B,4,16254826580986197477,grpc:ZMyBot,Sakkirina,0,4,0,4,0,4,
Sakkirina_vs_ZMyBot,22,LEFT_A,4,10367724847580465031,Sakkirina,grpc:ZMyBot,4,0,0,4,0,4,
Sakkirina_vs_ZMyBot,22,LEFT_B,4,8182685266337189677,grpc:ZMyBot,Sakkirina,0,4,0,4,0,4,
Sakkirina_vs_ZMyBot,23,LEFT_A,4,8738568292551688038,Sakkirina,grpc:ZMyBot,4,0,0,4,0,4,
Sakkirina_vs_ZMyBot,23,LEFT_B,4,15061246369041861876,grpc:ZMyBot,Sakkirina,1,3,0,3,1,4,
Sakkirina_vs_ZMyBot,24,LEFT_A,4,5040838355229961884,Sakkirina,grpc:ZMyBot,4,0,0,4,0,4,
Sakkirina_vs_ZMyBot,24,LEFT_B,4,3955037161459700436,grpc:ZMyBot,Sakkirina,0,4,0,4,0,4,
Sakkirina_vs_ZMyBot,25,LEFT_A,4,12605067282882604922,Sakkirina,grpc:ZMyBot,4,0,0,4,0,4,
Sakkirina_vs_ZMyBot,25,LEFT_B,4,16386162691014063088,grpc:ZMyBot,Sakkirina,0,4,0,4,0,4,
Sakkirina_vs_ZMyBot,26,LEFT_A,4,8957332810040487588,Sakkirina,grpc:ZMyBot,4,0,0,4,0,4,
Sakkirina_vs_ZMyBot,26,LEFT_B,4,5117449224670665098,grpc:ZMyBot,Sakkirina,0,4,0,4,0,4,
Sakkirina_vs_ZMyBot,27,LEFT_A,4,11271622137196857107,Sakkirina,grpc:ZMyBot,3,1,0,3,1,4,
Sakkirina_vs_ZMyBot,27,LEFT_B,4,11703596181655875519,grpc:ZMyBot,Sakkirina,1,3,0,3,1,4,
Sakkirina_vs_ZMyBot,28,LEFT_A,4,238872101581244328,Sakkirina,grpc:ZMyBot,4,0,0,4,0,4,
Sakkirina_vs_ZMyBot,28,LEFT_B,4,4698594200657313402,grpc:ZMyBot,Sakkirina,1,3,0,3,1,4,
Sakkirina_vs_ZMyBot,29,LEFT_A,4,6712377083078854105,Sakkirina,grpc:ZMyBot,4,0,0,4,0,4,
Sakkirina_vs_ZMyBot,29,LEFT_B,4,10143620925770327626,grpc:ZMyBot,Sakkirina,0,4,0,4,0,4,
Sakkirina_vs_ZMyBot,30,LEFT_A,4,1342180248071923146,Sakkirina,grpc:ZMyBot,4,0,0,4,0,4,
Sakkirina_vs_ZMyBot,30,LEFT_B,4,10233021382388037504,grpc:ZMyBot,Sakkirina,0,4,0,4,0,4,
Sakkirina_vs_ZMyBot,31,LEFT_A,4,7336694908612551878,Sakkirina,grpc:ZMyBot,4,0,0,4,0,4,
Sakkirina_vs_ZMyBot,31,LEFT_B,4,14739897848451336975,grpc:ZMyBot,Sakkirina,0,4,0,4,0,4,
Sakkirina_vs_ZMyBot,32,LEFT_A,4,10526097132856550292,Sakkirina,grpc:ZMyBot,4,0,0,4,0,4,
Sakkirina_vs_ZMyBot,32,LEFT_B,4,17852303855873307744,grpc:ZMyBot,Sakkirina,1,3,0,3,1,4,
Sakkirina_vs_ZMyBot,33,LEFT_A,4,5510653602251295765,Sakkirina,grpc:ZMyBot,4,0,0,4,0,4,
Sakkirina_vs_ZMyBot,33,LEFT_B,4,4207584285862573945,grpc:ZMyBot,Sakkirina,1,3,0,3,1,4,
Sakkirina_vs_ZMyBot,34,LEFT_A,4,16410670113808286408,Sakkirina,grpc:ZMyBot,4,0,0,4,0,4,
Sakkirina_vs_ZMyBot,34,LEFT_B,4,2272494496631671582,grpc:ZMyBot,Sakkirina,0,4,0,4,0,4,
Sakkirina_vs_ZMyBot,35,LEFT_A,4,16432355935972644524,Sakkirina,grpc:ZMyBot,4,0,0,4,0,4,
Sakkirina_vs_ZMyBot,35,LEFT_B,4,9217140990247534080,grpc:ZMyBot,Sakkirina,0,4,0,4,0,4,
