pair_id,round_idx,side,runs,seed,left,right,p1_wins,p2_wins,draws,mapped_a_wins,mapped_b_wins,games,avg_ms
Sakkirina_vs_SakkirinaSolo,0,LEFT_A,4,9675195491732635626,Sakkirina,SakkirinaSolo,1,3,0,1,3,4,
Sakkirina_vs_SakkirinaSolo,0,LEFT_B,4,17624216897172079138,SakkirinaSolo,Sakkirina,1,3,0,3,1,4,
Sakkirina_vs_SakkirinaSolo,1,LEFT_A,4,7191544586229608177,Sakkirina,SakkirinaSolo,1,3,0,1,3,4,
Sakkirina_vs_SakkirinaSolo,1,LEFT_B,4,12496435432692990621,SakkirinaSolo,Sakkirina,1,3,0,3,1,4,
Sakkirina_vs_SakkirinaSolo,2,LEFT_A,4,6752808178899220169,Sakkirina,SakkirinaSolo,0,4,0,0,4,4,
Sakkirina_vs_SakkirinaSolo,2,LEFT_B,4,14608895299832865650,SakkirinaSolo,Sakkirina,2,2,0,2,2,4,
Sakkirina_vs_SakkirinaSolo,3,LEFT_A,4,11254832713401525333,Sakkirina,SakkirinaSolo,4,0,0,4,0,4,
Sakkirina_vs_SakkirinaSolo,3,LEFT_B,4,15494217155147647433,SakkirinaSolo,Sakkirina,3,1,0,1,3,4,
Sakkirina_vs_SakkirinaSolo,4,LEFT_A,4,12898175468667984885,Sakkirina,SakkirinaSolo,3,1,0,3,1,4,
Sakkirina_vs_SakkirinaSolo,4,LEFT_B,4,6784143767859939385,SakkirinaSolo,Sakkirina,4,0,0,0,4,4,
Sakkirina_vs_SakkirinaSolo,5,LEFT_A,4,11493550072636695743,Sakkirina,SakkirinaSolo,1,3,0,1,3,4,
Sakkirina_vs_SakkirinaSolo,5,LEFT_B,4,14183174756914047795,SakkirinaSolo,Sakkirina,3,1,0,1,3,4,
Sakkirina_vs_SakkirinaSolo,6,LEFT_A,4,1102408611829306700,Sakkirina,SakkirinaSolo,0,4,0,0,4,4,
Sakkirina_vs_SakkirinaSolo,6,LEFT_B,4,6691598397073681336,SakkirinaSolo,Sakkirina,3,1,0,1,3,4,
Sakkirina_vs_SakkirinaSolo,7,LEFT_A,4,15309654077322648932,Sakkirina,SakkirinaSolo,3,1,0,3,1,4,
Sakkirina_vs_SakkirinaSolo,7,LEFT_B,4,4242675355362467220,SakkirinaSolo,Sakkirina,3,1,0,1,3,4,
Sakkirina_vs_SakkirinaSolo,8,LEFT_A,4,7547763657826237477,Sakkirina,SakkirinaSolo,2,2,0,2,2,4,
Sakkirina_vs_SakkirinaSolo,8,LEFT_B,4,1578666010146574624,SakkirinaSolo,Sakkirina,4,0,0,0,4,4,
Sakkirina_vs_SakkirinaSolo,9,LEFT_A,4,5098217850408672218,Sakkirina,SakkirinaSolo,2,2,0,2,2,4,
Sakkirina_vs_SakkirinaSolo,9,LEFT_B,4,1023695339087930999,SakkirinaSolo,Sakkirina,4,0,0,0,4,4,
Sakkirina_vs_SakkirinaSolo,10,LEFT_A,4,12105127316824398914,Sakkirina,SakkirinaSolo,3,1,0,3,1,4,
Sakkirina_vs_SakkirinaSolo,10,LEFT_B,4,14266903682654974450,SakkirinaSolo,Sakkirina,3,1,0,1,3,4,
Sakkirina_vs_SakkirinaSolo,11,LEFT_A,4,14576890131144048418,Sakkirina,SakkirinaSolo,1,3,0,1,3,4,
Sakkirina_vs_SakkirinaSolo,11,LEFT_B,4,4439217986665688484,SakkirinaSolo,Sakkirina,3,1,0,1,3,4,
Sakkirina_vs_SakkirinaSolo,12,LEFT_A,4,12672465107327240889,Sakkirina,SakkirinaSolo,2,2,0,2,2,4,
Sakkirina_vs_SakkirinaSolo,12,LEFT_B,4,371930387649749774,SakkirinaSolo,Sakkirina,2,2,0,2,2,4,
Sakkirina_vs_SakkirinaSolo,13,LEFT_A,4,15221135052332708827,Sakkirina,SakkirinaSolo,2,2,0,2,2,4,
Sakkirina_vs_SakkirinaSolo,13,LEFT_B,4,2502462176631557443,SakkirinaSolo,Sakkirina,2,2,0,2,2,4,
Sakkirina_vs_SakkirinaSolo,14,LEFT_A,4,17340677521580412982,Sakkirina,SakkirinaSolo,3,1,0,3,1,4,
Sakkirina_vs_SakkirinaSolo,14,LEFT_B,4,7038723750831555371,SakkirinaSolo,Sakkirina,2,2,0,2,2,4,
Sakkirina_vs_SakkirinaSolo,15,LEFT_A,4,14935342403391122045,Sakkirina,SakkirinaSolo,4,0,0,4,0,4,
Sakkirina_vs_SakkirinaSolo,15,LEFT_B,4,1170660677647121089,SakkirinaSolo,Sakkirina,4,0,0,0,4,4,
Sakkirina_vs_SakkirinaSolo,16,LEFT_A,4,6937265671944582965,Sakkirina,SakkirinaSolo,4,0,0,4,0,4,
Sakkirina_vs_SakkirinaSolo,16,LEFT_B,4,4708666535822202838,SakkirinaSolo,Sakkirina,3,1,0,1,3,4,
Sakkirina_vs_SakkirinaSolo,17,LEFT_A,4,17038929162910829379,Sakkirina,SakkirinaSolo,1,3,0,1,3,4,
Sakkirina_vs_SakkirinaSolo,17,LEFT_B,4,3827945481108642714,SakkirinaSolo,Sakkirina,3,1,0,1,3,4,
Sakkirina_vs_SakkirinaSolo,18,LEFT_A,4,10694533982459060385,Sakkirina,SakkirinaSolo,1,3,0,1,3,4,
Sakkirina_vs_SakkirinaSolo,18,LEFT_B,4,17190177310086874559,SakkirinaSolo,Sakkirina,1,3,0,3,1,4,
Sakkirina_vs_SakkirinaSolo,19,LEFT_A,4,18041825995110016399,Sakkirina,SakkirinaSolo,4,0,0,4,0,4,
Sakkirina_vs_SakkirinaSolo,19,LEFT_B,4,2491244655516536077,SakkirinaSolo,Sakkirina,2,2,0,2,2,4,
Sakkirina_vs_SakkirinaSolo,20,LEFT_A,4,13389548480177777364,Sakkirina,SakkirinaSolo,1,3,0,1,3,4,
Sakkirina_vs_SakkirinaSolo,20,LEFT_B,4,3267105377312992037,SakkirinaSolo,Sakkirina,3,1,0,1,3,4,
Sakkirina_vs_SakkirinaSolo,21,LEFT_A,4,30332197776065895,Sakkirina,SakkirinaSolo,0,4,0,0,4,4,
Sakkirina_vs_SakkirinaSolo,21,LEFT_B,4,10424353892768686497,SakkirinaSolo,Sakkirina,3,1,0,1,3,4,
Sakkirina_vs_SakkirinaSolo,22,LEFT_A,4,13420181011270496981,Sakkirina,SakkirinaSolo,2,2,0,2,2,4,
Sakkirina_vs_SakkirinaSolo,22,LEFT_B,4,11180398121662463589,SakkirinaSolo,Sakkirina,4,0,0,0,4,4,
Sakkirina_vs_SakkirinaSolo,23,LEFT_A,4,16984228280746473933,Sakkirina,SakkirinaSolo,3,1,0,3,1,4,
Sakkirina_vs_SakkirinaSolo,23,LEFT_B,4,2086889351847742104,SakkirinaSolo,Sakkirina,2,2,0,2,2,4,
Sakkirina_vs_SakkirinaSolo,24,LEFT_A,4,6600100119953505860,Sakkirina,SakkirinaSolo,2,2,0,2,2,4,
Sakkirina_vs_SakkirinaSolo,24,LEFT_B,4,1588664099666705651,SakkirinaSolo,Sakkirina,3,1,0,1,3,4,
Sakkirina_vs_SakkirinaSolo,25,LEFT_A,4,15466492261293787297,Sakkirina,SakkirinaSolo,1,3,0,1,3,4,
Sakkirina_vs_SakkirinaSolo,25,LEFT_B,4,10854601143761055621,SakkirinaSolo,Sakkirina,3,1,0,1,3,4,
Sakkirina_vs_SakkirinaSolo,26,LEFT_A,4,4765383050582351038,Sakkirina,SakkirinaSolo,3,1,0,3,1,4,
Sakkirina_vs_SakkirinaSolo,26,LEFT_B,4,11569526813992439562,SakkirinaSolo,Sakkirina,3,1,0,1,3,4,
Sakkirina_vs_SakkirinaSolo,27,LEFT_A,4,6914192514473299807,Sakkirina,SakkirinaSolo,2,2,0,2,2,4,
Sakkirina_vs_SakkirinaSolo,27,LEFT_B,4,8475636604277929679,SakkirinaSolo,Sakkirina,2,2,0,2,2,4,
Sakkirina_vs_SakkirinaSolo,28,LEFT_A,4,8978660284855721307,Sakkirina,SakkirinaSolo,4,0,0,4,0,4,
Sakkirina_vs_SakkirinaSolo,28,LEFT_B,4,3030458130770253003,SakkirinaSolo,Sakkirina,2,2,0,2,2,4,
Sakkirina_vs_SakkirinaSolo,29,LEFT_A,4,9291919369765583313,Sakkirina,SakkirinaSolo,2,2,0,2,2,4,
Sakkirina_vs_SakkirinaSolo,29,LEFT_B,4,11362955492709464177,SakkirinaSolo,Sakkirina,4,0,0,0,4,4,
Sakkirina_vs_SakkirinaSolo,30,LEFT_A,4,9795774461733833140,Sakkirina,SakkirinaSolo,2,2,0,2,2,4,
Sakkirina_vs_SakkirinaSolo,30,LEFT_B,4,2996052443201752270,SakkirinaSolo,Sakkirina,2,2,0,2,2,4,
Sakkirina_vs_SakkirinaSolo,31,LEFT_A,4,14783038490222374082,Sakkirina,SakkirinaSolo,3,1,0,3,1,4,
Sakkirina_vs_SakkirinaSolo,31,LEFT_B,4,10451264465290141058,SakkirinaSolo,Sakkirina,3,1,0,1,3,4,
Sakkirina_vs_SakkirinaSolo,32,LEFT_A,4,15000475236853935394,Sakkirina,SakkirinaSolo,1,3,0,1,3,4,
Sakkirina_vs_SakkirinaSolo,32,LEFT_B,4,15616217642212819986,SakkirinaSolo,Sakkirina,4,0,0,0,4,4,
Sakkirina_vs_SakkirinaSolo,33,LEFT_A,4,11758992071027524644,Sakkirina,SakkirinaSolo,2,2,0,2,2,4,
Sakkirina_vs_SakkirinaSolo,33,LEFT_B,4,15215016068660449898,SakkirinaSolo,Sakkirina,4,0,0,0,4,4,
Sakkirina_vs_SakkirinaSolo,34,LEFT_A,4,10519653045655523806,Sakkirina,SakkirinaSolo,2,2,0,2,2,4,
Sakkirina_vs_SakkirinaSolo,34,LEFT_B,4,4643834033117505547,SakkirinaSolo,Sakkirina,3,1,0,1,3,4,
Sakkirina_vs_SakkirinaSolo,35,LEFT_A,4,4996186962359301366,Sakkirina,SakkirinaSolo,2,2,0,2,2,4,
Sakkirina_vs_SakkirinaSolo,35,LEFT_B,4,11165801655497055019,SakkirinaSolo,Sakkirina,3,1,0,1,3,4,
