pair_id,round_idx,side,runs,seed,left,right,p1_wins,p2_wins,draws,mapped_a_wins,mapped_b_wins,games,avg_ms
AIFBotMCTS_vs_HQL_Plus_BOT,0,LEFT_A,4,15560321390927752820,grpc:AIFBotMCTS,HQL_Plus_BOT,0,4,0,0,4,4,
AIFBotMCTS_vs_HQL_Plus_BOT,0,LEFT_B,4,11384645749880581879,HQL_Plus_BOT,grpc:AIFBotMCTS,3,1,0,1,3,4,
AIFBotMCTS_vs_HQL_Plus_BOT,1,LEFT_A,4,2713820430254087443,grpc:AIFBotMCTS,HQL_Plus_BOT,0,4,0,0,4,4,
AIFBotMCTS_vs_HQL_Plus_BOT,1,LEFT_B,4,10159328273510911382,HQL_Plus_BOT,grpc:AIFBotMCTS,4,0,0,0,4,4,
AIFBotMCTS_vs_HQL_Plus_BOT,2,LEFT_A,4,1402038737265378094,grpc:AIFBotMCTS,HQL_Plus_BOT,1,3,0,1,3,4,
AIFBotMCTS_vs_HQL_Plus_BOT,2,LEFT_B,4,252222296303225321,HQL_Plus_BOT,grpc:AIFBotMCTS,4,0,0,0,4,4,
AIFBotMCTS_vs_HQL_Plus_BOT,3,LEFT_A,4,1339380116237751263,grpc:AIFBotMCTS,HQL_Plus_BOT,1,3,0,1,3,4,
AIFBotMCTS_vs_HQL_Plus_BOT,3,LEFT_B,4,10586882549099393744,HQL_Plus_BOT,grpc:AIFBotMCTS,3,1,0,1,3,4,
AIFBotMCTS_vs_HQL_Plus_BOT,4,LEFT_A,4,13275502591417299372,grpc:AIFBotMCTS,HQL_Plus_BOT,3,1,0,3,1,4,
AIFBotMCTS_vs_HQL_Plus_BOT,4,LEFT_B,4,1932183416610787969,HQL_Plus_BOT,grpc:AIFBotMCTS,3,1,0,1,3,4,
AIFBotMCTS_vs_HQL_Plus_BOT,5,LEFT_A,4,5435706561675831870,grpc:AIFBotMCTS,HQL_Plus_BOT,3,1,0,3,1,4,
AIFBotMCTS_vs_HQL_Plus_BOT,5,LEFT_B,4,8711787346044296970,HQL_Plus_BOT,grpc:AIFBotMCTS,4,0,0,0,4,4,
AIFBotMCTS_vs_HQL_Plus_BOT,6,LEFT_A,4,183488689693614220,grpc:AIFBotMCTS,HQL_Plus_BOT,2,2,0,2,2,4,
AIFBotMCTS_vs_HQL_Plus_BOT,6,LEFT_B,4,16996494618630713203,HQL_Plus_BOT,grpc:AIFBotMCTS,3,1,0,1,3,4,
AIFBotMCTS_vs_HQL_Plus_BOT,7,LEFT_A,4,8277808682680732572,grpc:AIFBotMCTS,HQL_Plus_BOT,2,2,0,2,2,4,
AIFBotMCTS_vs_HQL_Plus_BOT,7,LEFT_B,4,6946684632271284545,HQL_Plus_BOT,grpc:AIFBotMCTS,4,0,0,0,4,4,
AIFBotMCTS_vs_HQL_Plus_BOT,8,LEFT_A,4,17350356048844602818,grpc:AIFBotMCTS,HQL_Plus_BOT,1,3,0,1,3,4,
AIFBotMCTS_vs_HQL_Plus_BOT,8,LEFT_B,4,5260311727854044854,HQL_Plus_BOT,grpc:AIFBotMCTS,2,2,0,2,2,4,
AIFBotMCTS_vs_HQL_Plus_BOT,9,LEFT_A,4,3911034474709846123,grpc:AIFBotMCTS,HQL_Plus_BOT,1,3,0,1,3,4,
AIFBotMCTS_vs_HQL_Plus_BOT,9,LEFT_B,4,12499470923952894439,HQL_Plus_BOT,grpc:AIFBotMCTS,4,0,0,0,4,4,
AIFBotMCTS_vs_HQL_Plus_BOT,10,LEFT_A,4,17116286179598868743,grpc:AIFBotMCTS,HQL_Plus_BOT,2,2,0,2,2,4,
AIFBotMCTS_vs_HQL_Plus_BOT,10,LEFT_B,4,1462408954879253841,HQL_Plus_BOT,grpc:AIFBotMCTS,4,0,0,0,4,4,
AIFBotMCTS_vs_HQL_Plus_BOT,11,LEFT_A,4,5271114224118066584,grpc:AIFBotMCTS,HQL_Plus_BOT,1,3,0,1,3,4,
AIFBotMCTS_vs_HQL_Plus_BOT,11,LEFT_B,4,4701125763975381882,HQL_Plus_BOT,grpc:AIFBotMCTS,4,0,0,0,4,4,
AIFBotMCTS_vs_HQL_Plus_BOT,12,LEFT_A,4,10994884830633893823,grpc:AIFBotMCTS,HQL_Plus_BOT,3,1,0,3,1,4,
AIFBotMCTS_vs_HQL_Plus_BOT,12,LEFT_B,4,12397070155843851543,HQL_Plus_BOT,grpc:AIFBotMCTS,4,0,0,0,4,4,
AIFBotMCTS_vs_HQL_Plus_BOT,13,LEFT_A,4,12081038297420594482,grpc:AIFBotMCTS,HQL_Plus_BOT,2,2,0,2,2,4,
AIFBotMCTS_vs_HQL_Plus_BOT,13,LEFT_B,4,16053734496099746790,HQL_Plus_BOT,grpc:AIFBotMCTS,2,2,0,2,2,4,
AIFBotMCTS_vs_HQL_Plus_BOT,14,LEFT_A,4,5177654866300229169,grpc:AIFBotMCTS,HQL_Plus_BOT,1,3,0,1,3,4,
AIFBotMCTS_vs_HQL_Plus_BOT,14,LEFT_B,4,16566145840453615862,HQL_Plus_BOT,grpc:AIFBotMCTS,4,0,0,0,4,4,
AIFBotMCTS_vs_HQL_Plus_BOT,15,LEFT_A,4,13846243898176940500,grpc:AIFBotMCTS,HQL_Plus_BOT,0,4,0,0,4,4,
AIFBotMCTS_vs_HQL_Plus_BOT,15,LEFT_B,4,13064342438338203533,HQL_Plus_BOT,grpc:AIFBotMCTS,1,3,0,3,1,4,
AIFBotMCTS_vs_HQL_Plus_BOT,16,LEFT_A,4,4485214922171612900,grpc:AIFBotMCTS,HQL_Plus_BOT,2,2,0,2,2,4,
AIFBotMCTS_vs_HQL_Plus_BOT,16,LEFT_B,4,18440616090481710976,HQL_Plus_BOT,grpc:AIFBotMCTS,2,2,0,2,2,4,
AIFBotMCTS_vs_HQL_Plus_BOT,17,LEFT_A,4,12471687679456375888,grpc:AIFBotMCTS,HQL_Plus_BOT,2,2,0,2,2,4,
AIFBotMCTS_vs_HQL_Plus_BOT,17,LEFT_B,4,1760803332617369801,HQL_Plus_BOT,grpc:AIFBotMCTS,4,0,0,0,4,4,
AIFBotMCTS_vs_HQL_Plus_BOT,18,LEFT_A,4,6940230958544169878,grpc:AIFBotMCTS,HQL_Plus_BOT,1,3,0,1,3,4,
AIFBotMCTS_vs_HQL_Plus_BOT,18,LEFT_B,4,7855671886688783769,HQL_Plus_BOT,grpc:AIFBotMCTS,3,1,0,1,3,4,
AIFBotMCTS_vs_HQL_Plus_BOT,19,LEFT_A,4,18282826943692906306,grpc:AIFBotMCTS,HQL_Plus_BOT,4,0,0,4,0,4,
AIFBotMCTS_vs_HQL_Plus_BOT,19,LEFT_B,4,12226649937017676394,HQL_Plus_BOT,grpc:AIFBotMCTS,2,2,0,2,2,4,
AIFBotMCTS_vs_HQL_Plus_BOT,20,LEFT_A,4,16172857737210802310,grpc:AIFBotMCTS,HQL_Plus_BOT,3,1,0,3,1,4,
AIFBotMCTS_vs_HQL_Plus_BOT,20,LEFT_B,4,12496421204935189044,HQL_Plus_BOT,grpc:AIFBotMCTS,4,0,0,0,4,4,
AIFBotMCTS_vs_HQL_Plus_BOT,21,LEFT_A,4,10269240455511602599,grpc:AIFBotMCTS,HQL_Plus_BOT,2,2,0,2,2,4,
AIFBotMCTS_vs_HQL_Plus_BOT,21,LEFT_B,4,6694886207167257386,HQL_Plus_BOT,grpc:AIFBotMCTS,3,1,0,1,3,4,
AIFBotMCTS_vs_HQL_Plus_BOT,22,LEFT_A,4,11883808277917272554,grpc:AIFBotMCTS,HQL_Plus_BOT,2,2,0,2,2,4,
AIFBotMCTS_vs_HQL_Plus_BOT,22,LEFT_B,4,11155013527940939774,HQL_Plus_BOT,grpc:AIFBotMCTS,4,0,0,0,4,4,
AIFBotMCTS_vs_HQL_Plus_BOT,23,LEFT_A,4,11914661538621940474,grpc:AIFBotMCTS,HQL_Plus_BOT,1,3,0,1,3,4,
AIFBotMCTS_vs_HQL_Plus_BOT,23,LEFT_B,4,2717158427393212247,HQL_Plus_BOT,grpc:AIFBotMCTS,3,1,0,1,3,4,
AIFBotMCTS_vs_HQL_Plus_BOT,24,LEFT_A,4,16324468615573339536,grpc:AIFBotMCTS,HQL_Plus_BOT,0,4,0,0,4,4,
AIFBotMCTS_vs_HQL_Plus_BOT,24,LEFT_B,4,5001044391033136728,HQL_Plus_BOT,grpc:AIFBotMCTS,3,1,0,1,3,4,
AIFBotMCTS_vs_HQL_Plus_BOT,25,LEFT_A,4,14206649767174520181,grpc:AIFBotMCTS,HQL_Plus_BOT,3,1,0,3,1,4,
AIFBotMCTS_vs_HQL_Plus_BOT,25,LEFT_B,4,15047748511721248564,HQL_Plus_BOT,grpc:AIFBotMCTS,3,1,0,1,3,4,
AIFBotMCTS_vs_HQL_Plus_BOT,26,LEFT_A,4,17011695914864555117,grpc:AIFBotMCTS,HQL_Plus_BOT,4,0,0,4,0,4,
AIFBotMCTS_vs_HQL_Plus_BOT,26,LEFT_B,4,635391182183466897,HQL_Plus_BOT,grpc:AIFBotMCTS,4,0,0,0,4,4,
AIFBotMCTS_vs_HQL_Plus_BOT,27,LEFT_A,4,9266609164443580410,grpc:AIFBotMCTS,HQL_Plus_BOT,3,1,0,3,1,4,
AIFBotMCTS_vs_HQL_Plus_BOT,27,LEFT_B,4,16537829739626490773,HQL_Plus_BOT,grpc:AIFBotMCTS,4,0,0,0,4,4,
AIFBotMCTS_vs_HQL_Plus_BOT,28,LEFT_A,4,12134839715338695811,grpc:AIFBotMCTS,HQL_Plus_BOT,2,2,0,2,2,4,
AIFBotMCTS_vs_HQL_Plus_BOT,28,LEFT_B,4,7923311709087499770,HQL_Plus_BOT,grpc:AIFBotMCTS,3,1,0,1,3,4,
AIFBotMCTS_vs_HQL_Plus_BOT,29,LEFT_A,4,11541120163177853267,grpc:AIFBotMCTS,HQL_Plus_BOT,2,2,0,2,2,4,
AIFBotMCTS_vs_HQL_Plus_BOT,29,LEFT_B,4,2191347857657327265,HQL_Plus_BOT,grpc:AIFBotMCTS,4,0,0,0,4,4,
AIFBotMCTS_vs_HQL_Plus_BOT,30,LEFT_A,4,707187189652596661,grpc:AIFBotMCTS,HQL_Plus_BOT,1,3,0,1,3,4,
AIFBotMCTS_vs_HQL_Plus_BOT,30,LEFT_B,4,16548994999540801018,HQL_Plus_BOT,grpc:AIFBotMCTS,4,0,0,0,4,4,
AIFBotMCTS_vs_HQL_Plus_BOT,31,LEFT_A,4,6697255674600089108,grpc:AIFBotMCTS,HQL_Plus_BOT,4,0,0,4,0,4,
AIFBotMCTS_vs_HQL_Plus_BOT,31,LEFT_B,4,8734824441789566851,HQL_Plus_BOT,grpc:AIFBotMCTS,4,0,0,0,4,4,
AIFBotMCTS_vs_HQL_Plus_BOT,32,LEFT_A,4,14771325557452718672,grpc:AIFBotMCTS,HQL_Plus_BOT,1,3,0,1,3,4,
AIFBotMCTS_vs_HQL_Plus_BOT,32,LEFT_B,4,19467558666491036,HQL_Plus_BOT,grpc:AIFBotMCTS,3,1,0,1,3,4,
AIFBotMCTS_vs_HQL_Plus_BOT,33,LEFT_A,4,10039542172424723574,grpc:AIFBotMCTS,HQL_Plus_BOT,2,2,0,2,2,4,
AIFBotMCTS_vs_HQL_Plus_BOT,33,LEFT_B,4,1197294744880785057,HQL_Plus_BOT,grpc:AIFBotMCTS,4,0,0,0,4,4,
AIFBotMCTS_vs_HQL_Plus_BOT,34,LEFT_A,4,12475721904285278208,grpc:AIFBotMCTS,HQL_Plus_BOT,3,1,0,3,1,4,
AIFBotMCTS_vs_HQL_Plus_BOT,34,LEFT_B,4,1119222830912891168,HQL_Plus_BOT,grpc:AIFBotMCTS,2,2,0,2,2,4,
AIFBotMCTS_vs_HQL_Plus_BOT,35,LEFT_A,4,12384553226731096481,grpc:AIFBotMCTS,HQL_Plus_BOT,2,2,0,2,2,4,
AIFBotMCTS_vs_HQL_Plus_BOT,35,LEFT_B,4,10013546360239910624,HQL_Plus_BOT,grpc:AIFBotMCTS,4,0,0,0,4,4,
