pair_id,round_idx,side,runs,seed,left,right,p1_wins,p2_wins,draws,mapped_a_wins,mapped_b_wins,games,avg_ms
AIFBotMCTS_vs_EBot_C,0,LEFT_A,4,10151174728047389960,grpc:AIFBotMCTS,EBot_C,3,1,0,3,1,4,
AIFBotMCTS_vs_EBot_C,0,LEFT_B,4,4403030713623248228,EBot_C,grpc:AIFBotMCTS,4,0,0,0,4,4,
AIFBotMCTS_vs_EBot_C,1,LEFT_A,4,16908751166734358036,grpc:AIFBotMCTS,EBot_C,3,1,0,3,1,4,
AIFBotMCTS_vs_EBot_C,1,LEFT_B,4,17704611581730053487,EBot_C,grpc:AIFBotMCTS,4,0,0,0,4,4,
AIFBotMCTS_vs_EBot_C,2,LEFT_A,4,3904678963934906341,grpc:AIFBotMCTS,EBot_C,3,1,0,3,1,4,
AIFBotMCTS_vs_EBot_C,2,LEFT_B,4,10614487031776091325,EBot_C,grpc:AIFBotMCTS,3,1,0,1,3,4,
AIFBotMCTS_vs_EBot_C,3,LEFT_A,4,12526638861297656412,grpc:AIFBotMCTS,EBot_C,3,1,0,3,1,4,
AIFBotMCTS_vs_EBot_C,3,LEFT_B,4,10760715986604325700,EBot_C,grpc:AIFBotMCTS,3,1,0,1,3,4,
AIFBotMCTS_vs_EBot_C,4,LEFT_A,4,1078840052057106203,grpc:AIFBotMCTS,EBot_C,3,1,0,3,1,4,
AIFBotMCTS_vs_EBot_C,4,LEFT_B,4,4577594537452407072,EBot_C,grpc:AIFBotMCTS,3,1,0,1,3,4,
AIFBotMCTS_vs_EBot_C,5,LEFT_A,4,731883588287364970,grpc:AIFBotMCTS,EBot_C,4,0,0,4,0,4,
AIFBotMCTS_vs_EBot_C,5,LEFT_B,4,15484379817330577401,EBot_C,grpc:AIFBotMCTS,4,0,0,0,4,4,
AIFBotMCTS_vs_EBot_C,6,LEFT_A,4,6813209909889648059,grpc:AIFBotMCTS,EBot_C,2,2,0,2,2,4,
AIFBotMCTS_vs_EBot_C,6,LEFT_B,4,16398558891872539012,EBot_C,grpc:AIFBotMCTS,2,2,0,2,2,4,
AIFBotMCTS_vs_EBot_C,7,LEFT_A,4,10606453555674088269,grpc:AIFBotMCTS,EBot_C,2,2,0,2,2,4,
AIFBotMCTS_vs_EBot_C,7,LEFT_B,4,15275846239557268160,EBot_C,grpc:AIFBotMCTS,3,1,0,1,3,4,
AIFBotMCTS_vs_EBot_C,8,LEFT_A,4,10127018419112421058,grpc:AIFBotMCTS,EBot_C,3,1,0,3,1,4,
AIFBotMCTS_vs_EBot_C,8,LEFT_B,4,10106253586764719217,EBot_C,grpc:AIFBotMCTS,3,1,0,1,3,4,
AIFBotMCTS_vs_EBot_C,9,LEFT_A,4,5736242194579043191,grpc:AIFBotMCTS,EBot_C,0,4,0,0,4,4,
AIFBotMCTS_vs_EBot_C,9,LEFT_B,4,17246568759359057396,EBot_C,grpc:AIFBotMCTS,3,1,0,1,3,4,
AIFBotMCTS_vs_EBot_C,10,LEFT_A,4,11151946498527193482,grpc:AIFBotMCTS,EBot_C,2,2,0,2,2,4,
AIFBotMCTS_vs_EBot_C,10,LEFT_B,4,2924551613667853746,EBot_C,grpc:AIFBotMCTS,3,1,0,1,3,4,
AIFBotMCTS_vs_EBot_C,11,LEFT_A,4,1592238442113615151,grpc:AIFBotMCTS,EBot_C,1,3,0,1,3,4,
AIFBotMCTS_vs_EBot_C,11,LEFT_B,4,14797286378100758346,EBot_C,grpc:AIFBotMCTS,3,1,0,1,3,4,
AIFBotMCTS_vs_EBot_C,12,LEFT_A,4,15835796286463095246,grpc:AIFBotMCTS,EBot_C,4,0,0,4,0,4,
AIFBotMCTS_vs_EBot_C,12,LEFT_B,4,15487950269205987963,EBot_C,grpc:AIFBotMCTS,3,1,0,1,3,4,
AIFBotMCTS_vs_EBot_C,13,LEFT_A,4,16256303313208151978,grpc:AIFBotMCTS,EBot_C,4,0,0,4,0,4,
AIFBotMCTS_vs_EBot_C,13,LEFT_B,4,6998685017301444938,EBot_C,grpc:AIFBotMCTS,3,1,0,1,3,4,
AIFBotMCTS_vs_EBot_C,14,LEFT_A,4,11542613594541435768,grpc:AIFBotMCTS,EBot_C,1,3,0,1,3,4,
AIFBotMCTS_vs_EBot_C,14,LEFT_B,4,16068403183620397171,EBot_C,grpc:AIFBotMCTS,2,2,0,2,2,4,
AIFBotMCTS_vs_EBot_C,15,LEFT_A,4,5794226828035139968,grpc:AIFBotMCTS,EBot_C,2,2,0,2,2,4,
AIFBotMCTS_vs_EBot_C,15,LEFT_B,4,594059189618065730,EBot_C,grpc:AIFBotMCTS,2,2,0,2,2,4,
AIFBotMCTS_vs_EBot_C,16,LEFT_A,4,10227597710417509873,grpc:AIFBotMCTS,EBot_C,2,2,0,2,2,4,
AIFBotMCTS_vs_EBot_C,16,LEFT_B,4,9139512101869856592,EBot_C,grpc:AIFBotMCTS,3,1,0,1,3,4,
AIFBotMCTS_vs_EBot_C,17,LEFT_A,4,14892204327313714966,grpc:AIFBotMCTS,EBot_C,2,2,0,2,2,4,
AIFBotMCTS_vs_EBot_C,17,LEFT_B,4,6072627213645095852,EBot_C,grpc:AIFBotMCTS,2,2,0,2,2,4,
AIFBotMCTS_vs_EBot_C,18,LEFT_A,4,18300275413986109122,grpc:AIFBotMCTS,EBot_C,1,3,0,1,3,4,
AIFBotMCTS_vs_EBot_C,18,LEFT_B,4,9770501251739591699,EBot_C,grpc:AIFBotMCTS,3,1,0,1,3,4,
AIFBotMCTS_vs_EBot_C,19,LEFT_A,4,2441408474997683863,grpc:AIFBotMCTS,EBot_C,2,2,0,2,2,4,
AIFBotMCTS_vs_EBot_C,19,LEFT_B,4,7964128908176988308,EBot_C,grpc:AIFBotMCTS,4,0,0,0,4,4,
AIFBotMCTS_vs_EBot_C,20,LEFT_A,4,8984835804147415271,grpc:AIFBotMCTS,EBot_C,3,1,0,3,1,4,
AIFBotMCTS_vs_EBot_C,20,LEFT_B,4,7715313147992041791,EBot_C,grpc:AIFBotMCTS,2,2,0,2,2,4,
AIFBotMCTS_vs_EBot_C,21,LEFT_A,4,9081638707758663285,grpc:AIFBotMCTS,EBot_C,4,0,0,4,0,4,
AIFBotMCTS_vs_EBot_C,21,LEFT_B,4,10320029244659375900,EBot_C,grpc:AIFBotMCTS,4,0,0,0,4,4,
AIFBotMCTS_vs_EBot_C,22,LEFT_A,4,18351413704391776469,grpc:AIFBotMCTS,EBot_C,2,2,0,2,2,4,
AIFBotMCTS_vs_EBot_C,22,LEFT_B,4,2361475090129260880,EBot_C,grpc:AIFBotMCTS,3,1,0,1,3,4,
AIFBotMCTS_vs_EBot_C,23,LEFT_A,4,4785625219166564045,grpc:AIFBotMCTS,EBot_C,3,1,0,3,1,4,
AIFBotMCTS_vs_EBot_C,23,LEFT_B,4,14813971727590600972,EBot_C,grpc:AIFBotMCTS,3,1,0,1,3,4,
AIFBotMCTS_vs_EBot_C,24,LEFT_A,4,14838197865227890979,grpc:AIFBotMCTS,EBot_C,2,2,0,2,2,4,
AIFBotMCTS_vs_EBot_C,24,LEFT_B,4,8189234208819225902,EBot_C,grpc:AIFBotMCTS,2,2,0,2,2,4,
AIFBotMCTS_vs_EBot_C,25,LEFT_A,4,7779981885432169206,grpc:AIFBotMCTS,EBot_C,2,2,0,2,2,4,
AIFBotMCTS_vs_EBot_C,25,LEFT_B,4,4723255012663292802,EBot_C,grpc:AIFBotMCTS,3,1,0,1,3,4,
AIFBotMCTS_vs_EBot_C,26,LEFT_A,4,465206652564865182,grpc:AIFBotMCTS,EBot_C,3,1,0,3,1,4,
AIFBotMCTS_vs_EBot_C,26,LEFT_B,4,7498300535418949640,EBot_C,grpc:AIFBotMCTS,3,1,0,1,3,4,
AIFBotMCTS_vs_EBot_C,27,LEFT_A,4,7378846178334493600,grpc:AIFBotMCTS,EBot_C,2,2,0,2,2,4,
AIFBotMCTS_vs_EBot_C,27,LEFT_B,4,4295401072007151628,EBot_C,grpc:AIFBotMCTS,2,2,0,2,2,4,
AIFBotMCTS_vs_EBot_C,28,LEFT_A,4,5855620396159673457,grpc:AIFBotMCTS,EBot_C,2,2,0,2,2,4,
AIFBotMCTS_vs_EBot_C,28,LEFT_B,4,274988426481579907,EBot_C,grpc:AIFBotMCTS,2,2,0,2,2,4,
AIFBotMCTS_vs_EBot_C,29,LEFT_A,4,8464136597866298014,grpc:AIFBotMCTS,EBot_C,3,1,0,3,1,4,
AIFBotMCTS_vs_EBot_C,29,LEFT_B,4,8523812119057554134,EBot_C,grpc:AIFBotMCTS,3,1,0,1,3,4,
AIFBotMCTS_vs_EBot_C,30,LEFT_A,4,11919639791033364388,grpc:AIFBotMCTS,EBot_C,3,1,0,3,1,4,
AIFBotMCTS_vs_EBot_C,30,LEFT_B,4,12059946214369806550,EBot_C,grpc:AIFBotMCTS,4,0,0,0,4,4,
AIFBotMCTS_vs_EBot_C,31,LEFT_A,4,5375811054211746607,grpc:AIFBotMCTS,EBot_C,3,1,0,3,1,4,
AIFBotMCTS_vs_EBot_C,31,LEFT_B,4,14459679094600783387,EBot_C,grpc:AIFBotMCTS,3,1,0,1,3,4,
AIFBotMCTS_vs_EBot_C,32,LEFT_A,4,12872151878457340092,grpc:AIFBotMCTS,EBot_C,1,3,0,1,3,4,
AIFBotMCTS_vs_EBot_C,32,LEFT_B,4,8261435111263440912,EBot_C,grpc:AIFBotMCTS,3,1,0,1,3,4,
AIFBotMCTS_vs_EBot_C,33,LEFT_A,4,16612565401014966466,grpc:AIFBotMCTS,EBot_C,3,1,0,3,1,4,
AIFBotMCTS_vs_EBot_C,33,LEFT_B,4,8675432360528137694,EBot_C,grpc:AIFBotMCTS,4,0,0,0,4,4,
AIFBotMCTS_vs_EBot_C,34,LEFT_A,4,9614211020603249485,grpc:AIFBotMCTS,EBot_C,2,2,0,2,2,4,
AIFBotMCTS_vs_EBot_C,34,LEFT_B,4,1716537852864200377,EBot_C,grpc:AIFBotMCTS,4,0,0,0,4,4,
AIFBotMCTS_vs_EBot_C,35,LEFT_A,4,5671052292312932542,grpc:AIFBotMCTS,EBot_C,2,2,0,2,2,4,
AIFBotMCTS_vs_EBot_C,35,LEFT_B,4,11314633107561912787,EBot_C,grpc:AIFBotMCTS,3,1,0,1,3,4,
