pair_id,round_idx,side,runs,seed,left,right,p1_wins,p2_wins,draws,mapped_a_wins,mapped_b_wins,games,avg_ms
AIFBotMCTS_vs_SakkirinaSolo,0,LEFT_A,4,3542208703405019602,grpc:AIFBotMCTS,SakkirinaSolo,3,1,0,3,1,4,
AIFBotMCTS_vs_SakkirinaSolo,0,LEFT_B,4,1908792216267239884,SakkirinaSolo,grpc:AIFBotMCTS,4,0,0,0,4,4,
AIFBotMCTS_vs_SakkirinaSolo,1,LEFT_A,4,12643349812904540995,grpc:AIFBotMCTS,SakkirinaSolo,2,2,0,2,2,4,
AIFBotMCTS_vs_SakkirinaSolo,1,LEFT_B,4,5878270435634799507,SakkirinaSolo,grpc:AIFBotMCTS,3,1,0,1,3,4,
AIFBotMCTS_vs_SakkirinaSolo,2,LEFT_A,4,13883847360846449640,grpc:AIFBotMCTS,SakkirinaSolo,3,1,0,3,1,4,
AIFBotMCTS_vs_SakkirinaSolo,2,LEFT_B,4,14050472591940949497,SakkirinaSolo,grpc:AIFBotMCTS,3,1,0,1,3,4,
AIFBotMCTS_vs_SakkirinaSolo,3,LEFT_A,4,13813621130481516311,grpc:AIFBotMCTS,SakkirinaSolo,2,2,0,2,2,4,
AIFBotMCTS_vs_SakkirinaSolo,3,LEFT_B,4,17973576236494009063,SakkirinaSolo,grpc:AIFBotMCTS,4,0,0,0,4,4,
AIFBotMCTS_vs_SakkirinaSolo,4,LEFT_A,4,957550291994710894,grpc:AIFBotMCTS,SakkirinaSolo,1,3,0,1,3,4,
AIFBotMCTS_vs_SakkirinaSolo,4,LEFT_B,4,13139380557143166342,SakkirinaSolo,grpc:AIFBotMCTS,4,0,0,0,4,4,
AIFBotMCTS_vs_SakkirinaSolo,5,LEFT_A,4,16644522723585167760,grpc:AIFBotMCTS,SakkirinaSolo,4,0,0,4,0,4,
AIFBotMCTS_vs_SakkirinaSolo,5,LEFT_B,4,3974438663893377717,SakkirinaSolo,grpc:AIFBotMCTS,4,0,0,0,4,4,
AIFBotMCTS_vs_SakkirinaSolo,6,LEFT_A,4,12259899263874626862,grpc:AIFBotMCTS,SakkirinaSolo,2,2,0,2,2,4,
AIFBotMCTS_vs_SakkirinaSolo,6,LEFT_B,4,15785892756814143715,SakkirinaSolo,grpc:AIFBotMCTS,4,0,0,0,4,4,
AIFBotMCTS_vs_SakkirinaSolo,7,LEFT_A,4,5385472651935644934,grpc:AIFBotMCTS,SakkirinaSolo,1,3,0,1,3,4,
AIFBotMCTS_vs_SakkirinaSolo,7,LEFT_B,4,4262552461237445675,SakkirinaSolo,grpc:AIFBotMCTS,4,0,0,0,4,4,
AIFBotMCTS_vs_SakkirinaSolo,8,LEFT_A,4,5210987567938153583,grpc:AIFBotMCTS,SakkirinaSolo,0,4,0,0,4,4,
AIFBotMCTS_vs_SakkirinaSolo,8,LEFT_B,4,10742868240150222088,SakkirinaSolo,grpc:AIFBotMCTS,4,0,0,0,4,4,
AIFBotMCTS_vs_SakkirinaSolo,9,LEFT_A,4,10847922421525990973,grpc:AIFBotMCTS,SakkirinaSolo,2,2,0,2,2,4,
AIFBotMCTS_vs_SakkirinaSolo,9,LEFT_B,4,10440395087494003452,SakkirinaSolo,grpc:AIFBotMCTS,4,0,0,0,4,4,
AIFBotMCTS_vs_SakkirinaSolo,10,LEFT_A,4,1052155442310051420,grpc:AIFBotMCTS,SakkirinaSolo,4,0,0,4,0,4,
AIFBotMCTS_vs_SakkirinaSolo,10,LEFT_B,4,17488096543397248807,SakkirinaSolo,grpc:AIFBotMCTS,4,0,0,0,4,4,
AIFBotMCTS_vs_SakkirinaSolo,11,LEFT_A,4,13697712319382724732,grpc:AIFBotMCTS,SakkirinaSolo,0,4,0,0,4,4,
AIFBotMCTS_vs_SakkirinaSolo,11,LEFT_B,4,4691783887900033641,SakkirinaSolo,grpc:AIFBotMCTS,3,1,0,1,3,4,
AIFBotMCTS_vs_SakkirinaSolo,12,LEFT_A,4,9127199661642293396,grpc:AIFBotMCTS,SakkirinaSolo,2,2,0,2,2,4,
AIFBotMCTS_vs_SakkirinaSolo,12,LEFT_B,4,11098391932105462279,SakkirinaSolo,grpc:AIFBotMCTS,3,1,0,1,3,4,
AIFBotMCTS_vs_SakkirinaSolo,13,LEFT_A,4,2144901343438824431,grpc:AIFBotMCTS,SakkirinaSolo,1,3,0,1,3,4,
AIFBotMCTS_vs_SakkirinaSolo,13,LEFT_B,4,11972241475547145066,SakkirinaSolo,grpc:AIFBotMCTS,4,0,0,0,4,4,
AIFBotMCTS_vs_SakkirinaSolo,14,LEFT_A,4,2808743018853943314,grpc:AIFBotMCTS,SakkirinaSolo,2,2,0,2,2,4,
AIFBotMCTS_vs_SakkirinaSolo,14,LEFT_B,4,8027625272712128152,SakkirinaSolo,grpc:AIFBotMCTS,2,2,0,2,2,4,
AIFBotMCTS_vs_SakkirinaSolo,15,LEFT_A,4,14204949104108607315,grpc:AIFBotMCTS,SakkirinaSolo,2,2,0,2,2,4,
AIFBotMCTS_vs_SakkirinaSolo,15,LEFT_B,4,16483342075430434118,SakkirinaSolo,grpc:AIFBotMCTS,3,1,0,1,3,4,
AIFBotMCTS_vs_SakkirinaSolo,16,LEFT_A,4,14490330887009340955,grpc:AIFBotMCTS,SakkirinaSolo,0,4,0,0,4,4,
AIFBotMCTS_vs_SakkirinaSolo,16,LEFT_B,4,3767384989248167752,SakkirinaSolo,grpc:AIFBotMCTS,4,0,0,0,4,4,
AIFBotMCTS_vs_SakkirinaSolo,17,LEFT_A,4,12027338597291834482,grpc:AIFBotMCTS,SakkirinaSolo,2,2,0,2,2,4,
AIFBotMCTS_vs_SakkirinaSolo,17,LEFT_B,4,1064321253856040931,SakkirinaSolo,grpc:AIFBotMCTS,4,0,0,0,4,4,
AIFBotMCTS_vs_SakkirinaSolo,18,LEFT_A,4,6580889410596451264,grpc:AIFBotMCTS,SakkirinaSolo,3,1,0,3,1,4,
AIFBotMCTS_vs_SakkirinaSolo,18,LEFT_B,4,17132328380168509871,SakkirinaSolo,grpc:AIFBotMCTS,4,0,0,0,4,4,
AIFBotMCTS_vs_SakkirinaSolo,19,LEFT_A,4,6816856760624486234,grpc:AIFBotMCTS,SakkirinaSolo,2,2,0,2,2,4,
AIFBotMCTS_vs_SakkirinaSolo,19,LEFT_B,4,8197204272288383562,SakkirinaSolo,grpc:AIFBotMCTS,3,1,0,1,3,4,
AIFBotMCTS_vs_SakkirinaSolo,20,LEFT_A,4,6867008617629826806,grpc:AIFBotMCTS,SakkirinaSolo,1,3,0,1,3,4,
AIFBotMCTS_vs_SakkirinaSolo,20,LEFT_B,4,11026586864358873414,SakkirinaSolo,grpc:AIFBotMCTS,4,0,0,0,4,4,
AIFBotMCTS_vs_SakkirinaSolo,21,LEFT_A,4,18124356298195686149,grpc:AIFBotMCTS,SakkirinaSolo,2,2,0,2,2,4,
AIFBotMCTS_vs_SakkirinaSolo,21,LEFT_B,4,12747262230262220529,SakkirinaSolo,grpc:AIFBotMCTS,3,1,0,1,3,4,
AIFBotMCTS_vs_SakkirinaSolo,22,LEFT_A,4,12924308945271405832,grpc:AIFBotMCTS,SakkirinaSolo,0,4,0,0,4,4,
AIFBotMCTS_vs_SakkirinaSolo,22,LEFT_B,4,2948626700443853116,SakkirinaSolo,grpc:AIFBotMCTS,3,1,0,1,3,4,
AIFBotMCTS_vs_SakkirinaSolo,23,LEFT_A,4,4462968478388283750,grpc:AIFBotMCTS,SakkirinaSolo,1,3,0,1,3,4,
AIFBotMCTS_vs_SakkirinaSolo,23,LEFT_B,4,11167922290245046379,SakkirinaSolo,grpc:AIFBotMCTS,4,0,0,0,4,4,
AIFBotMCTS_vs_SakkirinaSolo,24,LEFT_A,4,10793971253140292350,grpc:AIFBotMCTS,SakkirinaSolo,2,2,0,2,2,4,
AIFBotMCTS_vs_SakkirinaSolo,24,LEFT_B,4,10230025136591522238,SakkirinaSolo,grpc:AIFBotMCTS,4,0,0,0,4,4,
AIFBotMCTS_vs_SakkirinaSolo,25,LEFT_A,4,559028110430677166,grpc:AIFBotMCTS,SakkirinaSolo,1,3,0,1,3,4,
AIFBotMCTS_vs_SakkirinaSolo,25,LEFT_B,4,5431837165153165201,SakkirinaSolo,grpc:AIFBotMCTS,4,0,0,0,4,4,
AIFBotMCTS_vs_SakkirinaSolo,26,LEFT_A,4,3088434290223628220,grpc:AIFBotMCTS,SakkirinaSolo,1,3,0,1,3,4,
AIFBotMCTS_vs_SakkirinaSolo,26,LEFT_B,4,10247775826375610394,SakkirinaSolo,grpc:AIFBotMCTS,4,0,0,0,4,4,
AIFBotMCTS_vs_SakkirinaSolo,27,LEFT_A,4,11189185581974414755,grpc:AIFBotMCTS,SakkirinaSolo,2,2,0,2,2,4,
AIFBotMCTS_vs_SakkirinaSolo,27,LEFT_B,4,17010252668804873885,SakkirinaSolo,grpc:AIFBotMCTS,3,1,0,1,3,4,
AIFBotMCTS_vs_SakkirinaSolo,28,LEFT_A,4,3011281035645246297,grpc:AIFBotMCTS,SakkirinaSolo,0,4,0,0,4,4,
AIFBotMCTS_vs_SakkirinaSolo,28,LEFT_B,4,9666874009279237490,SakkirinaSolo,grpc:AIFBotMCTS,3,1,0,1,3,4,
AIFBotMCTS_vs_SakkirinaSolo,29,LEFT_A,4,1664549421573347414,grpc:AIFBotMCTS,SakkirinaSolo,4,0,0,4,0,4,
AIFBotMCTS_vs_SakkirinaSolo,29,LEFT_B,4,7394324730056998818,SakkirinaSolo,grpc:AIFBotMCTS,4,0,0,0,4,4,
AIFBotMCTS_vs_SakkirinaSolo,30,LEFT_A,4,18408841806647865163,grpc:AIFBotMCTS,SakkirinaSolo,2,2,0,2,2,4,
AIFBotMCTS_vs_SakkirinaSolo,30,LEFT_B,4,15157576758049643724,SakkirinaSolo,grpc:AIFBotMCTS,1,3,0,3,1,4,
AIFBotMCTS_vs_SakkirinaSolo,31,LEFT_A,4,3776090455092803553,grpc:AIFBotMCTS,SakkirinaSolo,1,3,0,1,3,4,
AIFBotMCTS_vs_SakkirinaSolo,31,LEFT_B,4,18413402770618718543,SakkirinaSolo,grpc:AIFBotMCTS,4,0,0,0,4,4,
AIFBotMCTS_vs_SakkirinaSolo,32,LEFT_A,4,15969850271259559108,grpc:AIFBotMCTS,SakkirinaSolo,1,3,0,1,3,4,
AIFBotMCTS_vs_SakkirinaSolo,32,LEFT_B,4,18411664226646688766,SakkirinaSolo,grpc:AIFBotMCTS,4,0,0,0,4,4,
AIFBotMCTS_vs_SakkirinaSolo,33,LEFT_A,4,9916432427262203324,grpc:AIFBotMCTS,SakkirinaSolo,3,1,0,3,1,4,
AIFBotMCTS_vs_SakkirinaSolo,33,LEFT_B,4,14396874123830610640,SakkirinaSolo,grpc:AIFBotMCTS,3,1,0,1,3,4,
AIFBotMCTS_vs_SakkirinaSolo,34,LEFT_A,4,3305948614979002057,grpc:AIFBotMCTS,SakkirinaSolo,0,4,0,0,4,4,
AIFBotMCTS_vs_SakkirinaSolo,34,LEFT_B,4,16758908654183067756,SakkirinaSolo,grpc:AIFBotMCTS,3,1,0,1,3,4,
AIFBotMCTS_vs_SakkirinaSolo,35,LEFT_A,4,17827782341728074943,grpc:AIFBotMCTS,SakkirinaSolo,1,3,0,1,3,4,
AIFBotMCTS_vs_SakkirinaSolo,35,LEFT_B,4,5515330513301537560,SakkirinaSolo,grpc:AIFBotMCTS,3,1,0,1,3,4,
