pair_id,round_idx,side,runs,seed,left,right,p1_wins,p2_wins,draws,mapped_a_wins,mapped_b_wins,games,avg_ms
AIFBotMCTS_vs_Council_of_two_bot,0,LEFT_A,4,4989679853578484785,grpc:AIFBotMCTS,grpc:Council_of_two_bot,4,0,0,4,0,4,
AIFBotMCTS_vs_Council_of_two_bot,0,LEFT_B,4,4155216825820763228,grpc:Council_of_two_bot,grpc:AIFBotMCTS,1,3,0,3,1,4,
AIFBotMCTS_vs_Council_of_two_bot,1,LEFT_A,4,15689918228446184012,grpc:AIFBotMCTS,grpc:Council_of_two_bot,3,1,0,3,1,4,
AIFBotMCTS_vs_Council_of_two_bot,1,LEFT_B,4,5631399689482918945,grpc:Council_of_two_bot,grpc:AIFBotMCTS,0,4,0,4,0,4,
AIFBotMCTS_vs_Council_of_two_bot,2,LEFT_A,4,14907562461820891914,grpc:AIFBotMCTS,grpc:Council_of_two_bot,3,1,0,3,1,4,
AIFBotMCTS_vs_Council_of_two_bot,2,LEFT_B,4,8595951258630309389,grpc:Council_of_two_bot,grpc:AIFBotMCTS,2,2,0,2,2,4,
AIFBotMCTS_vs_Council_of_two_bot,3,LEFT_A,4,13629825043898739867,grpc:AIFBotMCTS,grpc:Council_of_two_bot,4,0,0,4,0,4,
AIFBotMCTS_vs_Council_of_two_bot,3,LEFT_B,4,2475053533659878121,grpc:Council_of_two_bot,grpc:AIFBotMCTS,3,1,0,1,3,4,
AIFBotMCTS_vs_Council_of_two_bot,4,LEFT_A,4,4891742029422745857,grpc:AIFBotMCTS,grpc:Council_of_two_bot,4,0,0,4,0,4,
AIFBotMCTS_vs_Council_of_two_bot,4,LEFT_B,4,164194946576800022,grpc:Council_of_two_bot,grpc:AIFBotMCTS,1,3,0,3,1,4,
AIFBotMCTS_vs_Council_of_two_bot,5,LEFT_A,4,8729594043494964291,grpc:AIFBotMCTS,grpc:Council_of_two_bot,4,0,0,4,0,4,
AIFBotMCTS_vs_Council_of_two_bot,5,LEFT_B,4,16194752307056864423,grpc:Council_of_two_bot,grpc:AIFBotMCTS,1,3,0,3,1,4,
AIFBotMCTS_vs_Council_of_two_bot,6,LEFT_A,4,6841510627601905327,grpc:AIFBotMCTS,grpc:Council_of_two_bot,4,0,0,4,0,4,
AIFBotMCTS_vs_Council_of_two_bot,6,LEFT_B,4,4859608611499144217,grpc:Council_of_two_bot,grpc:AIFBotMCTS,1,3,0,3,1,4,
AIFBotMCTS_vs_Council_of_two_bot,7,LEFT_A,4,2890219897548632326,grpc:AIFBotMCTS,grpc:Council_of_two_bot,3,1,0,3,1,4,
AIFBotMCTS_vs_Council_of_two_bot,7,LEFT_B,4,14787525656639528111,grpc:Council_of_two_bot,grpc:AIFBotMCTS,0,4,0,4,0,4,
AIFBotMCTS_vs_Council_of_two_bot,8,LEFT_A,4,10008959592916028145,grpc:AIFBotMCTS,grpc:Council_of_two_bot,2,2,0,2,2,4,
AIFBotMCTS_vs_Council_of_two_bot,8,LEFT_B,4,8219312040342968641,grpc:Council_of_two_bot,grpc:AIFBotMCTS,2,2,0,2,2,4,
AIFBotMCTS_vs_Council_of_two_bot,9,LEFT_A,4,8986710533696194134,grpc:AIFBotMCTS,grpc:Council_of_two_bot,4,0,0,4,0,4,
AIFBotMCTS_vs_Council_of_two_bot,9,LEFT_B,4,9498373047080407573,grpc:Council_of_two_bot,grpc:AIFBotMCTS,1,3,0,3,1,4,
AIFBotMCTS_vs_Council_of_two_bot,10,LEFT_A,4,10810569700555465318,grpc:AIFBotMCTS,grpc:Council_of_two_bot,4,0,0,4,0,4,
AIFBotMCTS_vs_Council_of_two_bot,10,LEFT_B,4,1882500049087876892,grpc:Council_of_two_bot,grpc:AIFBotMCTS,1,3,0,3,1,4,
AIFBotMCTS_vs_Council_of_two_bot,11,LEFT_A,4,5826827447427470363,grpc:AIFBotMCTS,grpc:Council_of_two_bot,4,0,0,4,0,4,
AIFBotMCTS_vs_Council_of_two_bot,11,LEFT_B,4,2041220187271291181,grpc:Council_of_two_bot,grpc:AIFBotMCTS,2,2,0,2,2,4,
AIFBotMCTS_vs_Council_of_two_bot,12,LEFT_A,4,15444907378851519339,grpc:AIFBotMCTS,grpc:Council_of_two_bot,2,2,0,2,2,4,
AIFBotMCTS_vs_Council_of_two_bot,12,LEFT_B,4,8640002720994605864,grpc:Council_of_two_bot,grpc:AIFBotMCTS,2,2,0,2,2,4,
AIFBotMCTS_vs_Council_of_two_bot,13,LEFT_A,4,5889468948643479183,grpc:AIFBotMCTS,grpc:Council_of_two_bot,4,0,0,4,0,4,
AIFBotMCTS_vs_Council_of_two_bot,13,LEFT_B,4,10501654612867359456,grpc:Council_of_two_bot,grpc:AIFBotMCTS,2,2,0,2,2,4,
AIFBotMCTS_vs_Council_of_two_bot,14,LEFT_A,4,2782171290853830421,grpc:AIFBotMCTS,grpc:Council_of_two_bot,3,1,0,3,1,4,
AIFBotMCTS_vs_Council_of_two_bot,14,LEFT_B,4,6487235958747945207,grpc:Council_of_two_bot,grpc:AIFBotMCTS,2,2,0,2,2,4,
AIFBotMCTS_vs_Council_of_two_bot,15,LEFT_A,4,5819961925286624538,grpc:AIFBotMCTS,grpc:Council_of_two_bot,2,2,0,2,2,4,
AIFBotMCTS_vs_Council_of_two_bot,15,LEFT_B,4,2801902548519421296,grpc:Council_of_two_bot,grpc:AIFBotMCTS,1,3,0,3,1,4,
AIFBotMCTS_vs_Council_of_two_bot,16,LEFT_A,4,7747495902349569086,grpc:AIFBotMCTS,grpc:Council_of_two_bot,4,0,0,4,0,4,
AIFBotMCTS_vs_Council_of_two_bot,16,LEFT_B,4,4194877179657198024,grpc:Council_of_two_bot,grpc:AIFBotMCTS,2,2,0,2,2,4,
AIFBotMCTS_vs_Council_of_two_bot,17,LEFT_A,4,12814307888693728587,grpc:AIFBotMCTS,grpc:Council_of_two_bot,3,1,0,3,1,4,
AIFBotMCTS_vs_Council_of_two_bot,17,LEFT_B,4,13246145511620026148,grpc:Council_of_two_bot,grpc:AIFBotMCTS,1,3,0,3,1,4,
AIFBotMCTS_vs_Council_of_two_bot,18,LEFT_A,4,18037296536122773864,grpc:AIFBotMCTS,grpc:Council_of_two_bot,2,2,0,2,2,4,
AIFBotMCTS_vs_Council_of_two_bot,18,LEFT_B,4,1231740157357640688,grpc:Council_of_two_bot,grpc:AIFBotMCTS,0,4,0,4,0,4,
AIFBotMCTS_vs_Council_of_two_bot,19,LEFT_A,4,15840752780344088474,grpc:AIFBotMCTS,grpc:Council_of_two_bot,3,1,0,3,1,4,
AIFBotMCTS_vs_Council_of_two_bot,19,LEFT_B,4,10313329258686775778,grpc:Council_of_two_bot,grpc:AIFBotMCTS,1,3,0,3,1,4,
AIFBotMCTS_vs_Council_of_two_bot,20,LEFT_A,4,15146561859788037219,grpc:AIFBotMCTS,grpc:Council_of_two_bot,4,0,0,4,0,4,
AIFBotMCTS_vs_Council_of_two_bot,20,LEFT_B,4,4460643375225076101,grpc:Council_of_two_bot,grpc:AIFBotMCTS,1,3,0,3,1,4,
AIFBotMCTS_vs_Council_of_two_bot,21,LEFT_A,4,15015283579953558782,grpc:AIFBotMCTS,grpc:Council_of_two_bot,3,1,0,3,1,4,
AIFBotMCTS_vs_Council_of_two_bot,21,LEFT_B,4,16053624429796807363,grpc:Council_of_two_bot,grpc:AIFBotMCTS,0,4,0,4,0,4,
AIFBotMCTS_vs_Council_of_two_bot,22,LEFT_A,4,10503913577498123924,grpc:AIFBotMCTS,grpc:Council_of_two_bot,4,0,0,4,0,4,
AIFBotMCTS_vs_Council_of_two_bot,22,LEFT_B,4,13384617980172150938,grpc:Council_of_two_bot,grpc:AIFBotMCTS,1,3,0,3,1,4,
AIFBotMCTS_vs_Council_of_two_bot,23,LEFT_A,4,4985668921749748293,grpc:AIFBotMCTS,grpc:Council_of_two_bot,4,0,0,4,0,4,
AIFBotMCTS_vs_Council_of_two_bot,23,LEFT_B,4,10647032717256153217,grpc:Council_of_two_bot,grpc:AIFBotMCTS,2,2,0,2,2,4,
AIFBotMCTS_vs_Council_of_two_bot,24,LEFT_A,4,14383889811468317174,grpc:AIFBotMCTS,grpc:Council_of_two_bot,4,0,0,4,0,4,
AIFBotMCTS_vs_Council_of_two_bot,24,LEFT_B,4,14934572099659212960,grpc:Council_of_two_bot,grpc:AIFBotMCTS,2,2,0,2,2,4,
AIFBotMCTS_vs_Council_of_two_bot,25,LEFT_A,4,8413477279171068193,grpc:AIFBotMCTS,grpc:Council_of_two_bot,2,2,0,2,2,4,
AIFBotMCTS_vs_Council_of_two_bot,25,LEFT_B,4,9878116945715867895,grpc:Council_of_two_bot,grpc:AIFBotMCTS,0,4,0,4,0,4,
AIFBotMCTS_vs_Council_of_two_bot,26,LEFT_A,4,1088858708544544178,grpc:AIFBotMCTS,grpc:Council_of_two_bot,1,3,0,1,3,4,
AIFBotMCTS_vs_Council_of_two_bot,26,LEFT_B,4,16753756353691936267,grpc:Council_of_two_bot,grpc:AIFBotMCTS,2,2,0,2,2,4,
AIFBotMCTS_vs_Council_of_two_bot,27,LEFT_A,4,1973401545236160994,grpc:AIFBotMCTS,grpc:Council_of_two_bot,4,0,0,4,0,4,
AIFBotMCTS_vs_Council_of_two_bot,27,LEFT_B,4,9553931995711517056,grpc:Council_of_two_bot,grpc:AIFBotMCTS,2,2,0,2,2,4,
AIFBotMCTS_vs_Council_of_two_bot,28,LEFT_A,4,807445001113965601,grpc:AIFBotMCTS,grpc:Council_of_two_bot,4,0,0,4,0,4,
AIFBotMCTS_vs_Council_of_two_bot,28,LEFT_B,4,2144299565496722771,grpc:Council_of_two_bot,grpc:AIFBotMCTS,0,4,0,4,0,4,
AIFBotMCTS_vs_Council_of_two_bot,29,LEFT_A,4,5674565723724155756,grpc:AIFBotMCTS,grpc:Council_of_two_bot,3,1,0,3,1,4,
AIFBotMCTS_vs_Council_of_two_bot,29,LEFT_B,4,2776509193348232922,grpc:Council_of_two_bot,grpc:AIFBotMCTS,1,3,0,3,1,4,
AIFBotMCTS_vs_Council_of_two_bot,30,LEFT_A,4,1078840234172558475,grpc:AIFBotMCTS,grpc:Council_of_two_bot,2,2,0,2,2,4,
AIFBotMCTS_vs_Council_of_two_bot,30,LEFT_B,4,8117397294853330505,grpc:Council_of_two_bot,grpc:AIFBotMCTS,2,2,0,2,2,4,
AIFBotMCTS_vs_Council_of_two_bot,31,LEFT_A,4,16020736384347675893,grpc:AIFBotMCTS,grpc:Council_of_two_bot,4,0,0,4,0,4,
AIFBotMCTS_vs_Council_of_two_bot,31,LEFT_B,4,16820162227702812306,grpc:Council_of_two_bot,grpc:AIFBotMCTS,0,4,0,4,0,4,
AIFBotMCTS_vs_Council_of_two_bot,32,LEFT_A,4,6614079039934156076,grpc:AIFBotMCTS,grpc:Council_of_two_bot,3,1,0,3,1,4,
AIFBotMCTS_vs_Council_of_two_bot,32,LEFT_B,4,14704975043411165319,grpc:Council_of_two_bot,grpc:AIFBotMCTS,2,2,0,2,2,4,
AIFBotMCTS_vs_Council_of_two_bot,33,LEFT_A,4,17503985983410381483,grpc:AIFBotMCTS,grpc:Council_of_two_bot,4,0,0,4,0,4,
AIFBotMCTS_vs_Council_of_two_bot,33,LEFT_B,4,15799106576885789950,grpc:Council_of_two_bot,grpc:AIFBotMCTS,1,3,0,3,1,4,
AIFBotMCTS_vs_Council_of_two_bot,34,LEFT_A,4,1232857782433738670,grpc:AIFBotMCTS,grpc:Council_of_two_bot,3,1,0,3,1,4,
AIFBotMCTS_vs_Council_of_two_bot,34,LEFT_B,4,4240892170899581378,grpc:Council_of_two_bot,grpc:AIFBotMCTS,3,1,0,1,3,4,
AIFBotMCTS_vs_Council_of_two_bot,35,LEFT_A,4,11423372169439643908,grpc:AIFBotMCTS,grpc:Council_of_two_bot,3,1,0,3,1,4,
AIFBotMCTS_vs_Council_of_two_bot,35,LEFT_B,4,7901483710457393145,grpc:Council_of_two_bot,grpc:AIFBotMCTS,2,2,0,2,2,4,
