pair_id,round_idx,side,runs,seed,left,right,p1_wins,p2_wins,draws,mapped_a_wins,mapped_b_wins,games,avg_ms
AIFBotMCTS_vs_BestMCTS3,0,LEFT_A,4,7884856464553472510,grpc:AIFBotMCTS,BestMCTS3,0,4,0,0,4,4,
AIFBotMCTS_vs_BestMCTS3,0,LEFT_B,4,10042724672008249831,BestMCTS3,grpc:AIFBotMCTS,4,0,0,0,4,4,
AIFBotMCTS_vs_BestMCTS3,1,LEFT_A,4,9703181981540956706,grpc:AIFBotMCTS,BestMCTS3,1,3,0,1,3,4,
AIFBotMCTS_vs_BestMCTS3,1,LEFT_B,4,8489739463719394394,BestMCTS3,grpc:AIFBotMCTS,2,2,0,2,2,4,
AIFBotMCTS_vs_BestMCTS3,2,LEFT_A,4,2104583388325214434,grpc:AIFBotMCTS,BestMCTS3,2,2,0,2,2,4,
AIFBotMCTS_vs_BestMCTS3,2,LEFT_B,4,16073026336537462429,BestMCTS3,grpc:AIFBotMCTS,2,2,0,2,2,4,
AIFBotMCTS_vs_BestMCTS3,3,LEFT_A,4,5074767909591518846,grpc:AIFBotMCTS,BestMCTS3,2,2,0,2,2,4,
AIFBotMCTS_vs_BestMCTS3,3,LEFT_B,4,17538824108230916896,BestMCTS3,grpc:AIFBotMCTS,3,1,0,1,3,4,
AIFBotMCTS_vs_BestMCTS3,4,LEFT_A,4,3711594936521388199,grpc:AIFBotMCTS,BestMCTS3,2,2,0,2,2,4,
AIFBotMCTS_vs_BestMCTS3,4,LEFT_B,4,2374317418392116067,BestMCTS3,grpc:AIFBotMCTS,4,0,0,0,4,4,
AIFBotMCTS_vs_BestMCTS3,5,LEFT_A,4,4904403293798689572,grpc:AIFBotMCTS,BestMCTS3,1,3,0,1,3,4,
AIFBotMCTS_vs_BestMCTS3,5,LEFT_B,4,2070466436805146866,BestMCTS3,grpc:AIFBotMCTS,3,1,0,1,3,4,
AIFBotMCTS_vs_BestMCTS3,6,LEFT_A,4,4014981324785235575,grpc:AIFBotMCTS,BestMCTS3,1,3,0,1,3,4,
AIFBotMCTS_vs_BestMCTS3,6,LEFT_B,4,13429476506147576975,BestMCTS3,grpc:AIFBotMCTS,4,0,0,0,4,4,
AIFBotMCTS_vs_BestMCTS3,7,LEFT_A,4,17623070945862836095,grpc:AIFBotMCTS,BestMCTS3,0,4,0,0,4,4,
AIFBotMCTS_vs_BestMCTS3,7,LEFT_B,4,1515048437141847699,BestMCTS3,grpc:AIFBotMCTS,3,1,0,1,3,4,
AIFBotMCTS_vs_BestMCTS3,8,LEFT_A,4,15772310416014530488,grpc:AIFBotMCTS,BestMCTS3,3,1,0,3,1,4,
AIFBotMCTS_vs_BestMCTS3,8,LEFT_B,4,16571251106263403066,BestMCTS3,grpc:AIFBotMCTS,3,1,0,1,3,4,
AIFBotMCTS_vs_BestMCTS3,9,LEFT_A,4,17304512782144347042,grpc:AIFBotMCTS,BestMCTS3,1,3,0,1,3,4,
AIFBotMCTS_vs_BestMCTS3,9,LEFT_B,4,9385407661425659881,BestMCTS3,grpc:AIFBotMCTS,2,2,0,2,2,4,
AIFBotMCTS_vs_BestMCTS3,10,LEFT_A,4,6091337824208109880,grpc:AIFBotMCTS,BestMCTS3,1,3,0,1,3,4,
AIFBotMCTS_vs_BestMCTS3,10,LEFT_B,4,18404086674734846645,BestMCTS3,grpc:AIFBotMCTS,3,1,0,1,3,4,
AIFBotMCTS_vs_BestMCTS3,11,LEFT_A,4,13875708682293180658,grpc:AIFBotMCTS,BestMCTS3,2,2,0,2,2,4,
AIFBotMCTS_vs_BestMCTS3,11,LEFT_B,4,5157340758031329883,BestMCTS3,grpc:AIFBotMCTS,4,0,0,0,4,4,
AIFBotMCTS_vs_BestMCTS3,12,LEFT_A,4,4396938572108917262,grpc:AIFBotMCTS,BestMCTS3,1,3,0,1,3,4,
AIFBotMCTS_vs_BestMCTS3,12,LEFT_B,4,1942987627558306797,BestMCTS3,grpc:AIFBotMCTS,2,2,0,2,2,4,
AIFBotMCTS_vs_BestMCTS3,13,LEFT_A,4,4327204757577885284,grpc:AIFBotMCTS,BestMCTS3,2,2,0,2,2,4,
AIFBotMCTS_vs_BestMCTS3,13,LEFT_B,4,9270291619809966747,BestMCTS3,grpc:AIFBotMCTS,4,0,0,0,4,4,
AIFBotMCTS_vs_BestMCTS3,14,LEFT_A,4,15298979948430759109,grpc:AIFBotMCTS,BestMCTS3,2,2,0,2,2,4,
AIFBotMCTS_vs_BestMCTS3,14,LEFT_B,4,16599486362183798211,BestMCTS3,grpc:AIFBotMCTS,3,1,0,1,3,4,
AIFBotMCTS_vs_BestMCTS3,15,LEFT_A,4,9136922916691756053,grpc:AIFBotMCTS,BestMCTS3,3,1,0,3,1,4,
AIFBotMCTS_vs_BestMCTS3,15,LEFT_B,4,5570311217970017058,BestMCTS3,grpc:AIFBotMCTS,2,2,0,2,2,4,
AIFBotMCTS_vs_BestMCTS3,16,LEFT_A,4,16833900779737702672,grpc:AIFBotMCTS,BestMCTS3,2,2,0,2,2,4,
AIFBotMCTS_vs_BestMCTS3,16,LEFT_B,4,12323917687980430992,BestMCTS3,grpc:AIFBotMCTS,3,1,0,1,3,4,
AIFBotMCTS_vs_BestMCTS3,17,LEFT_A,4,5996606687535471058,grpc:AIFBotMCTS,BestMCTS3,0,4,0,0,4,4,
AIFBotMCTS_vs_BestMCTS3,17,LEFT_B,4,3274746911571656418,BestMCTS3,grpc:AIFBotMCTS,2,2,0,2,2,4,
AIFBotMCTS_vs_BestMCTS3,18,LEFT_A,4,14383708700588157456,grpc:AIFBotMCTS,BestMCTS3,3,1,0,3,1,4,
AIFBotMCTS_vs_BestMCTS3,18,LEFT_B,4,2115618882053742909,BestMCTS3,grpc:AIFBotMCTS,3,1,0,1,3,4,
AIFBotMCTS_vs_BestMCTS3,19,LEFT_A,4,1073162609775396642,grpc:AIFBotMCTS,BestMCTS3,1,3,0,1,3,4,
AIFBotMCTS_vs_BestMCTS3,19,LEFT_B,4,1759173918330072111,BestMCTS3,grpc:AIFBotMCTS,3,1,0,1,3,4,
AIFBotMCTS_vs_BestMCTS3,20,LEFT_A,4,1253515034510377969,grpc:AIFBotMCTS,BestMCTS3,2,2,0,2,2,4,
AIFBotMCTS_vs_BestMCTS3,20,LEFT_B,4,6116750470255931978,BestMCTS3,grpc:AIFBotMCTS,4,0,0,0,4,4,
AIFBotMCTS_vs_BestMCTS3,21,LEFT_A,4,15347644072230229143,grpc:AIFBotMCTS,BestMCTS3,2,2,0,2,2,4,
AIFBotMCTS_vs_BestMCTS3,21,LEFT_B,4,7390435712153964901,BestMCTS3,grpc:AIFBotMCTS,4,0,0,0,4,4,
AIFBotMCTS_vs_BestMCTS3,22,LEFT_A,4,15474188518159250744,grpc:AIFBotMCTS,BestMCTS3,3,1,0,3,1,4,
AIFBotMCTS_vs_BestMCTS3,22,LEFT_B,4,15003001159106488158,BestMCTS3,grpc:AIFBotMCTS,4,0,0,0,4,4,
AIFBotMCTS_vs_BestMCTS3,23,LEFT_A,4,15457727378783819820,grpc:AIFBotMCTS,BestMCTS3,2,2,0,2,2,4,
AIFBotMCTS_vs_BestMCTS3,23,LEFT_B,4,7599334994698420402,BestMCTS3,grpc:AIFBotMCTS,2,2,0,2,2,4,
AIFBotMCTS_vs_BestMCTS3,24,LEFT_A,4,13696986488115804109,grpc:AIFBotMCTS,BestMCTS3,2,2,0,2,2,4,
AIFBotMCTS_vs_BestMCTS3,24,LEFT_B,4,17667586147738239016,BestMCTS3,grpc:AIFBotMCTS,3,1,0,1,3,4,
AIFBotMCTS_vs_BestMCTS3,25,LEFT_A,4,16197047435683015398,grpc:AIFBotMCTS,BestMCTS3,1,3,0,1,3,4,
AIFBotMCTS_vs_BestMCTS3,25,LEFT_B,4,15086998498188334332,BestMCTS3,grpc:AIFBotMCTS,3,1,0,1,3,4,
AIFBotMCTS_vs_BestMCTS3,26,LEFT_A,4,14650919116181764333,grpc:AIFBotMCTS,BestMCTS3,2,2,0,2,2,4,
AIFBotMCTS_vs_BestMCTS3,26,LEFT_B,4,9790092355811966284,BestMCTS3,grpc:AIFBotMCTS,4,0,0,0,4,4,
AIFBotMCTS_vs_BestMCTS3,27,LEFT_A,4,11471463905227886711,grpc:AIFBotMCTS,BestMCTS3,2,2,0,2,2,4,
AIFBotMCTS_vs_BestMCTS3,27,LEFT_B,4,16681019677254713955,BestMCTS3,grpc:AIFBotMCTS,4,0,0,0,4,4,
AIFBotMCTS_vs_BestMCTS3,28,LEFT_A,4,487970371145362746,grpc:AIFBotMCTS,BestMCTS3,2,2,0,2,2,4,
AIFBotMCTS_vs_BestMCTS3,28,LEFT_B,4,2965469054417148710,BestMCTS3,grpc:AIFBotMCTS,4,0,0,0,4,4,
AIFBotMCTS_vs_BestMCTS3,29,LEFT_A,4,7996962644435648045,grpc:AIFBotMCTS,BestMCTS3,1,3,0,1,3,4,
AIFBotMCTS_vs_BestMCTS3,29,LEFT_B,4,13931233120091567913,BestMCTS3,grpc:AIFBotMCTS,3,1,0,1,3,4,
AIFBotMCTS_vs_BestMCTS3,30,LEFT_A,4,6711816302993882120,grpc:AIFBotMCTS,BestMCTS3,0,4,0,0,4,4,
AIFBotMCTS_vs_BestMCTS3,30,LEFT_B,4,12316261057353039587,BestMCTS3,grpc:AIFBotMCTS,3,1,0,1,3,4,
AIFBotMCTS_vs_BestMCTS3,31,LEFT_A,4,4773733729158359660,grpc:AIFBotMCTS,BestMCTS3,2,2,0,2,2,4,
AIFBotMCTS_vs_BestMCTS3,31,LEFT_B,4,8969878707307344428,BestMCTS3,grpc:AIFBotMCTS,4,0,0,0,4,4,
AIFBotMCTS_vs_BestMCTS3,32,LEFT_A,4,4167883972378621784,grpc:AIFBotMCTS,BestMCTS3,2,2,0,2,2,4,
AIFBotMCTS_vs_BestMCTS3,32,LEFT_B,4,13265506056991713442,BestMCTS3,grpc:AIFBotMCTS,2,2,0,2,2,4,
AIFBotMCTS_vs_BestMCTS3,33,LEFT_A,4,1943693064096422857,grpc:AIFBotMCTS,BestMCTS3,2,2,0,2,2,4,
AIFBotMCTS_vs_BestMCTS3,33,LEFT_B,4,4270423958384972998,BestMCTS3,grpc:AIFBotMCTS,2,2,0,2,2,4,
AIFBotMCTS_vs_BestMCTS3,34,LEFT_A,4,5231790802308828532,grpc:AIFBotMCTS,BestMCTS3,2,2,0,2,2,4,
AIFBotMCTS_vs_BestMCTS3,34,LEFT_B,4,14725390400548069312,BestMCTS3,grpc:AIFBotMCTS,4,0,0,0,4,4,
AIFBotMCTS_vs_BestMCTS3,35,LEFT_A,4,17851811633783354699,grpc:AIFBotMCTS,BestMCTS3,2,2,0,2,2,4,
AIFBotMCTS_vs_BestMCTS3,35,LEFT_B,4,16125730456761236018,BestMCTS3,grpc:AIFBotMCTS,3,1,0,1,3,4,
