pair_id,round_idx,side,runs,seed,left,right,p1_wins,p2_wins,draws,mapped_a_wins,mapped_b_wins,games,avg_ms
AIFBotMCTS_vs_MaltheMCTS,0,LEFT_A,4,11278455058612222,grpc:AIFBotMCTS,MaltheMCTS,3,1,0,3,1,4,
AIFBotMCTS_vs_MaltheMCTS,0,LEFT_B,4,7155850259475899052,MaltheMCTS,grpc:AIFBotMCTS,0,4,0,4,0,4,
AIFBotMCTS_vs_MaltheMCTS,1,LEFT_A,4,642446699980726021,grpc:AIFBotMCTS,MaltheMCTS,4,0,0,4,0,4,
AIFBotMCTS_vs_MaltheMCTS,1,LEFT_B,4,1017381712240346677,MaltheMCTS,grpc:AIFBotMCTS,0,4,0,4,0,4,
AIFBotMCTS_vs_MaltheMCTS,2,LEFT_A,4,11349338098913392012,grpc:AIFBotMCTS,MaltheMCTS,4,0,0,4,0,4,
AIFBotMCTS_vs_MaltheMCTS,2,LEFT_B,4,9138269478708848361,MaltheMCTS,grpc:AIFBotMCTS,0,4,0,4,0,4,
AIFBotMCTS_vs_MaltheMCTS,3,LEFT_A,4,15417025538116816568,grpc:AIFBotMCTS,MaltheMCTS,2,2,0,2,2,4,
AIFBotMCTS_vs_MaltheMCTS,3,LEFT_B,4,7692255458623957088,MaltheMCTS,grpc:AIFBotMCTS,1,3,0,3,1,4,
AIFBotMCTS_vs_MaltheMCTS,4,LEFT_A,4,4870574952267771381,grpc:AIFBotMCTS,MaltheMCTS,4,0,0,4,0,4,
AIFBotMCTS_vs_MaltheMCTS,4,LEFT_B,4,4961882468961757753,MaltheMCTS,grpc:AIFBotMCTS,2,2,0,2,2,4,
AIFBotMCTS_vs_MaltheMCTS,5,LEFT_A,4,4809375736835971059,grpc:AIFBotMCTS,MaltheMCTS,4,0,0,4,0,4,
AIFBotMCTS_vs_MaltheMCTS,5,LEFT_B,4,10520586303634840722,MaltheMCTS,grpc:AIFBotMCTS,1,3,0,3,1,4,
AIFBotMCTS_vs_MaltheMCTS,6,LEFT_A,4,16268461781591083154,grpc:AIFBotMCTS,MaltheMCTS,3,1,0,3,1,4,
AIFBotMCTS_vs_MaltheMCTS,6,LEFT_B,4,10693564698652898134,MaltheMCTS,grpc:AIFBotMCTS,0,4,0,4,0,4,
AIFBotMCTS_vs_MaltheMCTS,7,LEFT_A,4,4730558161993575913,grpc:AIFBotMCTS,MaltheMCTS,3,1,0,3,1,4,
AIFBotMCTS_vs_MaltheMCTS,7,LEFT_B,4,18406196631003762297,MaltheMCTS,grpc:AIFBotMCTS,0,4,0,4,0,4,
AIFBotMCTS_vs_MaltheMCTS,8,LEFT_A,4,16749483286433704135,grpc:AIFBotMCTS,MaltheMCTS,4,0,0,4,0,4,
AIFBotMCTS_vs_MaltheMCTS,8,LEFT_B,4,16837154759706491815,MaltheMCTS,grpc:AIFBotMCTS,2,2,0,2,2,4,
AIFBotMCTS_vs_MaltheMCTS,9,LEFT_A,4,14236950550819321332,grpc:AIFBotMCTS,MaltheMCTS,4,0,0,4,0,4,
AIFBotMCTS_vs_MaltheMCTS,9,LEFT_B,4,11034601728416596906,MaltheMCTS,grpc:AIFBotMCTS,1,3,0,3,1,4,
AIFBotMCTS_vs_MaltheMCTS,10,LEFT_A,4,4297891283465921435,grpc:AIFBotMCTS,MaltheMCTS,3,1,0,3,1,4,
AIFBotMCTS_vs_MaltheMCTS,10,LEFT_B,4,7715800659695580937,MaltheMCTS,grpc:AIFBotMCTS,0,4,0,4,0,4,
AIFBotMCTS_vs_MaltheMCTS,11,LEFT_A,4,17954429687490784822,grpc:AIFBotMCTS,MaltheMCTS,4,0,0,4,0,4,
AIFBotMCTS_vs_MaltheMCTS,11,LEFT_B,4,2754060969512469235,MaltheMCTS,grpc:AIFBotMCTS,0,4,0,4,0,4,
AIFBotMCTS_vs_MaltheMCTS,12,LEFT_A,4,1052844987575153287,grpc:AIFBotMCTS,MaltheMCTS,4,0,0,4,0,4,
AIFBotMCTS_vs_MaltheMCTS,12,LEFT_B,4,17304387815021645323,MaltheMCTS,grpc:AIFBotMCTS,2,2,0,2,2,4,
AIFBotMCTS_vs_MaltheMCTS,13,LEFT_A,4,11948849996546784595,grpc:AIFBotMCTS,MaltheMCTS,3,1,0,3,1,4,
AIFBotMCTS_vs_MaltheMCTS,13,LEFT_B,4,713791737054103274,MaltheMCTS,grpc:AIFBotMCTS,0,4,0,4,0,4,
AIFBotMCTS_vs_MaltheMCTS,14,LEFT_A,4,11132690833149797679,grpc:AIFBotMCTS,MaltheMCTS,3,1,0,3,1,4,
AIFBotMCTS_vs_MaltheMCTS,14,LEFT_B,4,10720279444200250610,MaltheMCTS,grpc:AIFBotMCTS,0,4,0,4,0,4,
AIFBotMCTS_vs_MaltheMCTS,15,LEFT_A,4,11482467919007359200,grpc:AIFBotMCTS,MaltheMCTS,4,0,0,4,0,4,
AIFBotMCTS_vs_MaltheMCTS,15,LEFT_B,4,253656836136707538,MaltheMCTS,grpc:AIFBotMCTS,0,4,0,4,0,4,
AIFBotMCTS_vs_MaltheMCTS,16,LEFT_A,4,10895607478857177159,grpc:AIFBotMCTS,MaltheMCTS,4,0,0,4,0,4,
AIFBotMCTS_vs_MaltheMCTS,16,LEFT_B,4,7374684002551787721,MaltheMCTS,grpc:AIFBotMCTS,0,4,0,4,0,4,
AIFBotMCTS_vs_MaltheMCTS,17,LEFT_A,4,708660618441338034,grpc:AIFBotMCTS,MaltheMCTS,3,1,0,3,1,4,
AIFBotMCTS_vs_MaltheMCTS,17,LEFT_B,4,16438355251619556554,MaltheMCTS,grpc:AIFBotMCTS,0,4,0,4,0,4,
AIFBotMCTS_vs_MaltheMCTS,18,LEFT_A,4,15837214312407364387,grpc:AIFBotMCTS,MaltheMCTS,4,0,0,4,0,4,
AIFBotMCTS_vs_MaltheMCTS,18,LEFT_B,4,7294761898653867532,MaltheMCTS,grpc:AIFBotMCTS,1,3,0,3,1,4,
AIFBotMCTS_vs_MaltheMCTS,19,LEFT_A,4,9774364243010887674,grpc:AIFBotMCTS,MaltheMCTS,3,1,0,3,1,4,
AIFBotMCTS_vs_MaltheMCTS,19,LEFT_B,4,17208137544890987356,MaltheMCTS,grpc:AIFBotMCTS,0,4,0,4,0,4,
AIFBotMCTS_vs_MaltheMCTS,20,LEFT_A,4,16281605638341691500,grpc:AIFBotMCTS,MaltheMCTS,3,1,0,3,1,4,
AIFBotMCTS_vs_MaltheMCTS,20,LEFT_B,4,3737173539004185158,MaltheMCTS,grpc:AIFBotMCTS,1,3,0,3,1,4,
AIFBotMCTS_vs_MaltheMCTS,21,LEFT_A,4,3169867087304245244,grpc:AIFBotMCTS,MaltheMCTS,4,0,0,4,0,4,
AIFBotMCTS_vs_MaltheMCTS,21,LEFT_B,4,10459123763256762698,MaltheMCTS,grpc:AIFBotMCTS,1,3,0,3,1,4,
AIFBotMCTS_vs_MaltheMCTS,22,LEFT_A,4,15226697706298629039,grpc:AIFBotMCTS,MaltheMCTS,3,1,0,3,1,4,
AIFBotMCTS_vs_MaltheMCTS,22,LEFT_B,4,16399250702199135744,MaltheMCTS,grpc:AIFBotMCTS,1,3,0,3,1,4,
AIFBotMCTS_vs_MaltheMCTS,23,LEFT_A,4,1812397115947707932,grpc:AIFBotMCTS,MaltheMCTS,4,0,0,4,0,4,
AIFBotMCTS_vs_MaltheMCTS,23,LEFT_B,4,17528971367633409449,MaltheMCTS,grpc:AIFBotMCTS,0,4,0,4,0,4,
AIFBotMCTS_vs_MaltheMCTS,24,LEFT_A,4,10561645524682632186,grpc:AIFBotMCTS,MaltheMCTS,3,1,0,3,1,4,
AIFBotMCTS_vs_MaltheMCTS,24,LEFT_B,4,1721419872804584776,MaltheMCTS,grpc:AIFBotMCTS,0,4,0,4,0,4,
AIFBotMCTS_vs_MaltheMCTS,25,LEFT_A,4,1690565946002984601,grpc:AIFBotMCTS,MaltheMCTS,4,0,0,4,0,4,
AIFBotMCTS_vs_MaltheMCTS,25,LEFT_B,4,11868411385872119680,MaltheMCTS,grpc:AIFBotMCTS,1,3,0,3,1,4,
AIFBotMCTS_vs_MaltheMCTS,26,LEFT_A,4,16778759584220580210,grpc:AIFBotMCTS,MaltheMCTS,3,1,0,3,1,4,
AIFBotMCTS_vs_MaltheMCTS,26,LEFT_B,4,13324497489889161077,MaltheMCTS,grpc:AIFBotMCTS,0,4,0,4,0,4,
AIFBotMCTS_vs_MaltheMCTS,27,LEFT_A,4,16380736553816265703,grpc:AIFBotMCTS,MaltheMCTS,4,0,0,4,0,4,
AIFBotMCTS_vs_MaltheMCTS,27,LEFT_B,4,18285664501906551475,MaltheMCTS,grpc:AIFBotMCTS,0,4,0,4,0,4,
AIFBotMCTS_vs_MaltheMCTS,28,LEFT_A,4,7319673352803521550,grpc:AIFBotMCTS,MaltheMCTS,4,0,0,4,0,4,
AIFBotMCTS_vs_MaltheMCTS,28,LEFT_B,4,11366323295691099230,MaltheMCTS,grpc:AIFBotMCTS,1,3,0,3,1,4,
AIFBotMCTS_vs_MaltheMCTS,29,LEFT_A,4,1998891414001316157,grpc:AIFBotMCTS,MaltheMCTS,3,1,0,3,1,4,
AIFBotMCTS_vs_MaltheMCTS,29,LEFT_B,4,9270958856936247346,MaltheMCTS,grpc:AIFBotMCTS,1,3,0,3,1,4,
AIFBotMCTS_vs_MaltheMCTS,30,LEFT_A,4,13279772949547104231,grpc:AIFBotMCTS,MaltheMCTS,4,0,0,4,0,4,
AIFBotMCTS_vs_MaltheMCTS,30,LEFT_B,4,13892140492808001397,MaltheMCTS,grpc:AIFBotMCTS,1,3,0,3,1,4,
AIFBotMCTS_vs_MaltheMCTS,31,LEFT_A,4,7799467658052970835,grpc:AIFBotMCTS,MaltheMCTS,3,1,0,3,1,4,
AIFBotMCTS_vs_MaltheMCTS,31,LEFT_B,4,9015821235876032402,MaltheMCTS,grpc:AIFBotMCTS,2,2,0,2,2,4,
AIFBotMCTS_vs_MaltheMCTS,32,LEFT_A,4,13354139200592599197,grpc:AIFBotMCTS,MaltheMCTS,4,0,0,4,0,4,
AIFBotMCTS_vs_MaltheMCTS,32,LEFT_B,4,342745800232414945,MaltheMCTS,grpc:AIFBotMCTS,3,1,0,1,3,4,
AIFBotMCTS_vs_MaltheMCTS,33,LEFT_A,4,760170601185935069,grpc:AIFBotMCTS,MaltheMCTS,4,0,0,4,0,4,
AIFBotMCTS_vs_MaltheMCTS,33,LEFT_B,4,16245431340390758734,MaltheMCTS,grpc:AIFBotMCTS,0,4,0,4,0,4,
AIFBotMCTS_vs_MaltheMCTS,34,LEFT_A,4,1009385013150504685,grpc:AIFBotMCTS,MaltheMCTS,4,0,0,4,0,4,
AIFBotMCTS_vs_MaltheMCTS,34,LEFT_B,4,4481952962585385434,MaltheMCTS,grpc:AIFBotMCTS,1,3,0,3,1,4,
AIFBotMCTS_vs_MaltheMCTS,35,LEFT_A,4,12348109255610432856,grpc:AIFBotMCTS,MaltheMCTS,2,2,0,2,2,4,
AIFBotMCTS_vs_MaltheMCTS,35,LEFT_B,4,12136612399270134454,MaltheMCTS,grpc:AIFBotMCTS,1,3,0,3,1,4,
