pair_id,round_idx,side,runs,seed,left,right,p1_wins,p2_wins,draws,mapped_a_wins,mapped_b_wins,games,avg_ms
AIFBotMCTS_vs_ZMyBot,0,LEFT_A,4,14883049751969258758,grpc:AIFBotMCTS,grpc:ZMyBot,4,0,0,4,0,4,
AIFBotMCTS_vs_ZMyBot,0,LEFT_B,4,572984960783466832,grpc:ZMyBot,grpc:AIFBotMCTS,1,3,0,3,1,4,
AIFBotMCTS_vs_ZMyBot,1,LEFT_A,4,10044252528606665984,grpc:AIFBotMCTS,grpc:ZMyBot,1,3,0,1,3,4,
AIFBotMCTS_vs_ZMyBot,1,LEFT_B,4,3107343592501637504,grpc:ZMyBot,grpc:AIFBotMCTS,2,2,0,2,2,4,
AIFBotMCTS_vs_ZMyBot,2,LEFT_A,4,5661494056092588401,grpc:AIFBotMCTS,grpc:ZMyBot,3,1,0,3,1,4,
AIFBotMCTS_vs_ZMyBot,2,LEFT_B,4,3907160170977557430,grpc:ZMyBot,grpc:AIFBotMCTS,1,3,0,3,1,4,
AIFBotMCTS_vs_ZMyBot,3,LEFT_A,4,6054205948749381062,grpc:AIFBotMCTS,grpc:ZMyBot,3,1,0,3,1,4,
AIFBotMCTS_vs_ZMyBot,3,LEFT_B,4,16552092365116088714,grpc:ZMyBot,grpc:AIFBotMCTS,2,2,0,2,2,4,
AIFBotMCTS_vs_ZMyBot,4,LEFT_A,4,2102447735515567103,grpc:AIFBotMCTS,grpc:ZMyBot,4,0,0,4,0,4,
AIFBotMCTS_vs_ZMyBot,4,LEFT_B,4,16055739636649749347,grpc:ZMyBot,grpc:AIFBotMCTS,2,2,0,2,2,4,
AIFBotMCTS_vs_ZMyBot,5,LEFT_A,4,3002465262679929121,grpc:AIFBotMCTS,grpc:ZMyBot,3,1,0,3,1,4,
AIFBotMCTS_vs_ZMyBot,5,LEFT_B,4,12696429013021451829,grpc:ZMyBot,grpc:AIFBotMCTS,0,4,0,4,0,4,
AIFBotMCTS_vs_ZMyBot,6,LEFT_A,4,8038899579758515105,grpc:AIFBotMCTS,grpc:ZMyBot,4,0,0,4,0,4,
AIFBotMCTS_vs_ZMyBot,6,LEFT_B,4,2887576892310526700,grpc:ZMyBot,grpc:AIFBotMCTS,0,4,0,4,0,4,
AIFBotMCTS_vs_ZMyBot,7,LEFT_A,4,3050497329886394868,grpc:AIFBotMCTS,grpc:ZMyBot,2,2,0,2,2,4,
AIFBotMCTS_vs_ZMyBot,7,LEFT_B,4,4424829221725348825,grpc:ZMyBot,grpc:AIFBotMCTS,2,2,0,2,2,4,
AIFBotMCTS_vs_ZMyBot,8,LEFT_A,4,4312684885967388798,grpc:AIFBotMCTS,grpc:ZMyBot,4,0,0,4,0,4,
AIFBotMCTS_vs_ZMyBot,8,LEFT_B,4,11654292979836992333,grpc:ZMyBot,grpc:AIFBotMCTS,4,0,0,0,4,4,
AIFBotMCTS_vs_ZMyBot,9,LEFT_A,4,9195665690755265242,grpc:AIFBotMCTS,grpc:ZMyBot,4,0,0,4,0,4,
AIFBotMCTS_vs_ZMyBot,9,LEFT_B,4,162883716655827838,grpc:ZMyBot,grpc:AIFBotMCTS,1,3,0,3,1,4,
AIFBotMCTS_vs_ZMyBot,10,LEFT_A,4,3625638267108171387,grpc:AIFBotMCTS,grpc:ZMyBot,4,0,0,4,0,4,
AIFBotMCTS_vs_ZMyBot,10,LEFT_B,4,17129543614651559749,grpc:ZMyBot,grpc:AIFBotMCTS,2,2,0,2,2,4,
AIFBotMCTS_vs_ZMyBot,11,LEFT_A,4,15304013320822034487,grpc:AIFBotMCTS,grpc:ZMyBot,4,0,0,4,0,4,
AIFBotMCTS_vs_ZMyBot,11,LEFT_B,4,3036886926692156634,grpc:ZMyBot,grpc:AIFBotMCTS,1,3,0,3,1,4,
AIFBotMCTS_vs_ZMyBot,12,LEFT_A,4,15861789938431161502,grpc:AIFBotMCTS,grpc:ZMyBot,3,1,0,3,1,4,
AIFBotMCTS_vs_ZMyBot,12,LEFT_B,4,6840178950094276013,grpc:ZMyBot,grpc:AIFBotMCTS,2,2,0,2,2,4,
AIFBotMCTS_vs_ZMyBot,13,LEFT_A,4,13332986827854540120,grpc:AIFBotMCTS,grpc:ZMyBot,4,0,0,4,0,4,
AIFBotMCTS_vs_ZMyBot,13,LEFT_B,4,10147017436502048141,grpc:ZMyBot,grpc:AIFBotMCTS,0,4,0,4,0,4,
AIFBotMCTS_vs_ZMyBot,14,LEFT_A,4,13146082204173629227,grpc:AIFBotMCTS,grpc:ZMyBot,2,2,0,2,2,4,
AIFBotMCTS_vs_ZMyBot,14,LEFT_B,4,6748125293342629478,grpc:ZMyBot,grpc:AIFBotMCTS,2,2,0,2,2,4,
AIFBotMCTS_vs_ZMyBot,15,LEFT_A,4,7427925437137805121,grpc:AIFBotMCTS,grpc:ZMyBot,4,0,0,4,0,4,
AIFBotMCTS_vs_ZMyBot,15,LEFT_B,4,7937885272383852303,grpc:ZMyBot,grpc:AIFBotMCTS,2,2,0,2,2,4,
AIFBotMCTS_vs_ZMyBot,16,LEFT_A,4,8718014633697614710,grpc:AIFBotMCTS,grpc:ZMyBot,4,0,0,4,0,4,
AIFBotMCTS_vs_ZMyBot,16,LEFT_B,4,8762863409539780975,grpc:ZMyBot,grpc:AIFBotMCTS,0,4,0,4,0,4,
AIFBotMCTS_vs_ZMyBot,17,LEFT_A,4,18070402551425343740,grpc:AIFBotMCTS,grpc:ZMyBot,3,1,0,3,1,4,
AIFBotMCTS_vs_ZMyBot,17,LEFT_B,4,7919050085332270989,grpc:ZMyBot,grpc:AIFBotMCTS,3,1,0,1,3,4,
AIFBotMCTS_vs_ZMyBot,18,LEFT_A,4,6740366398388129650,grpc:AIFBotMCTS,grpc:ZMyBot,2,2,0,2,2,4,
AIFBotMCTS_vs_ZMyBot,18,LEFT_B,4,606113066723623152,grpc:ZMyBot,grpc:AIFBotMCTS,1,3,0,3,1,4,
AIFBotMCTS_vs_ZMyBot,19,LEFT_A,4,7436000583658631685,grpc:AIFBotMCTS,grpc:ZMyBot,3,1,0,3,1,4,
AIFBotMCTS_vs_ZMyBot,19,LEFT_B,4,4779139798780244806,grpc:ZMyBot,grpc:AIFBotMCTS,0,4,0,4,0,4,
AIFBotMCTS_vs_ZMyBot,20,LEFT_A,4,14730904857317684788,grpc:AIFBotMCTS,grpc:ZMyBot,4,0,0,4,0,4,
AIFBotMCTS_vs_ZMyBot,20,LEFT_B,4,2742492096103448897,grpc:ZMyBot,grpc:AIFBotMCTS,2,2,0,2,2,4,
AIFBotMCTS_vs_ZMyBot,21,LEFT_A,4,10036330961365940905,grpc:AIFBotMCTS,grpc:ZMyBot,2,2,0,2,2,4,
AIFBotMCTS_vs_ZMyBot,21,LEFT_B,4,14661799857961000718,grpc:ZMyBot,grpc:AIFBotMCTS,0,4,0,4,0,4,
AIFBotMCTS_vs_ZMyBot,22,LEFT_A,4,16093667190340647078,grpc:AIFBotMCTS,grpc:ZMyBot,2,2,0,2,2,4,
AIFBotMCTS_vs_ZMyBot,22,LEFT_B,4,3993176469967179469,grpc:ZMyBot,grpc:AIFBotMCTS,1,3,0,3,1,4,
AIFBotMCTS_vs_ZMyBot,23,LEFT_A,4,16684160674307489695,grpc:AIFBotMCTS,grpc:ZMyBot,4,0,0,4,0,4,
AIFBotMCTS_vs_ZMyBot,23,LEFT_B,4,12702536918696795874,grpc:ZMyBot,grpc:AIFBotMCTS,2,2,0,2,2,4,
AIFBotMCTS_vs_ZMyBot,24,LEFT_A,4,2905373744058646700,grpc:AIFBotMCTS,grpc:ZMyBot,3,1,0,3,1,4,
AIFBotMCTS_vs_ZMyBot,24,LEFT_B,4,16823195973738698425,grpc:ZMyBot,grpc:AIFBotMCTS,0,4,0,4,0,4,
AIFBotMCTS_vs_ZMyBot,25,LEFT_A,4,14856901333935388062,grpc:AIFBotMCTS,grpc:ZMyBot,3,1,0,3,1,4,
AIFBotMCTS_vs_ZMyBot,25,LEFT_B,4,12468248188055211320,grpc:ZMyBot,grpc:AIFBotMCTS,2,2,0,2,2,4,
AIFBotMCTS_vs_ZMyBot,26,LEFT_A,4,5334145786715161441,grpc:AIFBotMCTS,grpc:ZMyBot,4,0,0,4,0,4,
AIFBotMCTS_vs_ZMyBot,26,LEFT_B,4,10196621576552285883,grpc:ZMyBot,grpc:AIFBotMCTS,0,4,0,4,0,4,
AIFBotMCTS_vs_ZMyBot,27,LEFT_A,4,11122691797175312441,grpc:AIFBotMCTS,grpc:ZMyBot,3,1,0,3,1,4,
AIFBotMCTS_vs_ZMyBot,27,LEFT_B,4,1346459836379542805,grpc:ZMyBot,grpc:AIFBotMCTS,1,3,0,3,1,4,
AIFBotMCTS_vs_ZMyBot,28,LEFT_A,4,503665711614634168,grpc:AIFBotMCTS,grpc:ZMyBot,4,0,0,4,0,4,
AIFBotMCTS_vs_ZMyBot,28,LEFT_B,4,14496619577392033783,grpc:ZMyBot,grpc:AIFBotMCTS,3,1,0,1,3,4,
AIFBotMCTS_vs_ZMyBot,29,LEFT_A,4,293526945575797017,grpc:AIFBotMCTS,grpc:ZMyBot,4,0,0,4,0,4,
AIFBotMCTS_vs_ZMyBot,29,LEFT_B,4,17975597595805739874,grpc:ZMyBot,grpc:AIFBotMCTS,1,3,0,3,1,4,
AIFBotMCTS_vs_ZMyBot,30,LEFT_A,4,11551584328931940411,grpc:AIFBotMCTS,grpc:ZMyBot,4,0,0,4,0,4,
AIFBotMCTS_vs_ZMyBot,30,LEFT_B,4,5852976181061978573,grpc:ZMyBot,grpc:AIFBotMCTS,0,4,0,4,0,4,
AIFBotMCTS_vs_ZMyBot,31,LEFT_A,4,18068518015449003813,grpc:AIFBotMCTS,grpc:ZMyBot,3,1,0,3,1,4,
AIFBotMCTS_vs_ZMyBot,31,LEFT_B,4,12088728593650417511,grpc:ZMyBot,grpc:AIFBotMCTS,2,2,0,2,2,4,
AIFBotMCTS_vs_ZMyBot,32,LEFT_A,4,201713227058111711,grpc:AIFBotMCTS,grpc:ZMyBot,3,1,0,3,1,4,
AIFBotMCTS_vs_ZMyBot,32,LEFT_B,4,10308341752180248223,grpc:ZMyBot,grpc:AIFBotMCTS,1,3,0,3,1,4,
AIFBotMCTS_vs_ZMyBot,33,LEFT_A,4,964963461514868038,grpc:AIFBotMCTS,grpc:ZMyBot,4,0,0,4,0,4,
AIFBotMCTS_vs_ZMyBot,33,LEFT_B,4,1177925512662584604,grpc:ZMyBot,grpc:AIFBotMCTS,1,3,0,3,1,4,
AIFBotMCTS_vs_ZMyBot,34,LEFT_A,4,12768626214990557301,grpc:AIFBotMCTS,grpc:ZMyBot,2,2,0,2,2,4,
AIFBotMCTS_vs_ZMyBot,34,LEFT_B,4,3338156128659312190,grpc:ZMyBot,grpc:AIFBotMCTS,3,1,0,1,3,4,
AIFBotMCTS_vs_ZMyBot,35,LEFT_A,4,9443723303662800627,grpc:AIFBotMCTS,grpc:ZMyBot,4,0,0,4,0,4,
AIFBotMCTS_vs_ZMyBot,35,LEFT_B,4,4221840108148381797,grpc:ZMyBot,grpc:AIFBotMCTS,0,4,0,4,0,4,
