pair_id,round_idx,side,runs,seed,left,right,p1_wins,p2_wins,draws,mapped_a_wins,mapped_b_wins,games,avg_ms
AIFBotMCTS_vs_Sakkirina,0,LEFT_A,4,6227142311813663991,grpc:AIFBotMCTS,Sakkirina,1,3,0,1,3,4,
AIFBotMCTS_vs_Sakkirina,0,LEFT_B,4,4233698952905614766,Sakkirina,grpc:AIFBotMCTS,3,1,0,1,3,4,
AIFBotMCTS_vs_Sakkirina,1,LEFT_A,4,1104973137867785720,grpc:AIFBotMCTS,Sakkirina,0,4,0,0,4,4,
AIFBotMCTS_vs_Sakkirina,1,LEFT_B,4,2361764194238704711,Sakkirina,grpc:AIFBotMCTS,2,2,0,2,2,4,
AIFBotMCTS_vs_Sakkirina,2,LEFT_A,4,1589214415065109040,grpc:AIFBotMCTS,Sakkirina,1,3,0,1,3,4,
AIFBotMCTS_vs_Sakkirina,2,LEFT_B,4,9047431722730205622,Sakkirina,grpc:AIFBotMCTS,3,1,0,1,3,4,
AIFBotMCTS_vs_Sakkirina,3,LEFT_A,4,3608580231496363277,grpc:AIFBotMCTS,Sakkirina,2,2,0,2,2,4,
AIFBotMCTS_vs_Sakkirina,3,LEFT_B,4,8421063565416961761,Sakkirina,grpc:AIFBotMCTS,3,1,0,1,3,4,
AIFBotMCTS_vs_Sakkirina,4,LEFT_A,4,10928447205848499309,grpc:AIFBotMCTS,Sakkirina,2,2,0,2,2,4,
AIFBotMCTS_vs_Sakkirina,4,LEFT_B,4,15385125024670855143,Sakkirina,grpc:AIFBotMCTS,3,1,0,1,3,4,
AIFBotMCTS_vs_Sakkirina,5,LEFT_A,4,5811463626045264206,grpc:AIFBotMCTS,Sakkirina,3,1,0,3,1,4,
AIFBotMCTS_vs_Sakkirina,5,LEFT_B,4,15883546168214391718,Sakkirina,grpc:AIFBotMCTS,1,3,0,3,1,4,
AIFBotMCTS_vs_Sakkirina,6,LEFT_A,4,14450666200229767460,grpc:AIFBotMCTS,Sakkirina,3,1,0,3,1,4,
AIFBotMCTS_vs_Sakkirina,6,LEFT_B,4,6638240520782197253,Sakkirina,grpc:AIFBotMCTS,2,2,0,2,2,4,
AIFBotMCTS_vs_Sakkirina,7,LEFT_A,4,10003064393472574938,grpc:AIFBotMCTS,Sakkirina,2,2,0,2,2,4,
AIFBotMCTS_vs_Sakkirina,7,LEFT_B,4,6820853494841452613,Sakkirina,grpc:AIFBotMCTS,4,0,0,0,4,4,
AIFBotMCTS_vs_Sakkirina,8,LEFT_A,4,13325549528294078690,grpc:AIFBotMCTS,Sakkirina,1,3,0,1,3,4,
AIFBotMCTS_vs_Sakkirina,8,LEFT_B,4,16454990921938114763,Sakkirina,grpc:AIFBotMCTS,4,0,0,0,4,4,
AIFBotMCTS_vs_Sakkirina,9,LEFT_A,4,14746023935464708134,grpc:AIFBotMCTS,Sakkirina,3,1,0,3,1,4,
AIFBotMCTS_vs_Sakkirina,9,LEFT_B,4,13358798693975230344,Sakkirina,grpc:AIFBotMCTS,4,0,0,0,4,4,
AIFBotMCTS_vs_Sakkirina,10,LEFT_A,4,15772351577125204919,grpc:AIFBotMCTS,Sakkirina,2,2,0,2,2,4,
AIFBotMCTS_vs_Sakkirina,10,LEFT_B,4,9531558160665643147,Sakkirina,grpc:AIFBotMCTS,1,3,0,3,1,4,
AIFBotMCTS_vs_Sakkirina,11,LEFT_A,4,17547959975705979615,grpc:AIFBotMCTS,Sakkirina,1,3,0,1,3,4,
AIFBotMCTS_vs_Sakkirina,11,LEFT_B,4,487859642491355674,Sakkirina,grpc:AIFBotMCTS,4,0,0,0,4,4,
AIFBotMCTS_vs_Sakkirina,12,LEFT_A,4,17251264894687162600,grpc:AIFBotMCTS,Sakkirina,2,2,0,2,2,4,
AIFBotMCTS_vs_Sakkirina,12,LEFT_B,4,88735659214484197,Sakkirina,grpc:AIFBotMCTS,4,0,0,0,4,4,
AIFBotMCTS_vs_Sakkirina,13,LEFT_A,4,16662863457220658388,grpc:AIFBotMCTS,Sakkirina,0,4,0,0,4,4,
AIFBotMCTS_vs_Sakkirina,13,LEFT_B,4,14822801474120277266,Sakkirina,grpc:AIFBotMCTS,4,0,0,0,4,4,
AIFBotMCTS_vs_Sakkirina,14,LEFT_A,4,16849641762612354160,grpc:AIFBotMCTS,Sakkirina,4,0,0,4,0,4,
AIFBotMCTS_vs_Sakkirina,14,LEFT_B,4,17180377306377442964,Sakkirina,grpc:AIFBotMCTS,2,2,0,2,2,4,
AIFBotMCTS_vs_Sakkirina,15,LEFT_A,4,9613932573758816166,grpc:AIFBotMCTS,Sakkirina,1,3,0,1,3,4,
AIFBotMCTS_vs_Sakkirina,15,LEFT_B,4,18146786016599106292,Sakkirina,grpc:AIFBotMCTS,3,1,0,1,3,4,
AIFBotMCTS_vs_Sakkirina,16,LEFT_A,4,6469292737124817712,grpc:AIFBotMCTS,Sakkirina,2,2,0,2,2,4,
AIFBotMCTS_vs_Sakkirina,16,LEFT_B,4,5121066840465498908,Sakkirina,grpc:AIFBotMCTS,4,0,0,0,4,4,
AIFBotMCTS_vs_Sakkirina,17,LEFT_A,4,17362118689141710972,grpc:AIFBotMCTS,Sakkirina,1,3,0,1,3,4,
AIFBotMCTS_vs_Sakkirina,17,LEFT_B,4,823366288876418862,Sakkirina,grpc:AIFBotMCTS,3,1,0,1,3,4,
AIFBotMCTS_vs_Sakkirina,18,LEFT_A,4,6306172819315289821,grpc:AIFBotMCTS,Sakkirina,2,2,0,2,2,4,
AIFBotMCTS_vs_Sakkirina,18,LEFT_B,4,13286529221144887097,Sakkirina,grpc:AIFBotMCTS,3,1,0,1,3,4,
AIFBotMCTS_vs_Sakkirina,19,LEFT_A,4,12609609153404048226,grpc:AIFBotMCTS,Sakkirina,1,3,0,1,3,4,
AIFBotMCTS_vs_Sakkirina,19,LEFT_B,4,9651557825806533944,Sakkirina,grpc:AIFBotMCTS,3,1,0,1,3,4,
AIFBotMCTS_vs_Sakkirina,20,LEFT_A,4,15266813738278556116,grpc:AIFBotMCTS,Sakkirina,1,3,0,1,3,4,
AIFBotMCTS_vs_Sakkirina,20,LEFT_B,4,17018495969828448410,Sakkirina,grpc:AIFBotMCTS,3,1,0,1,3,4,
AIFBotMCTS_vs_Sakkirina,21,LEFT_A,4,9233706377775472089,grpc:AIFBotMCTS,Sakkirina,1,3,0,1,3,4,
AIFBotMCTS_vs_Sakkirina,21,LEFT_B,4,3189398077363555668,Sakkirina,grpc:AIFBotMCTS,3,1,0,1,3,4,
AIFBotMCTS_vs_Sakkirina,22,LEFT_A,4,11019154039637168462,grpc:AIFBotMCTS,Sakkirina,3,1,0,3,1,4,
AIFBotMCTS_vs_Sakkirina,22,LEFT_B,4,3751749510525261303,Sakkirina,grpc:AIFBotMCTS,3,1,0,1,3,4,
AIFBotMCTS_vs_Sakkirina,23,LEFT_A,4,13292864228213105137,grpc:AIFBotMCTS,Sakkirina,3,1,0,3,1,4,
AIFBotMCTS_vs_Sakkirina,23,LEFT_B,4,14716861093400189561,Sakkirina,grpc:AIFBotMCTS,3,1,0,1,3,4,
AIFBotMCTS_vs_Sakkirina,24,LEFT_A,4,6332057333332024050,grpc:AIFBotMCTS,Sakkirina,1,3,0,1,3,4,
AIFBotMCTS_vs_Sakkirina,24,LEFT_B,4,1821846852477985438,Sakkirina,grpc:AIFBotMCTS,3,1,0,1,3,4,
AIFBotMCTS_vs_Sakkirina,25,LEFT_A,4,16842619323424913457,grpc:AIFBotMCTS,Sakkirina,1,3,0,1,3,4,
AIFBotMCTS_vs_Sakkirina,25,LEFT_B,4,12640066441496511865,Sakkirina,grpc:AIFBotMCTS,2,2,0,2,2,4,
AIFBotMCTS_vs_Sakkirina,26,LEFT_A,4,7182503593752681875,grpc:AIFBotMCTS,Sakkirina,4,0,0,4,0,4,
AIFBotMCTS_vs_Sakkirina,26,LEFT_B,4,7200815955594850229,Sakkirina,grpc:AIFBotMCTS,3,1,0,1,3,4,
AIFBotMCTS_vs_Sakkirina,27,LEFT_A,4,5140490798327294897,grpc:AIFBotMCTS,Sakkirina,3,1,0,3,1,4,
AIFBotMCTS_vs_Sakkirina,27,LEFT_B,4,12298330136698306898,Sakkirina,grpc:AIFBotMCTS,3,1,0,1,3,4,
AIFBotMCTS_vs_Sakkirina,28,LEFT_A,4,9086727654913531857,grpc:AIFBotMCTS,Sakkirina,3,1,0,3,1,4,
AIFBotMCTS_vs_Sakkirina,28,LEFT_B,4,9431884867680931770,Sakkirina,grpc:AIFBotMCTS,3,1,0,1,3,4,
AIFBotMCTS_vs_Sakkirina,29,LEFT_A,4,16692859005224920815,grpc:AIFBotMCTS,Sakkirina,1,3,0,1,3,4,
AIFBotMCTS_vs_Sakkirina,29,LEFT_B,4,2089189208161843862,Sakkirina,grpc:AIFBotMCTS,4,0,0,0,4,4,
AIFBotMCTS_vs_Sakkirina,30,LEFT_A,4,2990364457019775920,grpc:AIFBotMCTS,Sakkirina,0,4,0,0,4,4,
AIFBotMCTS_vs_Sakkirina,30,LEFT_B,4,15667831493240784793,Sakkirina,grpc:AIFBotMCTS,4,0,0,0,4,4,
AIFBotMCTS_vs_Sakkirina,31,LEFT_A,4,7138372889076130860,grpc:AIFBotMCTS,Sakkirina,0,4,0,0,4,4,
AIFBotMCTS_vs_Sakkirina,31,LEFT_B,4,13509247051359807578,Sakkirina,grpc:AIFBotMCTS,2,2,0,2,2,4,
AIFBotMCTS_vs_Sakkirina,32,LEFT_A,4,15317551302789902296,grpc:AIFBotMCTS,Sakkirina,3,1,0,3,1,4,
AIFBotMCTS_vs_Sakkirina,32,LEFT_B,4,769581091402582419,Sakkirina,grpc:AIFBotMCTS,4,0,0,0,4,4,
AIFBotMCTS_vs_Sakkirina,33,LEFT_A,4,2869128841603519447,grpc:AIFBotMCTS,Sakkirina,1,3,0,1,3,4,
AIFBotMCTS_vs_Sakkirina,33,LEFT_B,4,5023052032866504623,Sakkirina,grpc:AIFBotMCTS,3,1,0,1,3,4,
AIFBotMCTS_vs_Sakkirina,34,LEFT_A,4,13687220230171331150,grpc:AIFBotMCTS,Sakkirina,1,3,0,1,3,4,
AIFBotMCTS_vs_Sakkirina,34,LEFT_B,4,4116940716028773368,Sakkirina,grpc:AIFBotMCTS,4,0,0,0,4,4,
AIFBotMCTS_vs_Sakkirina,35,LEFT_A,4,7590880719378150946,grpc:AIFBotMCTS,Sakkirina,0,4,0,0,4,4,
AIFBotMCTS_vs_Sakkirina,35,LEFT_B,4,16023619302145705774,Sakkirina,grpc:AIFBotMCTS,3,1,0,1,3,4,
