pair_id,round_idx,side,runs,seed,left,right,p1_wins,p2_wins,draws,mapped_a_wins,mapped_b_wins,games,avg_ms
AIFBotMCTS_vs_EBot_F,0,LEFT_A,4,3002227275433930591,grpc:AIFBotMCTS,EBot_F,4,0,0,4,0,4,
AIFBotMCTS_vs_EBot_F,0,LEFT_B,4,4217291087247964494,EBot_F,grpc:AIFBotMCTS,4,0,0,0,4,4,
AIFBotMCTS_vs_EBot_F,1,LEFT_A,4,12633229697964852496,grpc:AIFBotMCTS,EBot_F,3,1,0,3,1,4,
AIFBotMCTS_vs_EBot_F,1,LEFT_B,4,9122057257885684918,EBot_F,grpc:AIFBotMCTS,1,3,0,3,1,4,
AIFBotMCTS_vs_EBot_F,2,LEFT_A,4,14566076341743326890,grpc:AIFBotMCTS,EBot_F,3,1,0,3,1,4,
AIFBotMCTS_vs_EBot_F,2,LEFT_B,4,5431483566922891484,EBot_F,grpc:AIFBotMCTS,2,2,0,2,2,4,
AIFBotMCTS_vs_EBot_F,3,LEFT_A,4,10890355322956222404,grpc:AIFBotMCTS,EBot_F,2,2,0,2,2,4,
AIFBotMCTS_vs_EBot_F,3,LEFT_B,4,2168482618610958397,EBot_F,grpc:AIFBotMCTS,3,1,0,1,3,4,
AIFBotMCTS_vs_EBot_F,4,LEFT_A,4,2291720144447063573,grpc:AIFBotMCTS,EBot_F,3,1,0,3,1,4,
AIFBotMCTS_vs_EBot_F,4,LEFT_B,4,7110379562929074154,EBot_F,grpc:AIFBotMCTS,1,3,0,3,1,4,
AIFBotMCTS_vs_EBot_F,5,LEFT_A,4,790338492751417050,grpc:AIFBotMCTS,EBot_F,2,2,0,2,2,4,
AIFBotMCTS_vs_EBot_F,5,LEFT_B,4,9806330455965494442,EBot_F,grpc:AIFBotMCTS,3,1,0,1,3,4,
AIFBotMCTS_vs_EBot_F,6,LEFT_A,4,4914550917998599955,grpc:AIFBotMCTS,EBot_F,4,0,0,4,0,4,
AIFBotMCTS_vs_EBot_F,6,LEFT_B,4,8988131070707891135,EBot_F,grpc:AIFBotMCTS,2,2,0,2,2,4,
AIFBotMCTS_vs_EBot_F,7,LEFT_A,4,2605326898297217035,grpc:AIFBotMCTS,EBot_F,4,0,0,4,0,4,
AIFBotMCTS_vs_EBot_F,7,LEFT_B,4,10201424115971620453,EBot_F,grpc:AIFBotMCTS,2,2,0,2,2,4,
AIFBotMCTS_vs_EBot_F,8,LEFT_A,4,636218213705279976,grpc:AIFBotMCTS,EBot_F,3,1,0,3,1,4,
AIFBotMCTS_vs_EBot_F,8,LEFT_B,4,4398646617852061812,EBot_F,grpc:AIFBotMCTS,4,0,0,0,4,4,
AIFBotMCTS_vs_EBot_F,9,LEFT_A,4,1552693149207459664,grpc:AIFBotMCTS,EBot_F,4,0,0,4,0,4,
AIFBotMCTS_vs_EBot_F,9,LEFT_B,4,777802600854979683,EBot_F,grpc:AIFBotMCTS,3,1,0,1,3,4,
AIFBotMCTS_vs_EBot_F,10,LEFT_A,4,10865300584743296114,grpc:AIFBotMCTS,EBot_F,0,4,0,0,4,4,
AIFBotMCTS_vs_EBot_F,10,LEFT_B,4,9098927677704814109,EBot_F,grpc:AIFBotMCTS,2,2,0,2,2,4,
AIFBotMCTS_vs_EBot_F,11,LEFT_A,4,7614929185740989477,grpc:AIFBotMCTS,EBot_F,3,1,0,3,1,4,
AIFBotMCTS_vs_EBot_F,11,LEFT_B,4,9593710169948399114,EBot_F,grpc:AIFBotMCTS,3,1,0,1,3,4,
AIFBotMCTS_vs_EBot_F,12,LEFT_A,4,9534431377654535694,grpc:AIFBotMCTS,EBot_F,3,1,0,3,1,4,
AIFBotMCTS_vs_EBot_F,12,LEFT_B,4,2500077540850305481,EBot_F,grpc:AIFBotMCTS,2,2,0,2,2,4,
AIFBotMCTS_vs_EBot_F,13,LEFT_A,4,4759119187930574294,grpc:AIFBotMCTS,EBot_F,1,3,0,1,3,4,
AIFBotMCTS_vs_EBot_F,13,LEFT_B,4,219976372924060154,EBot_F,grpc:AIFBotMCTS,4,0,0,0,4,4,
AIFBotMCTS_vs_EBot_F,14,LEFT_A,4,11809521883486751902,grpc:AIFBotMCTS,EBot_F,4,0,0,4,0,4,
AIFBotMCTS_vs_EBot_F,14,LEFT_B,4,5134448998544752678,EBot_F,grpc:AIFBotMCTS,3,1,0,1,3,4,
AIFBotMCTS_vs_EBot_F,15,LEFT_A,4,5133628906988994745,grpc:AIFBotMCTS,EBot_F,1,3,0,1,3,4,
AIFBotMCTS_vs_EBot_F,15,LEFT_B,4,14082754798661886040,EBot_F,grpc:AIFBotMCTS,3,1,0,1,3,4,
AIFBotMCTS_vs_EBot_F,16,LEFT_A,4,17422695016563983624,grpc:AIFBotMCTS,EBot_F,3,1,0,3,1,4,
AIFBotMCTS_vs_EBot_F,16,LEFT_B,4,13359741540709821511,EBot_F,grpc:AIFBotMCTS,1,3,0,3,1,4,
AIFBotMCTS_vs_EBot_F,17,LEFT_A,4,2346786913148721581,grpc:AIFBotMCTS,EBot_F,3,1,0,3,1,4,
AIFBotMCTS_vs_EBot_F,17,LEFT_B,4,7613068817389698371,EBot_F,grpc:AIFBotMCTS,4,0,0,0,4,4,
AIFBotMCTS_vs_EBot_F,18,LEFT_A,4,396059713250181303,grpc:AIFBotMCTS,EBot_F,3,1,0,3,1,4,
AIFBotMCTS_vs_EBot_F,18,LEFT_B,4,12443816579698625117,EBot_F,grpc:AIFBotMCTS,3,1,0,1,3,4,
AIFBotMCTS_vs_EBot_F,19,LEFT_A,4,17487495073665022289,grpc:AIFBotMCTS,EBot_F,3,1,0,3,1,4,
AIFBotMCTS_vs_EBot_F,19,LEFT_B,4,5405089287766139284,EBot_F,grpc:AIFBotMCTS,3,1,0,1,3,4,
AIFBotMCTS_vs_EBot_F,20,LEFT_A,4,16578484885638981019,grpc:AIFBotMCTS,EBot_F,1,3,0,1,3,4,
AIFBotMCTS_vs_EBot_F,20,LEFT_B,4,4098169563515141023,EBot_F,grpc:AIFBotMCTS,2,2,0,2,2,4,
AIFBotMCTS_vs_EBot_F,21,LEFT_A,4,6786343629929010922,grpc:AIFBotMCTS,EBot_F,1,3,0,1,3,4,
AIFBotMCTS_vs_EBot_F,21,LEFT_B,4,16261598868598935994,EBot_F,grpc:AIFBotMCTS,3,1,0,1,3,4,
AIFBotMCTS_vs_EBot_F,22,LEFT_A,4,10111308142012827069,grpc:AIFBotMCTS,EBot_F,2,2,0,2,2,4,
AIFBotMCTS_vs_EBot_F,22,LEFT_B,4,608645848189936917,EBot_F,grpc:AIFBotMCTS,3,1,0,1,3,4,
AIFBotMCTS_vs_EBot_F,23,LEFT_A,4,6967258216018966148,grpc:AIFBotMCTS,EBot_F,2,2,0,2,2,4,
AIFBotMCTS_vs_EBot_F,23,LEFT_B,4,15736609576320578375,EBot_F,grpc:AIFBotMCTS,4,0,0,0,4,4,
AIFBotMCTS_vs_EBot_F,24,LEFT_A,4,8201507689486094071,grpc:AIFBotMCTS,EBot_F,1,3,0,1,3,4,
AIFBotMCTS_vs_EBot_F,24,LEFT_B,4,7767482643615998765,EBot_F,grpc:AIFBotMCTS,3,1,0,1,3,4,
AIFBotMCTS_vs_EBot_F,25,LEFT_A,4,431473757803277918,grpc:AIFBotMCTS,EBot_F,3,1,0,3,1,4,
AIFBotMCTS_vs_EBot_F,25,LEFT_B,4,13903239686112274486,EBot_F,grpc:AIFBotMCTS,2,2,0,2,2,4,
AIFBotMCTS_vs_EBot_F,26,LEFT_A,4,12338611539520764990,grpc:AIFBotMCTS,EBot_F,3,1,0,3,1,4,
AIFBotMCTS_vs_EBot_F,26,LEFT_B,4,4627358034571026081,EBot_F,grpc:AIFBotMCTS,2,2,0,2,2,4,
AIFBotMCTS_vs_EBot_F,27,LEFT_A,4,11351466542226720981,grpc:AIFBotMCTS,EBot_F,3,1,0,3,1,4,
AIFBotMCTS_vs_EBot_F,27,LEFT_B,4,9538772421172525992,EBot_F,grpc:AIFBotMCTS,3,1,0,1,3,4,
AIFBotMCTS_vs_EBot_F,28,LEFT_A,4,10649883186888799223,grpc:AIFBotMCTS,EBot_F,3,1,0,3,1,4,
AIFBotMCTS_vs_EBot_F,28,LEFT_B,4,5191448154295182838,EBot_F,grpc:AIFBotMCTS,1,3,0,3,1,4,
AIFBotMCTS_vs_EBot_F,29,LEFT_A,4,13816699212450617711,grpc:AIFBotMCTS,EBot_F,4,0,0,4,0,4,
AIFBotMCTS_vs_EBot_F,29,LEFT_B,4,13078417890924749110,EBot_F,grpc:AIFBotMCTS,2,2,0,2,2,4,
AIFBotMCTS_vs_EBot_F,30,LEFT_A,4,18412187961502643715,grpc:AIFBotMCTS,EBot_F,4,0,0,4,0,4,
AIFBotMCTS_vs_EBot_F,30,LEFT_B,4,6113102846321033190,EBot_F,grpc:AIFBotMCTS,1,3,0,3,1,4,
AIFBotMCTS_vs_EBot_F,31,LEFT_A,4,7574765068647234227,grpc:AIFBotMCTS,EBot_F,1,3,0,1,3,4,
AIFBotMCTS_vs_EBot_F,31,LEFT_B,4,7516306384761159674,EBot_F,grpc:AIFBotMCTS,0,4,0,4,0,4,
AIFBotMCTS_vs_EBot_F,32,LEFT_A,4,7834996077123488233,grpc:AIFBotMCTS,EBot_F,3,1,0,3,1,4,
AIFBotMCTS_vs_EBot_F,32,LEFT_B,4,518350037966208746,EBot_F,grpc:AIFBotMCTS,3,1,0,1,3,4,
AIFBotMCTS_vs_EBot_F,33,LEFT_A,4,1840106570219519853,grpc:AIFBotMCTS,EBot_F,4,0,0,4,0,4,
AIFBotMCTS_vs_EBot_F,33,LEFT_B,4,5326590445515456421,EBot_F,grpc:AIFBotMCTS,1,3,0,3,1,4,
AIFBotMCTS_vs_EBot_F,34,LEFT_A,4,8621684131886988720,grpc:AIFBotMCTS,EBot_F,2,2,0,2,2,4,
AIFBotMCTS_vs_EBot_F,34,LEFT_B,4,17775649239185508718,EBot_F,grpc:AIFBotMCTS,3,1,0,1,3,4,
AIFBotMCTS_vs_EBot_F,35,LEFT_A,4,14921780448801560465,grpc:AIFBotMCTS,EBot_F,3,1,0,3,1,4,
AIFBotMCTS_vs_EBot_F,35,LEFT_B,4,13790725217263953690,EBot_F,grpc:AIFBotMCTS,3,1,0,1,3,4,
