pair_id,round_idx,side,runs,seed,left,right,p1_wins,p2_wins,draws,mapped_a_wins,mapped_b_wins,games,avg_ms
AIFBotMCTS_vs_Nangert_submission_v4,0,LEFT_A,4,17894551334563797234,grpc:AIFBotMCTS,grpc:Nangert_submission_v4,2,2,0,2,2,4,
AIFBotMCTS_vs_Nangert_submission_v4,0,LEFT_B,4,15879870594594607692,grpc:Nangert_submission_v4,grpc:AIFBotMCTS,3,1,0,1,3,4,
AIFBotMCTS_vs_Nangert_submission_v4,1,LEFT_A,4,11438214448413860020,grpc:AIFBotMCTS,grpc:Nangert_submission_v4,2,2,0,2,2,4,
AIFBotMCTS_vs_Nangert_submission_v4,1,LEFT_B,4,13352391389900872251,grpc:Nangert_submission_v4,grpc:AIFBotMCTS,3,1,0,1,3,4,
AIFBotMCTS_vs_Nangert_submission_v4,2,LEFT_A,4,5032204694230393566,grpc:AIFBotMCTS,grpc:Nangert_submission_v4,3,1,0,3,1,4,
AIFBotMCTS_vs_Nangert_submission_v4,2,LEFT_B,4,13460666851483932425,grpc:Nangert_submission_v4,grpc:AIFBotMCTS,4,0,0,0,4,4,
AIFBotMCTS_vs_Nangert_submission_v4,3,LEFT_A,4,17786159929249976768,grpc:AIFBotMCTS,grpc:Nangert_submission_v4,3,1,0,3,1,4,
AIFBotMCTS_vs_Nangert_submission_v4,3,LEFT_B,4,3739751399278905164,grpc:Nangert_submission_v4,grpc:AIFBotMCTS,2,2,0,2,2,4,
AIFBotMCTS_vs_Nangert_submission_v4,4,LEFT_A,4,9132715970746556433,grpc:AIFBotMCTS,grpc:Nangert_submission_v4,3,1,0,3,1,4,
AIFBotMCTS_vs_Nangert_submission_v4,4,LEFT_B,4,5425676261637236464,grpc:Nangert_submission_v4,grpc:AIFBotMCTS,1,3,0,3,1,4,
AIFBotMCTS_vs_Nangert_submission_v4,5,LEFT_A,4,1048701704988818597,grpc:AIFBotMCTS,grpc:Nangert_submission_v4,2,2,0,2,2,4,
AIFBotMCTS_vs_Nangert_submission_v4,5,LEFT_B,4,11869221161734943553,grpc:Nangert_submission_v4,grpc:AIFBotMCTS,2,2,0,2,2,4,
AIFBotMCTS_vs_Nangert_submission_v4,6,LEFT_A,4,17662406090507601467,grpc:AIFBotMCTS,grpc:Nangert_submission_v4,3,1,0,3,1,4,
AIFBotMCTS_vs_Nangert_submission_v4,6,LEFT_B,4,940307477945884704,grpc:Nangert_submission_v4,grpc:AIFBotMCTS,2,2,0,2,2,4,
AIFBotMCTS_vs_Nangert_submission_v4,7,LEFT_A,4,6708323279173275358,grpc:AIFBotMCTS,grpc:Nangert_submission_v4,1,3,0,1,3,4,
AIFBotMCTS_vs_Nangert_submission_v4,7,LEFT_B,4,5148338867502044146,grpc:Nangert_submission_v4,grpc:AIFBotMCTS,1,3,0,3,1,4,
AIFBotMCTS_vs_Nangert_submission_v4,8,LEFT_A,4,9911160827744147862,grpc:AIFBotMCTS,grpc:Nangert_submission_v4,2,2,0,2,2,4,
AIFBotMCTS_vs_Nangert_submission_v4,8,LEFT_B,4,1330222376894860269,grpc:Nangert_submission_v4,grpc:AIFBotMCTS,3,1,0,1,3,4,
AIFBotMCTS_vs_Nangert_submission_v4,9,LEFT_A,4,11221801016429311770,grpc:AIFBotMCTS,grpc:Nangert_submission_v4,4,0,0,4,0,4,
AIFBotMCTS_vs_Nangert_submission_v4,9,LEFT_B,4,3392361395256013556,grpc:Nangert_submission_v4,grpc:AIFBotMCTS,3,1,0,1,3,4,
AIFBotMCTS_vs_Nangert_submission_v4,10,LEFT_A,4,14541310359087986180,grpc:AIFBotMCTS,grpc:Nangert_submission_v4,3,1,0,3,1,4,
AIFBotMCTS_vs_Nangert_submission_v4,10,LEFT_B,4,5519625655280133704,grpc:Nangert_submission_v4,grpc:AIFBotMCTS,2,2,0,2,2,4,
AIFBotMCTS_vs_Nangert_submission_v4,11,LEFT_A,4,3391528259567040179,grpc:AIFBotMCTS,grpc:Nangert_submission_v4,2,2,0,2,2,4,
AIFBotMCTS_vs_Nangert_submission_v4,11,LEFT_B,4,11747035197831887230,grpc:Nangert_submission_v4,grpc:AIFBotMCTS,4,0,0,0,4,4,
AIFBotMCTS_vs_Nangert_submission_v4,12,LEFT_A,4,10146758206848462385,grpc:AIFBotMCTS,grpc:Nangert_submission_v4,3,1,0,3,1,4,
AIFBotMCTS_vs_Nangert_submission_v4,12,LEFT_B,4,8926283361990210714,grpc:Nangert_submission_v4,grpc:AIFBotMCTS,3,1,0,1,3,4,
AIFBotMCTS_vs_Nangert_submission_v4,13,LEFT_A,4,7278314630799437263,grpc:AIFBotMCTS,grpc:Nangert_submission_v4,3,1,0,3,1,4,
AIFBotMCTS_vs_Nangert_submission_v4,13,LEFT_B,4,13298779099515267481,grpc:Nangert_submission_v4,grpc:AIFBotMCTS,1,3,0,3,1,4,
AIFBotMCTS_vs_Nangert_submission_v4,14,LEFT_A,4,16390816596313966286,grpc:AIFBotMCTS,grpc:Nangert_submission_v4,3,1,0,3,1,4,
AIFBotMCTS_vs_Nangert_submission_v4,14,LEFT_B,4,2199576721515236940,grpc:Nangert_submission_v4,grpc:AIFBotMCTS,3,1,0,1,3,4,
AIFBotMCTS_vs_Nangert_submission_v4,15,LEFT_A,4,5974833455080039566,grpc:AIFBotMCTS,grpc:Nangert_submission_v4,3,1,0,3,1,4,
AIFBotMCTS_vs_Nangert_submission_v4,15,LEFT_B,4,3248842507517962678,grpc:Nangert_submission_v4,grpc:AIFBotMCTS,2,2,0,2,2,4,
AIFBotMCTS_vs_Nangert_submission_v4,16,LEFT_A,4,17827945978389049142,grpc:AIFBotMCTS,grpc:Nangert_submission_v4,4,0,0,4,0,4,
AIFBotMCTS_vs_Nangert_submission_v4,16,LEFT_B,4,7426981629718826333,grpc:Nangert_submission_v4,grpc:AIFBotMCTS,1,3,0,3,1,4,
AIFBotMCTS_vs_Nangert_submission_v4,17,LEFT_A,4,9721408857908177434,grpc:AIFBotMCTS,grpc:Nangert_submission_v4,3,1,0,3,1,4,
AIFBotMCTS_vs_Nangert_submission_v4,17,LEFT_B,4,2209191430595980815,grpc:Nangert_submission_v4,grpc:AIFBotMCTS,3,1,0,1,3,4,
AIFBotMCTS_vs_Nangert_submission_v4,18,LEFT_A,4,4743631166137333747,grpc:AIFBotMCTS,grpc:Nangert_submission_v4,3,1,0,3,1,4,
AIFBotMCTS_vs_Nangert_submission_v4,18,LEFT_B,4,1424358234153755052,grpc:Nangert_submission_v4,grpc:AIFBotMCTS,2,2,0,2,2,4,
AIFBotMCTS_vs_Nangert_submission_v4,19,LEFT_A,4,10056116824617890602,grpc:AIFBotMCTS,grpc:Nangert_submission_v4,2,2,0,2,2,4,
AIFBotMCTS_vs_Nangert_submission_v4,19,LEFT_B,4,756158226127774050,grpc:Nangert_submission_v4,grpc:AIFBotMCTS,2,2,0,2,2,4,
AIFBotMCTS_vs_Nangert_submission_v4,20,LEFT_A,4,1537482086403143893,grpc:AIFBotMCTS,grpc:Nangert_submission_v4,3,1,0,3,1,4,
AIFBotMCTS_vs_Nangert_submission_v4,20,LEFT_B,4,17722527228063167803,grpc:Nangert_submission_v4,grpc:AIFBotMCTS,2,2,0,2,2,4,
AIFBotMCTS_vs_Nangert_submission_v4,21,LEFT_A,4,15823216908846392434,grpc:AIFBotMCTS,grpc:Nangert_submission_v4,2,2,0,2,2,4,
AIFBotMCTS_vs_Nangert_submission_v4,21,LEFT_B,4,2785829856434244506,grpc:Nangert_submission_v4,grpc:AIFBotMCTS,1,3,0,3,1,4,
AIFBotMCTS_vs_Nangert_submission_v4,22,LEFT_A,4,7914921035712858121,grpc:AIFBotMCTS,grpc:Nangert_submission_v4,3,1,0,3,1,4,
AIFBotMCTS_vs_Nangert_submission_v4,22,LEFT_B,4,6717313275300966808,grpc:Nangert_submission_v4,grpc:AIFBotMCTS,3,1,0,1,3,4,
AIFBotMCTS_vs_Nangert_submission_v4,23,LEFT_A,4,2338660761643636305,grpc:AIFBotMCTS,grpc:Nangert_submission_v4,4,0,0,4,0,4,
AIFBotMCTS_vs_Nangert_submission_v4,23,LEFT_B,4,2997888676067399143,grpc:Nangert_submission_v4,grpc:AIFBotMCTS,3,1,0,1,3,4,
AIFBotMCTS_vs_Nangert_submission_v4,24,LEFT_A,4,7898173984668333017,grpc:AIFBotMCTS,grpc:Nangert_submission_v4,3,1,0,3,1,4,
AIFBotMCTS_vs_Nangert_submission_v4,24,LEFT_B,4,15337379236567550960,grpc:Nangert_submission_v4,grpc:AIFBotMCTS,3,1,0,1,3,4,
AIFBotMCTS_vs_Nangert_submission_v4,25,LEFT_A,4,5718152636870364309,grpc:AIFBotMCTS,grpc:Nangert_submission_v4,4,0,0,4,0,4,
AIFBotMCTS_vs_Nangert_submission_v4,25,LEFT_B,4,5924946232751717842,grpc:Nangert_submission_v4,grpc:AIFBotMCTS,2,2,0,2,2,4,
AIFBotMCTS_vs_Nangert_submission_v4,26,LEFT_A,4,17212612921904726087,grpc:AIFBotMCTS,grpc:Nangert_submission_v4,2,2,0,2,2,4,
AIFBotMCTS_vs_Nangert_submission_v4,26,LEFT_B,4,412463222915115200,grpc:Nangert_submission_v4,grpc:AIFBotMCTS,3,1,0,1,3,4,
AIFBotMCTS_vs_Nangert_submission_v4,27,LEFT_A,4,181702973631828077,grpc:AIFBotMCTS,grpc:Nangert_submission_v4,3,1,0,3,1,4,
AIFBotMCTS_vs_Nangert_submission_v4,27,LEFT_B,4,8250010201808335660,grpc:Nangert_submission_v4,grpc:AIFBotMCTS,2,2,0,2,2,4,
AIFBotMCTS_vs_Nangert_submission_v4,28,LEFT_A,4,2700428426263691587,grpc:AIFBotMCTS,grpc:Nangert_submission_v4,3,1,0,3,1,4,
AIFBotMCTS_vs_Nangert_submission_v4,28,LEFT_B,4,10497649222943998020,grpc:Nangert_submission_v4,grpc:AIFBotMCTS,2,2,0,2,2,4,
AIFBotMCTS_vs_Nangert_submission_v4,29,LEFT_A,4,11960166588169719582,grpc:AIFBotMCTS,grpc:Nangert_submission_v4,3,1,0,3,1,4,
AIFBotMCTS_vs_Nangert_submission_v4,29,LEFT_B,4,14166125089145432991,grpc:Nangert_submission_v4,grpc:AIFBotMCTS,2,2,0,2,2,4,
AIFBotMCTS_vs_Nangert_submission_v4,30,LEFT_A,4,13991446046517223011,grpc:AIFBotMCTS,grpc:Nangert_submission_v4,3,1,0,3,1,4,
AIFBotMCTS_vs_Nangert_submission_v4,30,LEFT_B,4,6102282663825667211,grpc:Nangert_submission_v4,grpc:AIFBotMCTS,2,2,0,2,2,4,
AIFBotMCTS_vs_Nangert_submission_v4,31,LEFT_A,4,3744604435766323782,grpc:AIFBotMCTS,grpc:Nangert_submission_v4,2,2,0,2,2,4,
AIFBotMCTS_vs_Nangert_submission_v4,31,LEFT_B,4,14138860026502850815,grpc:Nangert_submission_v4,grpc:AIFBotMCTS,2,2,0,2,2,4,
AIFBotMCTS_vs_Nangert_submission_v4,32,LEFT_A,4,4107090881790872854,grpc:AIFBotMCTS,grpc:Nangert_submission_v4,3,1,0,3,1,4,
AIFBotMCTS_vs_Nangert_submission_v4,32,LEFT_B,4,3991717148889113719,grpc:Nangert_submission_v4,grpc:AIFBotMCTS,1,3,0,3,1,4,
AIFBotMCTS_vs_Nangert_submission_v4,33,LEFT_A,4,5295563327657600290,grpc:AIFBotMCTS,grpc:Nangert_submission_v4,3,1,0,3,1,4,
AIFBotMCTS_vs_Nangert_submission_v4,33,LEFT_B,4,11905083237702825431,grpc:Nangert_submission_v4,grpc:AIFBotMCTS,2,2,0,2,2,4,
AIFBotMCTS_vs_Nangert_submission_v4,34,LEFT_A,4,11196641308749187869,grpc:AIFBotMCTS,grpc:Nangert_submission_v4,4,0,0,4,0,4,
AIFBotMCTS_vs_Nangert_submission_v4,34,LEFT_B,4,6794706026390871804,grpc:Nangert_submission_v4,grpc:AIFBotMCTS,4,0,0,0,4,4,
AIFBotMCTS_vs_Nangert_submission_v4,35,LEFT_A,4,2774703379218072672,grpc:AIFBotMCTS,grpc:Nangert_submission_v4,3,1,0,3,1,4,
AIFBotMCTS_vs_Nangert_submission_v4,35,LEFT_B,4,1672681387149082087,grpc:Nangert_submission_v4,grpc:AIFBotMCTS,4,0,0,0,4,4,
