pair_id,round_idx,side,runs,seed,left,right,p1_wins,p2_wins,draws,mapped_a_wins,mapped_b_wins,games,avg_ms
BestMCTS3_vs_Sakkirina,0,LEFT_A,4,5352322930173031696,BestMCTS3,Sakkirina,1,3,0,1,3,4,
BestMCTS3_vs_Sakkirina,0,LEFT_B,4,4069904791545471600,Sakkirina,BestMCTS3,4,0,0,0,4,4,
BestMCTS3_vs_Sakkirina,1,LEFT_A,4,12634853020188673887,BestMCTS3,Sakkirina,1,3,0,1,3,4,
BestMCTS3_vs_Sakkirina,1,LEFT_B,4,11541192122579057511,Sakkirina,BestMCTS3,4,0,0,0,4,4,
BestMCTS3_vs_Sakkirina,2,LEFT_A,4,989607911827761216,BestMCTS3,Sakkirina,2,2,0,2,2,4,
BestMCTS3_vs_Sakkirina,2,LEFT_B,4,2882726773923315417,Sakkirina,BestMCTS3,4,0,0,0,4,4,
BestMCTS3_vs_Sakkirina,3,LEFT_A,4,7067290821271113918,BestMCTS3,Sakkirina,3,1,0,3,1,4,
BestMCTS3_vs_Sakkirina,3,LEFT_B,4,3442711284787742442,Sakkirina,BestMCTS3,2,2,0,2,2,4,
BestMCTS3_vs_Sakkirina,4,LEFT_A,4,12775591534267167367,BestMCTS3,Sakkirina,1,3,0,1,3,4,
BestMCTS3_vs_Sakkirina,4,LEFT_B,4,12302232400454361400,Sakkirina,BestMCTS3,2,2,0,2,2,4,
BestMCTS3_vs_Sakkirina,5,LEFT_A,4,6749157790754692751,BestMCTS3,Sakkirina,2,2,0,2,2,4,
BestMCTS3_vs_Sakkirina,5,LEFT_B,4,1856146644779626089,Sakkirina,BestMCTS3,3,1,0,1,3,4,
BestMCTS3_vs_Sakkirina,6,LEFT_A,4,10383293014654522939,BestMCTS3,Sakkirina,2,2,0,2,2,4,
BestMCTS3_vs_Sakkirina,6,LEFT_B,4,2015432644446545504,Sakkirina,BestMCTS3,3,1,0,1,3,4,
BestMCTS3_vs_Sakkirina,7,LEFT_A,4,3381818506243666342,BestMCTS3,Sakkirina,2,2,0,2,2,4,
BestMCTS3_vs_Sakkirina,7,LEFT_B,4,12739462786843541171,Sakkirina,BestMCTS3,3,1,0,1,3,4,
BestMCTS3_vs_Sakkirina,8,LEFT_A,4,12872465186804101922,BestMCTS3,Sakkirina,3,1,0,3,1,4,
BestMCTS3_vs_Sakkirina,8,LEFT_B,4,2868673518845344310,Sakkirina,BestMCTS3,3,1,0,1,3,4,
BestMCTS3_vs_Sakkirina,9,LEFT_A,4,15472299598991978566,BestMCTS3,Sakkirina,1,3,0,1,3,4,
BestMCTS3_vs_Sakkirina,9,LEFT_B,4,13467732938299981494,Sakkirina,BestMCTS3,2,2,0,2,2,4,
BestMCTS3_vs_Sakkirina,10,LEFT_A,4,13454762911033413596,BestMCTS3,Sakkirina,2,2,0,2,2,4,
BestMCTS3_vs_Sakkirina,10,LEFT_B,4,9827708835967966840,Sakkirina,BestMCTS3,4,0,0,0,4,4,
BestMCTS3_vs_Sakkirina,11,LEFT_A,4,4701853353325631478,BestMCTS3,Sakkirina,2,2,0,2,2,4,
BestMCTS3_vs_Sakkirina,11,LEFT_B,4,8799701426565751111,Sakkirina,BestMCTS3,3,1,0,1,3,4,
BestMCTS3_vs_Sakkirina,12,LEFT_A,4,2720425896105881114,BestMCTS3,Sakkirina,3,1,0,3,1,4,
BestMCTS3_vs_Sakkirina,12,LEFT_B,4,7810131779779623641,Sakkirina,BestMCTS3,3,1,0,1,3,4,
BestMCTS3_vs_Sakkirina,13,LEFT_A,4,15349634414566100835,BestMCTS3,Sakkirina,2,2,0,2,2,4,
BestMCTS3_vs_Sakkirina,13,LEFT_B,4,17573229784792723795,Sakkirina,BestMCTS3,3,1,0,1,3,4,
BestMCTS3_vs_Sakkirina,14,LEFT_A,4,10362223215273227381,BestMCTS3,Sakkirina,3,1,0,3,1,4,
BestMCTS3_vs_Sakkirina,14,LEFT_B,4,13076828463647844902,Sakkirina,BestMCTS3,1,3,0,3,1,4,
BestMCTS3_vs_Sakkirina,15,LEFT_A,4,7578657757028929517,BestMCTS3,Sakkirina,2,2,0,2,2,4,
BestMCTS3_vs_Sakkirina,15,LEFT_B,4,17723738791426944099,Sakkirina,BestMCTS3,2,2,0,2,2,4,
BestMCTS3_vs_Sakkirina,16,LEFT_A,4,13820505192455109034,BestMCTS3,Sakkirina,3,1,0,3,1,4,
BestMCTS3_vs_Sakkirina,16,LEFT_B,4,12082101974564927692,Sakkirina,BestMCTS3,2,2,0,2,2,4,
BestMCTS3_vs_Sakkirina,17,LEFT_A,4,9167829786643054300,BestMCTS3,Sakkirina,2,2,0,2,2,4,
BestMCTS3_vs_Sakkirina,17,LEFT_B,4,15357873310211736841,Sakkirina,BestMCTS3,4,0,0,0,4,4,
BestMCTS3_vs_Sakkirina,18,LEFT_A,4,5767612216426706801,BestMCTS3,Sakkirina,2,2,0,2,2,4,
BestMCTS3_vs_Sakkirina,18,LEFT_B,4,6366818332189587351,Sakkirina,BestMCTS3,2,2,0,2,2,4,
BestMCTS3_vs_Sakkirina,19,LEFT_A,4,6779919641106299226,BestMCTS3,Sakkirina,0,4,0,0,4,4,
BestMCTS3_vs_Sakkirina,19,LEFT_B,4,8519326577307753723,Sakkirina,BestMCTS3,2,2,0,2,2,4,
BestMCTS3_vs_Sakkirina,20,LEFT_A,4,4437861939837498420,BestMCTS3,Sakkirina,1,3,0,1,3,4,
BestMCTS3_vs_Sakkirina,20,LEFT_B,4,6767401346238841211,Sakkirina,BestMCTS3,1,3,0,3,1,4,
BestMCTS3_vs_Sakkirina,21,LEFT_A,4,2410212540964738361,BestMCTS3,Sakkirina,2,2,0,2,2,4,
BestMCTS3_vs_Sakkirina,21,LEFT_B,4,2979427436002981665,Sakkirina,BestMCTS3,0,4,0,4,0,4,
BestMCTS3_vs_Sakkirina,22,LEFT_A,4,11609084749537664248,BestMCTS3,Sakkirina,2,2,0,2,2,4,
BestMCTS3_vs_Sakkirina,22,LEFT_B,4,4091259101771345891,Sakkirina,BestMCTS3,2,2,0,2,2,4,
BestMCTS3_vs_Sakkirina,23,LEFT_A,4,10286239507808111093,BestMCTS3,Sakkirina,2,2,0,2,2,4,
BestMCTS3_vs_Sakkirina,23,LEFT_B,4,1434091801856245344,Sakkirina,BestMCTS3,1,3,0,3,1,4,
BestMCTS3_vs_Sakkirina,24,LEFT_A,4,7341069453673320004,BestMCTS3,Sakkirina,1,3,0,1,3,4,
BestMCTS3_vs_Sakkirina,24,LEFT_B,4,10141689065860289183,Sakkirina,BestMCTS3,4,0,0,0,4,4,
BestMCTS3_vs_Sakkirina,25,LEFT_A,4,17418635264055976763,BestMCTS3,Sakkirina,2,2,0,2,2,4,
BestMCTS3_vs_Sakkirina,25,LEFT_B,4,10847687390413322005,Sakkirina,BestMCTS3,1,3,0,3,1,4,
BestMCTS3_vs_Sakkirina,26,LEFT_A,4,17099925090419669929,BestMCTS3,Sakkirina,0,4,0,0,4,4,
BestMCTS3_vs_Sakkirina,26,LEFT_B,4,2199242241725900920,Sakkirina,BestMCTS3,3,1,0,1,3,4,
BestMCTS3_vs_Sakkirina,27,LEFT_A,4,10624435984567070108,BestMCTS3,Sakkirina,2,2,0,2,2,4,
BestMCTS3_vs_Sakkirina,27,LEFT_B,4,8975363795154993731,Sakkirina,BestMCTS3,3,1,0,1,3,4,
BestMCTS3_vs_Sakkirina,28,LEFT_A,4,8860306330036021096,BestMCTS3,Sakkirina,1,3,0,1,3,4,
BestMCTS3_vs_Sakkirina,28,LEFT_B,4,10203322699806334641,Sakkirina,BestMCTS3,4,0,0,0,4,4,
BestMCTS3_vs_Sakkirina,29,LEFT_A,4,4362084050998206655,BestMCTS3,Sakkirina,1,3,0,1,3,4,
BestMCTS3_vs_Sakkirina,29,LEFT_B,4,1264762220907209324,Sakkirina,BestMCTS3,3,1,0,1,3,4,
BestMCTS3_vs_Sakkirina,30,LEFT_A,4,13719000279110388830,BestMCTS3,Sakkirina,3,1,0,3,1,4,
BestMCTS3_vs_Sakkirina,30,LEFT_B,4,8434599157308580884,Sakkirina,BestMCTS3,3,1,0,1,3,4,
BestMCTS3_vs_Sakkirina,31,LEFT_A,4,5720142738794163917,BestMCTS3,Sakkirina,1,3,0,1,3,4,
BestMCTS3_vs_Sakkirina,31,LEFT_B,4,2377599395073160621,Sakkirina,BestMCTS3,1,3,0,3,1,4,
BestMCTS3_vs_Sakkirina,32,LEFT_A,4,5874858891848638119,BestMCTS3,Sakkirina,2,2,0,2,2,4,
BestMCTS3_vs_Sakkirina,32,LEFT_B,4,9934067192343780507,Sakkirina,BestMCTS3,2,2,0,2,2,4,
BestMCTS3_vs_Sakkirina,33,LEFT_A,4,7218390367406334935,BestMCTS3,Sakkirina,3,1,0,3,1,4,
BestMCTS3_vs_Sakkirina,33,LEFT_B,4,17422479671070238349,Sakkirina,BestMCTS3,3,1,0,1,3,4,
BestMCTS3_vs_Sakkirina,34,LEFT_A,4,10552106544226912925,BestMCTS3,Sakkirina,1,3,0,1,3,4,
BestMCTS3_vs_Sakkirina,34,LEFT_B,4,15172774386815976947,Sakkirina,BestMCTS3,3,1,0,1,3,4,
BestMCTS3_vs_Sakkirina,35,LEFT_A,4,2689781012380472596,BestMCTS3,Sakkirina,1,3,0,1,3,4,
BestMCTS3_vs_Sakkirina,35,LEFT_B,4,5238315006379164511,Sakkirina,BestMCTS3,2,2,0,2,2,4,
