pair_id,round_idx,side,runs,seed,left,right,p1_wins,p2_wins,draws,mapped_a_wins,mapped_b_wins,games,avg_ms
BestMCTS3_vs_SakkirinaSolo,0,LEFT_A,4,2599078879492210215,BestMCTS3,SakkirinaSolo,0,4,0,0,4,4,
BestMCTS3_vs_SakkirinaSolo,0,LEFT_B,4,6963156963635686879,SakkirinaSolo,BestMCTS3,2,2,0,2,2,4,
BestMCTS3_vs_SakkirinaSolo,1,LEFT_A,4,9860573328041232976,BestMCTS3,SakkirinaSolo,2,2,0,2,2,4,
BestMCTS3_vs_SakkirinaSolo,1,LEFT_B,4,10849861466143897696,SakkirinaSolo,BestMCTS3,2,2,0,2,2,4,
BestMCTS3_vs_SakkirinaSolo,2,LEFT_A,4,1294040326854215097,BestMCTS3,SakkirinaSolo,0,4,0,0,4,4,
BestMCTS3_vs_SakkirinaSolo,2,LEFT_B,4,4130195106793312816,SakkirinaSolo,BestMCTS3,3,1,0,1,3,4,
BestMCTS3_vs_SakkirinaSolo,3,LEFT_A,4,2025543782846944336,BestMCTS3,SakkirinaSolo,1,3,0,1,3,4,
BestMCTS3_vs_SakkirinaSolo,3,LEFT_B,4,6015645341968601467,SakkirinaSolo,BestMCTS3,2,2,0,2,2,4,
BestMCTS3_vs_SakkirinaSolo,4,LEFT_A,4,11610095349146958280,BestMCTS3,SakkirinaSolo,2,2,0,2,2,4,
BestMCTS3_vs_SakkirinaSolo,4,LEFT_B,4,17091383529101419441,SakkirinaSolo,BestMCTS3,3,1,0,1,3,4,
BestMCTS3_vs_SakkirinaSolo,5,LEFT_A,4,17167285909890200924,BestMCTS3,SakkirinaSolo,2,2,0,2,2,4,
BestMCTS3_vs_SakkirinaSolo,5,LEFT_B,4,16310558759416513072,SakkirinaSolo,BestMCTS3,3,1,0,1,3,4,
BestMCTS3_vs_SakkirinaSolo,6,LEFT_A,4,8648667669731376361,BestMCTS3,SakkirinaSolo,1,3,0,1,3,4,
BestMCTS3_vs_SakkirinaSolo,6,LEFT_B,4,2955897307856776857,SakkirinaSolo,BestMCTS3,3,1,0,1,3,4,
BestMCTS3_vs_SakkirinaSolo,7,LEFT_A,4,423504827316853195,BestMCTS3,SakkirinaSolo,2,2,0,2,2,4,
BestMCTS3_vs_SakkirinaSolo,7,LEFT_B,4,3193902585614238125,SakkirinaSolo,BestMCTS3,3,1,0,1,3,4,
BestMCTS3_vs_SakkirinaSolo,8,LEFT_A,4,4420533008083543402,BestMCTS3,SakkirinaSolo,1,3,0,1,3,4,
BestMCTS3_vs_SakkirinaSolo,8,LEFT_B,4,992980875851570604,SakkirinaSolo,BestMCTS3,2,2,0,2,2,4,
BestMCTS3_vs_SakkirinaSolo,9,LEFT_A,4,14015365046091162670,BestMCTS3,SakkirinaSolo,1,3,0,1,3,4,
BestMCTS3_vs_SakkirinaSolo,9,LEFT_B,4,9455784995384814000,SakkirinaSolo,BestMCTS3,2,2,0,2,2,4,
BestMCTS3_vs_SakkirinaSolo,10,LEFT_A,4,4822531399724734816,BestMCTS3,SakkirinaSolo,0,4,0,0,4,4,
BestMCTS3_vs_SakkirinaSolo,10,LEFT_B,4,5755098517814318102,SakkirinaSolo,BestMCTS3,4,0,0,0,4,4,
BestMCTS3_vs_SakkirinaSolo,11,LEFT_A,4,5404873785558752016,BestMCTS3,SakkirinaSolo,2,2,0,2,2,4,
BestMCTS3_vs_SakkirinaSolo,11,LEFT_B,4,8671123420030748482,SakkirinaSolo,BestMCTS3,2,2,0,2,2,4,
BestMCTS3_vs_SakkirinaSolo,12,LEFT_A,4,567239038496792244,BestMCTS3,SakkirinaSolo,2,2,0,2,2,4,
BestMCTS3_vs_SakkirinaSolo,12,LEFT_B,4,319216240202416912,SakkirinaSolo,BestMCTS3,1,3,0,3,1,4,
BestMCTS3_vs_SakkirinaSolo,13,LEFT_A,4,13946905969530809775,BestMCTS3,SakkirinaSolo,1,3,0,1,3,4,
BestMCTS3_vs_SakkirinaSolo,13,LEFT_B,4,18270789693623852400,SakkirinaSolo,BestMCTS3,1,3,0,3,1,4,
BestMCTS3_vs_SakkirinaSolo,14,LEFT_A,4,6504566541358884084,BestMCTS3,SakkirinaSolo,2,2,0,2,2,4,
BestMCTS3_vs_SakkirinaSolo,14,LEFT_B,4,576458243216712049,SakkirinaSolo,BestMCTS3,3,1,0,1,3,4,
BestMCTS3_vs_SakkirinaSolo,15,LEFT_A,4,12556902913684876297,BestMCTS3,SakkirinaSolo,1,3,0,1,3,4,
BestMCTS3_vs_SakkirinaSolo,15,LEFT_B,4,14316242236457521816,SakkirinaSolo,BestMCTS3,0,4,0,4,0,4,
BestMCTS3_vs_SakkirinaSolo,16,LEFT_A,4,17157750114705353568,BestMCTS3,SakkirinaSolo,0,4,0,0,4,4,
BestMCTS3_vs_SakkirinaSolo,16,LEFT_B,4,7384473467207755155,SakkirinaSolo,BestMCTS3,2,2,0,2,2,4,
BestMCTS3_vs_SakkirinaSolo,17,LEFT_A,4,7511757763599682970,BestMCTS3,SakkirinaSolo,2,2,0,2,2,4,
BestMCTS3_vs_SakkirinaSolo,17,LEFT_B,4,13315138156591350300,SakkirinaSolo,BestMCTS3,2,2,0,2,2,4,
BestMCTS3_vs_SakkirinaSolo,18,LEFT_A,4,1328655644873917152,BestMCTS3,SakkirinaSolo,2,2,0,2,2,4,
BestMCTS3_vs_SakkirinaSolo,18,LEFT_B,4,19407748295121891,SakkirinaSolo,BestMCTS3,1,3,0,3,1,4,
BestMCTS3_vs_SakkirinaSolo,19,LEFT_A,4,11397618787312599067,BestMCTS3,SakkirinaSolo,2,2,0,2,2,4,
BestMCTS3_vs_SakkirinaSolo,19,LEFT_B,4,17345180376559165684,SakkirinaSolo,BestMCTS3,3,1,0,1,3,4,
BestMCTS3_vs_SakkirinaSolo,20,LEFT_A,4,4253946950318647249,BestMCTS3,SakkirinaSolo,0,4,0,0,4,4,
BestMCTS3_vs_SakkirinaSolo,20,LEFT_B,4,10394970351460668097,SakkirinaSolo,BestMCTS3,4,0,0,0,4,4,
BestMCTS3_vs_SakkirinaSolo,21,LEFT_A,4,7571605661334752297,BestMCTS3,SakkirinaSolo,0,4,0,0,4,4,
BestMCTS3_vs_SakkirinaSolo,21,LEFT_B,4,11638047998304151790,SakkirinaSolo,BestMCTS3,2,2,0,2,2,4,
BestMCTS3_vs_SakkirinaSolo,22,LEFT_A,4,17867985558638599918,BestMCTS3,SakkirinaSolo,3,1,0,3,1,4,
BestMCTS3_vs_SakkirinaSolo,22,LEFT_B,4,16956220711599621198,SakkirinaSolo,BestMCTS3,2,2,0,2,2,4,
BestMCTS3_vs_SakkirinaSolo,23,LEFT_A,4,4077645442942322208,BestMCTS3,SakkirinaSolo,1,3,0,1,3,4,
BestMCTS3_vs_SakkirinaSolo,23,LEFT_B,4,12621097724679738759,SakkirinaSolo,BestMCTS3,4,0,0,0,4,4,
BestMCTS3_vs_SakkirinaSolo,24,LEFT_A,4,15485858742270157527,BestMCTS3,SakkirinaSolo,1,3,0,1,3,4,
BestMCTS3_vs_SakkirinaSolo,24,LEFT_B,4,2032381441036833384,SakkirinaSolo,BestMCTS3,2,2,0,2,2,4,
BestMCTS3_vs_SakkirinaSolo,25,LEFT_A,4,7091370815405445538,BestMCTS3,SakkirinaSolo,2,2,0,2,2,4,
BestMCTS3_vs_SakkirinaSolo,25,LEFT_B,4,10047813628681577409,SakkirinaSolo,BestMCTS3,1,3,0,3,1,4,
BestMCTS3_vs_SakkirinaSolo,26,LEFT_A,4,14091927280528049248,BestMCTS3,SakkirinaSolo,3,1,0,3,1,4,
BestMCTS3_vs_SakkirinaSolo,26,LEFT_B,4,15535977312927762636,SakkirinaSolo,BestMCTS3,1,3,0,3,1,4,
BestMCTS3_vs_SakkirinaSolo,27,LEFT_A,4,7659598606582243194,BestMCTS3,SakkirinaSolo,1,3,0,1,3,4,
BestMCTS3_vs_SakkirinaSolo,27,LEFT_B,4,16329366467175329856,SakkirinaSolo,BestMCTS3,2,2,0,2,2,4,
BestMCTS3_vs_SakkirinaSolo,28,LEFT_A,4,10866289395731341654,BestMCTS3,SakkirinaSolo,3,1,0,3,1,4,
BestMCTS3_vs_SakkirinaSolo,28,LEFT_B,4,17246714354249980755,SakkirinaSolo,BestMCTS3,3,1,0,1,3,4,
BestMCTS3_vs_SakkirinaSolo,29,LEFT_A,4,1309290560478855399,BestMCTS3,SakkirinaSolo,1,3,0,1,3,4,
BestMCTS3_vs_SakkirinaSolo,29,LEFT_B,4,9840417672771893909,SakkirinaSolo,BestMCTS3,2,2,0,2,2,4,
BestMCTS3_vs_SakkirinaSolo,30,LEFT_A,4,17208773142022401041,BestMCTS3,SakkirinaSolo,3,1,0,3,1,4,
BestMCTS3_vs_SakkirinaSolo,30,LEFT_B,4,2344124012052441431,SakkirinaSolo,BestMCTS3,2,2,0,2,2,4,
BestMCTS3_vs_SakkirinaSolo,31,LEFT_A,4,15694453703079442282,BestMCTS3,SakkirinaSolo,3,1,0,3,1,4,
BestMCTS3_vs_SakkirinaSolo,31,LEFT_B,4,1523928591106180394,SakkirinaSolo,BestMCTS3,3,1,0,1,3,4,
BestMCTS3_vs_SakkirinaSolo,32,LEFT_A,4,1777758053733338914,BestMCTS3,SakkirinaSolo,1,3,0,1,3,4,
BestMCTS3_vs_SakkirinaSolo,32,LEFT_B,4,1246323242140376448,SakkirinaSolo,BestMCTS3,3,1,0,1,3,4,
BestMCTS3_vs_SakkirinaSolo,33,LEFT_A,4,5925321949289729762,BestMCTS3,SakkirinaSolo,2,2,0,2,2,4,
BestMCTS3_vs_SakkirinaSolo,33,LEFT_B,4,7011611206360639713,SakkirinaSolo,BestMCTS3,3,1,0,1,3,4,
BestMCTS3_vs_SakkirinaSolo,34,LEFT_A,4,2836791821894504593,BestMCTS3,SakkirinaSolo,0,4,0,0,4,4,
BestMCTS3_vs_SakkirinaSolo,34,LEFT_B,4,8364450028103260664,SakkirinaSolo,BestMCTS3,1,3,0,3,1,4,
BestMCTS3_vs_SakkirinaSolo,35,LEFT_A,4,1414779225660640657,BestMCTS3,SakkirinaSolo,1,3,0,1,3,4,
BestMCTS3_vs_SakkirinaSolo,35,LEFT_B,4,3546273975359519607,SakkirinaSolo,BestMCTS3,3,1,0,1,3,4,
