pair_id,round_idx,side,runs,seed,left,right,p1_wins,p2_wins,draws,mapped_a_wins,mapped_b_wins,games,avg_ms
BestMCTS3_vs_HQL_Plus_BOT,0,LEFT_A,4,9201755366636371032,BestMCTS3,HQL_Plus_BOT,1,3,0,1,3,4,
BestMCTS3_vs_HQL_Plus_BOT,0,LEFT_B,4,14076378139662644145,HQL_Plus_BOT,BestMCTS3,4,0,0,0,4,4,
BestMCTS3_vs_HQL_Plus_BOT,1,LEFT_A,4,1816964694097668437,BestMCTS3,HQL_Plus_BOT,0,4,0,0,4,4,
BestMCTS3_vs_HQL_Plus_BOT,1,LEFT_B,4,3213472081433225831,HQL_Plus_BOT,BestMCTS3,4,0,0,0,4,4,
BestMCTS3_vs_HQL_Plus_BOT,2,LEFT_A,4,13667154260292489748,BestMCTS3,HQL_Plus_BOT,2,2,0,2,2,4,
BestMCTS3_vs_HQL_Plus_BOT,2,LEFT_B,4,18194271330591773605,HQL_Plus_BOT,BestMCTS3,2,2,0,2,2,4,
BestMCTS3_vs_HQL_Plus_BOT,3,LEFT_A,4,7425877248844417099,BestMCTS3,HQL_Plus_BOT,0,4,0,0,4,4,
BestMCTS3_vs_HQL_Plus_BOT,3,LEFT_B,4,14967395948060210860,HQL_Plus_BOT,BestMCTS3,3,1,0,1,3,4,
BestMCTS3_vs_HQL_Plus_BOT,4,LEFT_A,4,4637538885870088496,BestMCTS3,HQL_Plus_BOT,1,3,0,1,3,4,
BestMCTS3_vs_HQL_Plus_BOT,4,LEFT_B,4,9981908768800618134,HQL_Plus_BOT,BestMCTS3,1,3,0,3,1,4,
BestMCTS3_vs_HQL_Plus_BOT,5,LEFT_A,4,12749136037640029594,BestMCTS3,HQL_Plus_BOT,0,4,0,0,4,4,
BestMCTS3_vs_HQL_Plus_BOT,5,LEFT_B,4,1208271772400556386,HQL_Plus_BOT,BestMCTS3,3,1,0,1,3,4,
BestMCTS3_vs_HQL_Plus_BOT,6,LEFT_A,4,4274922904208960850,BestMCTS3,HQL_Plus_BOT,2,2,0,2,2,4,
BestMCTS3_vs_HQL_Plus_BOT,6,LEFT_B,4,17588915405094857561,HQL_Plus_BOT,BestMCTS3,4,0,0,0,4,4,
BestMCTS3_vs_HQL_Plus_BOT,7,LEFT_A,4,17384284881588184435,BestMCTS3,HQL_Plus_BOT,2,2,0,2,2,4,
BestMCTS3_vs_HQL_Plus_BOT,7,LEFT_B,4,712185456712832537,HQL_Plus_BOT,BestMCTS3,3,1,0,1,3,4,
BestMCTS3_vs_HQL_Plus_BOT,8,LEFT_A,4,2779278019696926720,BestMCTS3,HQL_Plus_BOT,1,3,0,1,3,4,
BestMCTS3_vs_HQL_Plus_BOT,8,LEFT_B,4,3229000571648076393,HQL_Plus_BOT,BestMCTS3,3,1,0,1,3,4,
BestMCTS3_vs_HQL_Plus_BOT,9,LEFT_A,4,6893382033980175552,BestMCTS3,HQL_Plus_BOT,2,2,0,2,2,4,
BestMCTS3_vs_HQL_Plus_BOT,9,LEFT_B,4,17940306134022704533,HQL_Plus_BOT,BestMCTS3,3,1,0,1,3,4,
BestMCTS3_vs_HQL_Plus_BOT,10,LEFT_A,4,5529725999266010337,BestMCTS3,HQL_Plus_BOT,3,1,0,3,1,4,
BestMCTS3_vs_HQL_Plus_BOT,10,LEFT_B,4,4996752035888034893,HQL_Plus_BOT,BestMCTS3,3,1,0,1,3,4,
BestMCTS3_vs_HQL_Plus_BOT,11,LEFT_A,4,593231677606511579,BestMCTS3,HQL_Plus_BOT,1,3,0,1,3,4,
BestMCTS3_vs_HQL_Plus_BOT,11,LEFT_B,4,13470330523722964806,HQL_Plus_BOT,BestMCTS3,4,0,0,0,4,4,
BestMCTS3_vs_HQL_Plus_BOT,12,LEFT_A,4,16804953992937080516,BestMCTS3,HQL_Plus_BOT,2,2,0,2,2,4,
BestMCTS3_vs_HQL_Plus_BOT,12,LEFT_B,4,10518396986412307844,HQL_Plus_BOT,BestMCTS3,4,0,0,0,4,4,
BestMCTS3_vs_HQL_Plus_BOT,13,LEFT_A,4,4008487427405850798,BestMCTS3,HQL_Plus_BOT,1,3,0,1,3,4,
BestMCTS3_vs_HQL_Plus_BOT,13,LEFT_B,4,16523508743879638566,HQL_Plus_BOT,BestMCTS3,4,0,0,0,4,4,
BestMCTS3_vs_HQL_Plus_BOT,14,LEFT_A,4,16991935957477058035,BestMCTS3,HQL_Plus_BOT,0,4,0,0,4,4,
BestMCTS3_vs_HQL_Plus_BOT,14,LEFT_B,4,4252495049558357119,HQL_Plus_BOT,BestMCTS3,4,0,0,0,4,4,
BestMCTS3_vs_HQL_Plus_BOT,15,LEFT_A,4,15364277149343255781,BestMCTS3,HQL_Plus_BOT,0,4,0,0,4,4,
BestMCTS3_vs_HQL_Plus_BOT,15,LEFT_B,4,5858468860133869475,HQL_Plus_BOT,BestMCTS3,3,1,0,1,3,4,
BestMCTS3_vs_HQL_Plus_BOT,16,LEFT_A,4,8604987368772814833,BestMCTS3,HQL_Plus_BOT,1,3,0,1,3,4,
BestMCTS3_vs_HQL_Plus_BOT,16,LEFT_B,4,14976582939494854165,HQL_Plus_BOT,BestMCTS3,2,2,0,2,2,4,
BestMCTS3_vs_HQL_Plus_BOT,17,LEFT_A,4,12695725716262214507,BestMCTS3,HQL_Plus_BOT,2,2,0,2,2,4,
BestMCTS3_vs_HQL_Plus_BOT,17,LEFT_B,4,4113939159124396265,HQL_Plus_BOT,BestMCTS3,2,2,0,2,2,4,
BestMCTS3_vs_HQL_Plus_BOT,18,LEFT_A,4,8858722222749308805,BestMCTS3,HQL_Plus_BOT,0,4,0,0,4,4,
BestMCTS3_vs_HQL_Plus_BOT,18,LEFT_B,4,17484627630526312138,HQL_Plus_BOT,BestMCTS3,4,0,0,0,4,4,
BestMCTS3_vs_HQL_Plus_BOT,19,LEFT_A,4,12597414646061158484,BestMCTS3,HQL_Plus_BOT,1,3,0,1,3,4,
BestMCTS3_vs_HQL_Plus_BOT,19,LEFT_B,4,6624746440836151018,HQL_Plus_BOT,BestMCTS3,4,0,0,0,4,4,
BestMCTS3_vs_HQL_Plus_BOT,20,LEFT_A,4,6512814936492253294,BestMCTS3,HQL_Plus_BOT,0,4,0,0,4,4,
BestMCTS3_vs_HQL_Plus_BOT,20,LEFT_B,4,4959385699162496697,HQL_Plus_BOT,BestMCTS3,4,0,0,0,4,4,
BestMCTS3_vs_HQL_Plus_BOT,21,LEFT_A,4,7605939955809573742,BestMCTS3,HQL_Plus_BOT,1,3,0,1,3,4,
BestMCTS3_vs_HQL_Plus_BOT,21,LEFT_B,4,14080991098513291103,HQL_Plus_BOT,BestMCTS3,4,0,0,0,4,4,
BestMCTS3_vs_HQL_Plus_BOT,22,LEFT_A,4,10564327562539495842,BestMCTS3,HQL_Plus_BOT,0,4,0,0,4,4,
BestMCTS3_vs_HQL_Plus_BOT,22,LEFT_B,4,1727176850714236645,HQL_Plus_BOT,BestMCTS3,3,1,0,1,3,4,
BestMCTS3_vs_HQL_Plus_BOT,23,LEFT_A,4,1916981117598218749,BestMCTS3,HQL_Plus_BOT,1,3,0,1,3,4,
BestMCTS3_vs_HQL_Plus_BOT,23,LEFT_B,4,16419941459894354047,HQL_Plus_BOT,BestMCTS3,4,0,0,0,4,4,
BestMCTS3_vs_HQL_Plus_BOT,24,LEFT_A,4,10851264238636469583,BestMCTS3,HQL_Plus_BOT,2,2,0,2,2,4,
BestMCTS3_vs_HQL_Plus_BOT,24,LEFT_B,4,16562115764534072183,HQL_Plus_BOT,BestMCTS3,4,0,0,0,4,4,
BestMCTS3_vs_HQL_Plus_BOT,25,LEFT_A,4,5940560378746774948,BestMCTS3,HQL_Plus_BOT,2,2,0,2,2,4,
BestMCTS3_vs_HQL_Plus_BOT,25,LEFT_B,4,8118177378270479815,HQL_Plus_BOT,BestMCTS3,4,0,0,0,4,4,
BestMCTS3_vs_HQL_Plus_BOT,26,LEFT_A,4,1566321957975834824,BestMCTS3,HQL_Plus_BOT,2,2,0,2,2,4,
BestMCTS3_vs_HQL_Plus_BOT,26,LEFT_B,4,14157778459902224456,HQL_Plus_BOT,BestMCTS3,3,1,0,1,3,4,
BestMCTS3_vs_HQL_Plus_BOT,27,LEFT_A,4,1427131221116110041,BestMCTS3,HQL_Plus_BOT,1,3,0,1,3,4,
BestMCTS3_vs_HQL_Plus_BOT,27,LEFT_B,4,15855818201073487305,HQL_Plus_BOT,BestMCTS3,4,0,0,0,4,4,
BestMCTS3_vs_HQL_Plus_BOT,28,LEFT_A,4,9660187706044533024,BestMCTS3,HQL_Plus_BOT,0,4,0,0,4,4,
BestMCTS3_vs_HQL_Plus_BOT,28,LEFT_B,4,6587207387025808569,HQL_Plus_BOT,BestMCTS3,3,1,0,1,3,4,
BestMCTS3_vs_HQL_Plus_BOT,29,LEFT_A,4,5679694287993592486,BestMCTS3,HQL_Plus_BOT,0,4,0,0,4,4,
BestMCTS3_vs_HQL_Plus_BOT,29,LEFT_B,4,2790110683585337333,HQL_Plus_BOT,BestMCTS3,4,0,0,0,4,4,
BestMCTS3_vs_HQL_Plus_BOT,30,LEFT_A,4,7059700713150562572,BestMCTS3,HQL_Plus_BOT,3,1,0,3,1,4,
BestMCTS3_vs_HQL_Plus_BOT,30,LEFT_B,4,17319831496895265516,HQL_Plus_BOT,BestMCTS3,4,0,0,0,4,4,
BestMCTS3_vs_HQL_Plus_BOT,31,LEFT_A,4,11109251564110328732,BestMCTS3,HQL_Plus_BOT,1,3,0,1,3,4,
BestMCTS3_vs_HQL_Plus_BOT,31,LEFT_B,4,3107125195171142063,HQL_Plus_BOT,BestMCTS3,3,1,0,1,3,4,
BestMCTS3_vs_HQL_Plus_BOT,32,LEFT_A,4,12785224492888731144,BestMCTS3,HQL_Plus_BOT,1,3,0,1,3,4,
BestMCTS3_vs_HQL_Plus_BOT,32,LEFT_B,4,2308452403429586940,HQL_Plus_BOT,BestMCTS3,3,1,0,1,3,4,
BestMCTS3_vs_HQL_Plus_BOT,33,LEFT_A,4,4218594653223666476,BestMCTS3,HQL_Plus_BOT,1,3,0,1,3,4,
BestMCTS3_vs_HQL_Plus_BOT,33,LEFT_B,4,9572173102443390572,HQL_Plus_BOT,BestMCTS3,3,1,0,1,3,4,
BestMCTS3_vs_HQL_Plus_BOT,34,LEFT_A,4,14319799063061620721,BestMCTS3,HQL_Plus_BOT,2,2,0,2,2,4,
BestMCTS3_vs_HQL_Plus_BOT,34,LEFT_B,4,3592948462258977645,HQL_Plus_BOT,BestMCTS3,3,1,0,1,3,4,
BestMCTS3_vs_HQL_Plus_BOT,35,LEFT_A,4,9397266933618807367,BestMCTS3,HQL_Plus_BOT,1,3,0,1,3,4,
BestMCTS3_vs_HQL_Plus_BOT,35,LEFT_B,4,2056659340688663441,HQL_Plus_BOT,BestMCTS3,3,1,0,1,3,4,
