pair_id,round_idx,side,runs,seed,left,right,p1_wins,p2_wins,draws,mapped_a_wins,mapped_b_wins,games,avg_ms
BestMCTS3_vs_Nangert_submission_v4,0,LEFT_A,4,10248750644489623112,BestMCTS3,grpc:Nangert_submission_v4,1,3,0,1,3,4,
BestMCTS3_vs_Nangert_submission_v4,0,LEFT_B,4,11858519624774459601,grpc:Nangert_submission_v4,BestMCTS3,3,1,0,1,3,4,
BestMCTS3_vs_Nangert_submission_v4,1,LEFT_A,4,6273351285822466540,BestMCTS3,grpc:Nangert_submission_v4,1,3,0,1,3,4,
BestMCTS3_vs_Nangert_submission_v4,1,LEFT_B,4,17591887850506980188,grpc:Nangert_submission_v4,BestMCTS3,3,1,0,1,3,4,
BestMCTS3_vs_Nangert_submission_v4,2,LEFT_A,4,5595226535256394235,BestMCTS3,grpc:Nangert_submission_v4,1,3,0,1,3,4,
BestMCTS3_vs_Nangert_submission_v4,2,LEFT_B,4,3502586058197068329,grpc:Nangert_submission_v4,BestMCTS3,4,0,0,0,4,4,
BestMCTS3_vs_Nangert_submission_v4,3,LEFT_A,4,6282023223712736050,BestMCTS3,grpc:Nangert_submission_v4,2,2,0,2,2,4,
BestMCTS3_vs_Nangert_submission_v4,3,LEFT_B,4,18231558940692761826,grpc:Nangert_submission_v4,BestMCTS3,1,3,0,3,1,4,
BestMCTS3_vs_Nangert_submission_v4,4,LEFT_A,4,16419127712785990747,BestMCTS3,grpc:Nangert_submission_v4,1,3,0,1,3,4,
BestMCTS3_vs_Nangert_submission_v4,4,LEFT_B,4,10136141567762781092,grpc:Nangert_submission_v4,BestMCTS3,4,0,0,0,4,4,
BestMCTS3_vs_Nangert_submission_v4,5,LEFT_A,4,3763075813627359791,BestMCTS3,grpc:Nangert_submission_v4,1,3,0,1,3,4,
BestMCTS3_vs_Nangert_submission_v4,5,LEFT_B,4,1699816519772179697,grpc:Nangert_submission_v4,BestMCTS3,3,1,0,1,3,4,
BestMCTS3_vs_Nangert_submission_v4,6,LEFT_A,4,1398448307183533373,BestMCTS3,grpc:Nangert_submission_v4,2,2,0,2,2,4,
BestMCTS3_vs_Nangert_submission_v4,6,LEFT_B,4,11290542285878320829,grpc:Nangert_submission_v4,BestMCTS3,3,1,0,1,3,4,
BestMCTS3_vs_Nangert_submission_v4,7,LEFT_A,4,7683606410395371902,BestMCTS3,grpc:Nangert_submission_v4,2,2,0,2,2,4,
BestMCTS3_vs_Nangert_submission_v4,7,LEFT_B,4,10611171620648818257,grpc:Nangert_submission_v4,BestMCTS3,3,1,0,1,3,4,
BestMCTS3_vs_Nangert_submission_v4,8,LEFT_A,4,9574911960320310488,BestMCTS3,grpc:Nangert_submission_v4,1,3,0,1,3,4,
BestMCTS3_vs_Nangert_submission_v4,8,LEFT_B,4,13792929608586952488,grpc:Nangert_submission_v4,BestMCTS3,4,0,0,0,4,4,
BestMCTS3_vs_Nangert_submission_v4,9,LEFT_A,4,1501796389031075709,BestMCTS3,grpc:Nangert_submission_v4,1,3,0,1,3,4,
BestMCTS3_vs_Nangert_submission_v4,9,LEFT_B,4,1732318905236207397,grpc:Nangert_submission_v4,BestMCTS3,3,1,0,1,3,4,
BestMCTS3_vs_Nangert_submission_v4,10,LEFT_A,4,10020509632219771320,BestMCTS3,grpc:Nangert_submission_v4,2,2,0,2,2,4,
BestMCTS3_vs_Nangert_submission_v4,10,LEFT_B,4,17096999842782193093,grpc:Nangert_submission_v4,BestMCTS3,3,1,0,1,3,4,
BestMCTS3_vs_Nangert_submission_v4,11,LEFT_A,4,8012534767137883719,BestMCTS3,grpc:Nangert_submission_v4,1,3,0,1,3,4,
BestMCTS3_vs_Nangert_submission_v4,11,LEFT_B,4,5013827225543919806,grpc:Nangert_submission_v4,BestMCTS3,2,2,0,2,2,4,
BestMCTS3_vs_Nangert_submission_v4,12,LEFT_A,4,8079125986004716495,BestMCTS3,grpc:Nangert_submission_v4,0,4,0,0,4,4,
BestMCTS3_vs_Nangert_submission_v4,12,LEFT_B,4,795619086503270827,grpc:Nangert_submission_v4,BestMCTS3,3,1,0,1,3,4,
BestMCTS3_vs_Nangert_submission_v4,13,LEFT_A,4,7698035130254515664,BestMCTS3,grpc:Nangert_submission_v4,1,3,0,1,3,4,
BestMCTS3_vs_Nangert_submission_v4,13,LEFT_B,4,951535618868674890,grpc:Nangert_submission_v4,BestMCTS3,4,0,0,0,4,4,
BestMCTS3_vs_Nangert_submission_v4,14,LEFT_A,4,5853732023360161204,BestMCTS3,grpc:Nangert_submission_v4,2,2,0,2,2,4,
BestMCTS3_vs_Nangert_submission_v4,14,LEFT_B,4,12712835414328621748,grpc:Nangert_submission_v4,BestMCTS3,4,0,0,0,4,4,
BestMCTS3_vs_Nangert_submission_v4,15,LEFT_A,4,350137833479689268,BestMCTS3,grpc:Nangert_submission_v4,4,0,0,4,0,4,
BestMCTS3_vs_Nangert_submission_v4,15,LEFT_B,4,39470766904398333,grpc:Nangert_submission_v4,BestMCTS3,4,0,0,0,4,4,
BestMCTS3_vs_Nangert_submission_v4,16,LEFT_A,4,10494159243732836866,BestMCTS3,grpc:Nangert_submission_v4,1,3,0,1,3,4,
BestMCTS3_vs_Nangert_submission_v4,16,LEFT_B,4,1532715057459054758,grpc:Nangert_submission_v4,BestMCTS3,4,0,0,0,4,4,
BestMCTS3_vs_Nangert_submission_v4,17,LEFT_A,4,11647754234214632424,BestMCTS3,grpc:Nangert_submission_v4,4,0,0,4,0,4,
BestMCTS3_vs_Nangert_submission_v4,17,LEFT_B,4,10165168822170526421,grpc:Nangert_submission_v4,BestMCTS3,3,1,0,1,3,4,
BestMCTS3_vs_Nangert_submission_v4,18,LEFT_A,4,8580435721062827835,BestMCTS3,grpc:Nangert_submission_v4,2,2,0,2,2,4,
BestMCTS3_vs_Nangert_submission_v4,18,LEFT_B,4,1037825575364066553,grpc:Nangert_submission_v4,BestMCTS3,2,2,0,2,2,4,
BestMCTS3_vs_Nangert_submission_v4,19,LEFT_A,4,6067155465646931007,BestMCTS3,grpc:Nangert_submission_v4,1,3,0,1,3,4,
BestMCTS3_vs_Nangert_submission_v4,19,LEFT_B,4,9268497252368717021,grpc:Nangert_submission_v4,BestMCTS3,3,1,0,1,3,4,
BestMCTS3_vs_Nangert_submission_v4,20,LEFT_A,4,16914391147144504512,BestMCTS3,grpc:Nangert_submission_v4,0,4,0,0,4,4,
BestMCTS3_vs_Nangert_submission_v4,20,LEFT_B,4,15973248230257669903,grpc:Nangert_submission_v4,BestMCTS3,3,1,0,1,3,4,
BestMCTS3_vs_Nangert_submission_v4,21,LEFT_A,4,4245962840917537795,BestMCTS3,grpc:Nangert_submission_v4,2,2,0,2,2,4,
BestMCTS3_vs_Nangert_submission_v4,21,LEFT_B,4,16880724955123310405,grpc:Nangert_submission_v4,BestMCTS3,4,0,0,0,4,4,
BestMCTS3_vs_Nangert_submission_v4,22,LEFT_A,4,9840629091865506142,BestMCTS3,grpc:Nangert_submission_v4,1,3,0,1,3,4,
BestMCTS3_vs_Nangert_submission_v4,22,LEFT_B,4,17672055143680928584,grpc:Nangert_submission_v4,BestMCTS3,2,2,0,2,2,4,
BestMCTS3_vs_Nangert_submission_v4,23,LEFT_A,4,6727267008703431174,BestMCTS3,grpc:Nangert_submission_v4,0,4,0,0,4,4,
BestMCTS3_vs_Nangert_submission_v4,23,LEFT_B,4,14408400277594494787,grpc:Nangert_submission_v4,BestMCTS3,3,1,0,1,3,4,
BestMCTS3_vs_Nangert_submission_v4,24,LEFT_A,4,117442359587614711,BestMCTS3,grpc:Nangert_submission_v4,1,3,0,1,3,4,
BestMCTS3_vs_Nangert_submission_v4,24,LEFT_B,4,9573948813955297211,grpc:Nangert_submission_v4,BestMCTS3,4,0,0,0,4,4,
BestMCTS3_vs_Nangert_submission_v4,25,LEFT_A,4,11427180973970282779,BestMCTS3,grpc:Nangert_submission_v4,1,3,0,1,3,4,
BestMCTS3_vs_Nangert_submission_v4,25,LEFT_B,4,9718725083296822155,grpc:Nangert_submission_v4,BestMCTS3,2,2,0,2,2,4,
BestMCTS3_vs_Nangert_submission_v4,26,LEFT_A,4,17909016340310523364,BestMCTS3,grpc:Nangert_submission_v4,3,1,0,3,1,4,
BestMCTS3_vs_Nangert_submission_v4,26,LEFT_B,4,720014007371945770,grpc:Nangert_submission_v4,BestMCTS3,3,1,0,1,3,4,
BestMCTS3_vs_Nangert_submission_v4,27,LEFT_A,4,12781291065412011104,BestMCTS3,grpc:Nangert_submission_v4,2,2,0,2,2,4,
BestMCTS3_vs_Nangert_submission_v4,27,LEFT_B,4,16080800481629664555,grpc:Nangert_submission_v4,BestMCTS3,4,0,0,0,4,4,
BestMCTS3_vs_Nangert_submission_v4,28,LEFT_A,4,10556949828597640580,BestMCTS3,grpc:Nangert_submission_v4,2,2,0,2,2,4,
BestMCTS3_vs_Nangert_submission_v4,28,LEFT_B,4,13270830676196055196,grpc:Nangert_submission_v4,BestMCTS3,3,1,0,1,3,4,
BestMCTS3_vs_Nangert_submission_v4,29,LEFT_A,4,8026518788228803507,BestMCTS3,grpc:Nangert_submission_v4,2,2,0,2,2,4,
BestMCTS3_vs_Nangert_submission_v4,29,LEFT_B,4,4258008684693574592,grpc:Nangert_submission_v4,BestMCTS3,3,1,0,1,3,4,
BestMCTS3_vs_Nangert_submission_v4,30,LEFT_A,4,14766785596953215143,BestMCTS3,grpc:Nangert_submission_v4,1,3,0,1,3,4,
BestMCTS3_vs_Nangert_submission_v4,30,LEFT_B,4,15568329790410343269,grpc:Nangert_submission_v4,BestMCTS3,4,0,0,0,4,4,
BestMCTS3_vs_Nangert_submission_v4,31,LEFT_A,4,4540965804956947667,BestMCTS3,grpc:Nangert_submission_v4,0,4,0,0,4,4,
BestMCTS3_vs_Nangert_submission_v4,31,LEFT_B,4,7190730817578202704,grpc:Nangert_submission_v4,BestMCTS3,2,2,0,2,2,4,
BestMCTS3_vs_Nangert_submission_v4,32,LEFT_A,4,4790281740369802917,BestMCTS3,grpc:Nangert_submission_v4,3,1,0,3,1,4,
BestMCTS3_vs_Nangert_submission_v4,32,LEFT_B,4,11949065131110099169,grpc:Nangert_submission_v4,BestMCTS3,3,1,0,1,3,4,
BestMCTS3_vs_Nangert_submission_v4,33,LEFT_A,4,16458109010953549210,BestMCTS3,grpc:Nangert_submission_v4,2,2,0,2,2,4,
BestMCTS3_vs_Nangert_submission_v4,33,LEFT_B,4,9984646157703032722,grpc:Nangert_submission_v4,BestMCTS3,4,0,0,0,4,4,
BestMCTS3_vs_Nangert_submission_v4,34,LEFT_A,4,1928528354811117259,BestMCTS3,grpc:Nangert_submission_v4,2,2,0,2,2,4,
BestMCTS3_vs_Nangert_submission_v4,34,LEFT_B,4,5364337303243307330,grpc:Nangert_submission_v4,BestMCTS3,1,3,0,3,1,4,
BestMCTS3_vs_Nangert_submission_v4,35,LEFT_A,4,2044082586334143039,BestMCTS3,grpc:Nangert_submission_v4,2,2,0,2,2,4,
BestMCTS3_vs_Nangert_submission_v4,35,LEFT_B,4,10852188557375257046,grpc:Nangert_submission_v4,BestMCTS3,4,0,0,0,4,4,
