pair_id,round_idx,side,runs,seed,left,right,p1_wins,p2_wins,draws,mapped_a_wins,mapped_b_wins,games,avg_ms
BestMCTS3_vs_Council_of_two_bot,0,LEFT_A,4,2421878241247850067,BestMCTS3,grpc:Council_of_two_bot,4,0,0,4,0,4,
BestMCTS3_vs_Council_of_two_bot,0,LEFT_B,4,12406339421547207317,grpc:Council_of_two_bot,BestMCTS3,0,4,0,4,0,4,
BestMCTS3_vs_Council_of_two_bot,1,LEFT_A,4,13278732996527784923,BestMCTS3,grpc:Council_of_two_bot,4,0,0,4,0,4,
BestMCTS3_vs_Council_of_two_bot,1,LEFT_B,4,16634693061574232238,grpc:Council_of_two_bot,BestMCTS3,1,3,0,3,1,4,
BestMCTS3_vs_Council_of_two_bot,2,LEFT_A,4,2285731639561490206,BestMCTS3,grpc:Council_of_two_bot,4,0,0,4,0,4,
BestMCTS3_vs_Council_of_two_bot,2,LEFT_B,4,9916974333591754086,grpc:Council_of_two_bot,BestMCTS3,1,3,0,3,1,4,
BestMCTS3_vs_Council_of_two_bot,3,LEFT_A,4,16222607004836210581,BestMCTS3,grpc:Council_of_two_bot,3,1,0,3,1,4,
BestMCTS3_vs_Council_of_two_bot,3,LEFT_B,4,5993668183552688318,grpc:Council_of_two_bot,BestMCTS3,0,4,0,4,0,4,
BestMCTS3_vs_Council_of_two_bot,4,LEFT_A,4,6960873397489523371,BestMCTS3,grpc:Council_of_two_bot,3,1,0,3,1,4,
BestMCTS3_vs_Council_of_two_bot,4,LEFT_B,4,15703673696584127907,grpc:Council_of_two_bot,BestMCTS3,0,4,0,4,0,4,
BestMCTS3_vs_Council_of_two_bot,5,LEFT_A,4,14972535112951070818,BestMCTS3,grpc:Council_of_two_bot,4,0,0,4,0,4,
BestMCTS3_vs_Council_of_two_bot,5,LEFT_B,4,5592774053039894453,grpc:Council_of_two_bot,BestMCTS3,0,4,0,4,0,4,
BestMCTS3_vs_Council_of_two_bot,6,LEFT_A,4,2948803936992813905,BestMCTS3,grpc:Council_of_two_bot,4,0,0,4,0,4,
BestMCTS3_vs_Council_of_two_bot,6,LEFT_B,4,7098285858209591412,grpc:Council_of_two_bot,BestMCTS3,0,4,0,4,0,4,
BestMCTS3_vs_Council_of_two_bot,7,LEFT_A,4,10783344529647817576,BestMCTS3,grpc:Council_of_two_bot,4,0,0,4,0,4,
BestMCTS3_vs_Council_of_two_bot,7,LEFT_B,4,11352869604623804107,grpc:Council_of_two_bot,BestMCTS3,0,4,0,4,0,4,
BestMCTS3_vs_Council_of_two_bot,8,LEFT_A,4,12651732700711446240,BestMCTS3,grpc:Council_of_two_bot,4,0,0,4,0,4,
BestMCTS3_vs_Council_of_two_bot,8,LEFT_B,4,935205478951589667,grpc:Council_of_two_bot,BestMCTS3,0,4,0,4,0,4,
BestMCTS3_vs_Council_of_two_bot,9,LEFT_A,4,15701557670193986813,BestMCTS3,grpc:Council_of_two_bot,4,0,0,4,0,4,
BestMCTS3_vs_Council_of_two_bot,9,LEFT_B,4,8948510340297487493,grpc:Council_of_two_bot,BestMCTS3,0,4,0,4,0,4,
BestMCTS3_vs_Council_of_two_bot,10,LEFT_A,4,1011146478548204664,BestMCTS3,grpc:Council_of_two_bot,4,0,0,4,0,4,
BestMCTS3_vs_Council_of_two_bot,10,LEFT_B,4,6177326700742555853,grpc:Council_of_two_bot,BestMCTS3,0,4,0,4,0,4,
BestMCTS3_vs_Council_of_two_bot,11,LEFT_A,4,15131277123075879918,BestMCTS3,grpc:Council_of_two_bot,4,0,0,4,0,4,
BestMCTS3_vs_Council_of_two_bot,11,LEFT_B,4,4577739709855045561,grpc:Council_of_two_bot,BestMCTS3,1,3,0,3,1,4,
BestMCTS3_vs_Council_of_two_bot,12,LEFT_A,4,16350938094791683762,BestMCTS3,grpc:Council_of_two_bot,4,0,0,4,0,4,
BestMCTS3_vs_Council_of_two_bot,12,LEFT_B,4,2688479626823985109,grpc:Council_of_two_bot,BestMCTS3,0,4,0,4,0,4,
BestMCTS3_vs_Council_of_two_bot,13,LEFT_A,4,8791738812569407736,BestMCTS3,grpc:Council_of_two_bot,4,0,0,4,0,4,
BestMCTS3_vs_Council_of_two_bot,13,LEFT_B,4,16180046933244029035,grpc:Council_of_two_bot,BestMCTS3,0,4,0,4,0,4,
BestMCTS3_vs_Council_of_two_bot,14,LEFT_A,4,17057716346162248500,BestMCTS3,grpc:Council_of_two_bot,4,0,0,4,0,4,
BestMCTS3_vs_Council_of_two_bot,14,LEFT_B,4,6685114075289948038,grpc:Council_of_two_bot,BestMCTS3,0,4,0,4,0,4,
BestMCTS3_vs_Council_of_two_bot,15,LEFT_A,4,5689130651963951255,BestMCTS3,grpc:Council_of_two_bot,4,0,0,4,0,4,
BestMCTS3_vs_Council_of_two_bot,15,LEFT_B,4,16965462476657765653,grpc:Council_of_two_bot,BestMCTS3,0,4,0,4,0,4,
BestMCTS3_vs_Council_of_two_bot,16,LEFT_A,4,10042099430323504172,BestMCTS3,grpc:Council_of_two_bot,4,0,0,4,0,4,
BestMCTS3_vs_Council_of_two_bot,16,LEFT_B,4,13511584189194661816,grpc:Council_of_two_bot,BestMCTS3,0,4,0,4,0,4,
BestMCTS3_vs_Council_of_two_bot,17,LEFT_A,4,6801964443210841805,BestMCTS3,grpc:Council_of_two_bot,4,0,0,4,0,4,
BestMCTS3_vs_Council_of_two_bot,17,LEFT_B,4,16915363982953027918,grpc:Council_of_two_bot,BestMCTS3,0,4,0,4,0,4,
BestMCTS3_vs_Council_of_two_bot,18,LEFT_A,4,6816064272838579403,BestMCTS3,grpc:Council_of_two_bot,3,1,0,3,1,4,
BestMCTS3_vs_Council_of_two_bot,18,LEFT_B,4,9640449199455061970,grpc:Council_of_two_bot,BestMCTS3,0,4,0,4,0,4,
BestMCTS3_vs_Council_of_two_bot,19,LEFT_A,4,7654281399922271186,BestMCTS3,grpc:Council_of_two_bot,4,0,0,4,0,4,
BestMCTS3_vs_Council_of_two_bot,19,LEFT_B,4,14982656984449566872,grpc:Council_of_two_bot,BestMCTS3,0,4,0,4,0,4,
BestMCTS3_vs_Council_of_two_bot,20,LEFT_A,4,6955861633926154398,BestMCTS3,grpc:Council_of_two_bot,4,0,0,4,0,4,
BestMCTS3_vs_Council_of_two_bot,20,LEFT_B,4,7176520609045831854,grpc:Council_of_two_bot,BestMCTS3,0,4,0,4,0,4,
BestMCTS3_vs_Council_of_two_bot,21,LEFT_A,4,13271799657005891286,BestMCTS3,grpc:Council_of_two_bot,4,0,0,4,0,4,
BestMCTS3_vs_Council_of_two_bot,21,LEFT_B,4,8538363193273932111,grpc:Council_of_two_bot,BestMCTS3,0,4,0,4,0,4,
BestMCTS3_vs_Council_of_two_bot,22,LEFT_A,4,11632056453632104786,BestMCTS3,grpc:Council_of_two_bot,3,1,0,3,1,4,
BestMCTS3_vs_Council_of_two_bot,22,LEFT_B,4,6697829937875615308,grpc:Council_of_two_bot,BestMCTS3,0,4,0,4,0,4,
BestMCTS3_vs_Council_of_two_bot,23,LEFT_A,4,13949622490549010334,BestMCTS3,grpc:Council_of_two_bot,4,0,0,4,0,4,
BestMCTS3_vs_Council_of_two_bot,23,LEFT_B,4,1280393302685144371,grpc:Council_of_two_bot,BestMCTS3,1,3,0,3,1,4,
BestMCTS3_vs_Council_of_two_bot,24,LEFT_A,4,6637709968648521263,BestMCTS3,grpc:Council_of_two_bot,4,0,0,4,0,4,
BestMCTS3_vs_Council_of_two_bot,24,LEFT_B,4,4319943267129665563,grpc:Council_of_two_bot,BestMCTS3,1,3,0,3,1,4,
BestMCTS3_vs_Council_of_two_bot,25,LEFT_A,4,12141730159973454181,BestMCTS3,grpc:Council_of_two_bot,3,1,0,3,1,4,
BestMCTS3_vs_Council_of_two_bot,25,LEFT_B,4,5575428802556115436,grpc:Council_of_two_bot,BestMCTS3,0,4,0,4,0,4,
BestMCTS3_vs_Council_of_two_bot,26,LEFT_A,4,16768746856021179524,BestMCTS3,grpc:Council_of_two_bot,4,0,0,4,0,4,
BestMCTS3_vs_Council_of_two_bot,26,LEFT_B,4,900757798845271546,grpc:Council_of_two_bot,BestMCTS3,0,4,0,4,0,4,
BestMCTS3_vs_Council_of_two_bot,27,LEFT_A,4,15516108623881185025,BestMCTS3,grpc:Council_of_two_bot,4,0,0,4,0,4,
BestMCTS3_vs_Council_of_two_bot,27,LEFT_B,4,12048030205277069100,grpc:Council_of_two_bot,BestMCTS3,0,4,0,4,0,4,
BestMCTS3_vs_Council_of_two_bot,28,LEFT_A,4,3433288237358927526,BestMCTS3,grpc:Council_of_two_bot,4,0,0,4,0,4,
BestMCTS3_vs_Council_of_two_bot,28,LEFT_B,4,3313220292160180619,grpc:Council_of_two_bot,BestMCTS3,0,4,0,4,0,4,
BestMCTS3_vs_Council_of_two_bot,29,LEFT_A,4,16405428919533399563,BestMCTS3,grpc:Council_of_two_bot,4,0,0,4,0,4,
BestMCTS3_vs_Council_of_two_bot,29,LEFT_B,4,13891802744406288831,grpc:Council_of_two_bot,BestMCTS3,1,3,0,3,1,4,
BestMCTS3_vs_Council_of_two_bot,30,LEFT_A,4,7113882126644979014,BestMCTS3,grpc:Council_of_two_bot,4,0,0,4,0,4,
BestMCTS3_vs_Council_of_two_bot,30,LEFT_B,4,10601484604601483579,grpc:Council_of_two_bot,BestMCTS3,1,3,0,3,1,4,
BestMCTS3_vs_Council_of_two_bot,31,LEFT_A,4,1857707903635366300,BestMCTS3,grpc:Council_of_two_bot,4,0,0,4,0,4,
BestMCTS3_vs_Council_of_two_bot,31,LEFT_B,4,6101563945465924577,grpc:Council_of_two_bot,BestMCTS3,0,4,0,4,0,4,
BestMCTS3_vs_Council_of_two_bot,32,LEFT_A,4,12281576044687889692,BestMCTS3,grpc:Council_of_two_bot,3,1,0,3,1,4,
BestMCTS3_vs_Council_of_two_bot,32,LEFT_B,4,11164249871249382616,grpc:Council_of_two_bot,BestMCTS3,1,3,0,3,1,4,
BestMCTS3_vs_Council_of_two_bot,33,LEFT_A,4,13081548679893491469,BestMCTS3,grpc:Council_of_two_bot,3,1,0,3,1,4,
BestMCTS3_vs_Council_of_two_bot,33,LEFT_B,4,2959317511325316661,grpc:Council_of_two_bot,BestMCTS3,0,4,0,4,0,4,
BestMCTS3_vs_Council_of_two_bot,34,LEFT_A,4,4597218425957055088,BestMCTS3,grpc:Council_of_two_bot,4,0,0,4,0,4,
BestMCTS3_vs_Council_of_two_bot,34,LEFT_B,4,1458798793716123420,grpc:Council_of_two_bot,BestMCTS3,0,4,0,4,0,4,
BestMCTS3_vs_Council_of_two_bot,35,LEFT_A,4,11619913159510915006,BestMCTS3,grpc:Council_of_two_bot,2,2,0,2,2,4,
BestMCTS3_vs_Council_of_two_bot,35,LEFT_B,4,6316054026180046612,grpc:Council_of_two_bot,BestMCTS3,0,0,0,0,0,0,
