pair_id,round_idx,side,runs,seed,left,right,p1_wins,p2_wins,draws,mapped_a_wins,mapped_b_wins,games,avg_ms
BestMCTS3_vs_MaltheMCTS,0,LEFT_A,4,9532065300011013691,BestMCTS3,MaltheMCTS,3,1,0,3,1,4,
BestMCTS3_vs_MaltheMCTS,0,LEFT_B,4,6834974096459873667,MaltheMCTS,BestMCTS3,1,3,0,3,1,4,
BestMCTS3_vs_MaltheMCTS,1,LEFT_A,4,12576598002432591826,BestMCTS3,MaltheMCTS,4,0,0,4,0,4,
BestMCTS3_vs_MaltheMCTS,1,LEFT_B,4,12420663164948466103,MaltheMCTS,BestMCTS3,0,4,0,4,0,4,
BestMCTS3_vs_MaltheMCTS,2,LEFT_A,4,10036613180038656720,BestMCTS3,MaltheMCTS,4,0,0,4,0,4,
BestMCTS3_vs_MaltheMCTS,2,LEFT_B,4,14801686012732858815,MaltheMCTS,BestMCTS3,0,4,0,4,0,4,
BestMCTS3_vs_MaltheMCTS,3,LEFT_A,4,1293875660398169717,BestMCTS3,MaltheMCTS,4,0,0,4,0,4,
BestMCTS3_vs_MaltheMCTS,3,LEFT_B,4,12318158817539552828,MaltheMCTS,BestMCTS3,1,3,0,3,1,4,
BestMCTS3_vs_MaltheMCTS,4,LEFT_A,4,10658094262881495693,BestMCTS3,MaltheMCTS,4,0,0,4,0,4,
BestMCTS3_vs_MaltheMCTS,4,LEFT_B,4,6119322237731689992,MaltheMCTS,BestMCTS3,0,4,0,4,0,4,
BestMCTS3_vs_MaltheMCTS,5,LEFT_A,4,4794606936738532979,BestMCTS3,MaltheMCTS,4,0,0,4,0,4,
BestMCTS3_vs_MaltheMCTS,5,LEFT_B,4,11250812847110590537,MaltheMCTS,BestMCTS3,0,4,0,4,0,4,
BestMCTS3_vs_MaltheMCTS,6,LEFT_A,4,3233904538313635440,BestMCTS3,MaltheMCTS,4,0,0,4,0,4,
BestMCTS3_vs_MaltheMCTS,6,LEFT_B,4,6867390054202590105,MaltheMCTS,BestMCTS3,1,3,0,3,1,4,
BestMCTS3_vs_MaltheMCTS,7,LEFT_A,4,15731615527524760307,BestMCTS3,MaltheMCTS,4,0,0,4,0,4,
BestMCTS3_vs_MaltheMCTS,7,LEFT_B,4,8990517957936523266,MaltheMCTS,BestMCTS3,0,4,0,4,0,4,
BestMCTS3_vs_MaltheMCTS,8,LEFT_A,4,5820800133741482115,BestMCTS3,MaltheMCTS,4,0,0,4,0,4,
BestMCTS3_vs_MaltheMCTS,8,LEFT_B,4,7531379297996071367,MaltheMCTS,BestMCTS3,0,4,0,4,0,4,
BestMCTS3_vs_MaltheMCTS,9,LEFT_A,4,13867719739886777939,BestMCTS3,MaltheMCTS,3,1,0,3,1,4,
BestMCTS3_vs_MaltheMCTS,9,LEFT_B,4,18294676013858717312,MaltheMCTS,BestMCTS3,0,4,0,4,0,4,
BestMCTS3_vs_MaltheMCTS,10,LEFT_A,4,17077902571451753296,BestMCTS3,MaltheMCTS,4,0,0,4,0,4,
BestMCTS3_vs_MaltheMCTS,10,LEFT_B,4,7536001735846329721,MaltheMCTS,BestMCTS3,0,4,0,4,0,4,
BestMCTS3_vs_MaltheMCTS,11,LEFT_A,4,20781679684543339,BestMCTS3,MaltheMCTS,4,0,0,4,0,4,
BestMCTS3_vs_MaltheMCTS,11,LEFT_B,4,14169534991354008282,MaltheMCTS,BestMCTS3,0,4,0,4,0,4,
BestMCTS3_vs_MaltheMCTS,12,LEFT_A,4,83485215629046199,BestMCTS3,MaltheMCTS,4,0,0,4,0,4,
BestMCTS3_vs_MaltheMCTS,12,LEFT_B,4,15141194566449807625,MaltheMCTS,BestMCTS3,0,4,0,4,0,4,
BestMCTS3_vs_MaltheMCTS,13,LEFT_A,4,1912248329388914336,BestMCTS3,MaltheMCTS,4,0,0,4,0,4,
BestMCTS3_vs_MaltheMCTS,13,LEFT_B,4,16692613536360881968,MaltheMCTS,BestMCTS3,1,3,0,3,1,4,
BestMCTS3_vs_MaltheMCTS,14,LEFT_A,4,13098398615453404820,BestMCTS3,MaltheMCTS,4,0,0,4,0,4,
BestMCTS3_vs_MaltheMCTS,14,LEFT_B,4,3270286124487415628,MaltheMCTS,BestMCTS3,0,4,0,4,0,4,
BestMCTS3_vs_MaltheMCTS,15,LEFT_A,4,1819211869385960759,BestMCTS3,MaltheMCTS,4,0,0,4,0,4,
BestMCTS3_vs_MaltheMCTS,15,LEFT_B,4,5833262642295465814,MaltheMCTS,BestMCTS3,0,4,0,4,0,4,
BestMCTS3_vs_MaltheMCTS,16,LEFT_A,4,12670557204362770876,BestMCTS3,MaltheMCTS,3,1,0,3,1,4,
BestMCTS3_vs_MaltheMCTS,16,LEFT_B,4,11689272555085462190,MaltheMCTS,BestMCTS3,0,4,0,4,0,4,
BestMCTS3_vs_MaltheMCTS,17,LEFT_A,4,10992794759356756966,BestMCTS3,MaltheMCTS,4,0,0,4,0,4,
BestMCTS3_vs_MaltheMCTS,17,LEFT_B,4,7208897565578776975,MaltheMCTS,BestMCTS3,0,4,0,4,0,4,
BestMCTS3_vs_MaltheMCTS,18,LEFT_A,4,8698162358670309752,BestMCTS3,MaltheMCTS,4,0,0,4,0,4,
BestMCTS3_vs_MaltheMCTS,18,LEFT_B,4,10791738237917090698,MaltheMCTS,BestMCTS3,0,4,0,4,0,4,
BestMCTS3_vs_MaltheMCTS,19,LEFT_A,4,11035939724062046101,BestMCTS3,MaltheMCTS,4,0,0,4,0,4,
BestMCTS3_vs_MaltheMCTS,19,LEFT_B,4,6527250525928885246,MaltheMCTS,BestMCTS3,0,4,0,4,0,4,
BestMCTS3_vs_MaltheMCTS,20,LEFT_A,4,2910963547372947962,BestMCTS3,MaltheMCTS,4,0,0,4,0,4,
BestMCTS3_vs_MaltheMCTS,20,LEFT_B,4,17685028736321955255,MaltheMCTS,BestMCTS3,0,4,0,4,0,4,
BestMCTS3_vs_MaltheMCTS,21,LEFT_A,4,5758649473677889793,BestMCTS3,MaltheMCTS,4,0,0,4,0,4,
BestMCTS3_vs_MaltheMCTS,21,LEFT_B,4,10774850933132636621,MaltheMCTS,BestMCTS3,2,2,0,2,2,4,
BestMCTS3_vs_MaltheMCTS,22,LEFT_A,4,15047720077109700812,BestMCTS3,MaltheMCTS,4,0,0,4,0,4,
BestMCTS3_vs_MaltheMCTS,22,LEFT_B,4,15972479453193708089,MaltheMCTS,BestMCTS3,0,4,0,4,0,4,
BestMCTS3_vs_MaltheMCTS,23,LEFT_A,4,2983955995705541956,BestMCTS3,MaltheMCTS,4,0,0,4,0,4,
BestMCTS3_vs_MaltheMCTS,23,LEFT_B,4,7370663235874643739,MaltheMCTS,BestMCTS3,0,4,0,4,0,4,
BestMCTS3_vs_MaltheMCTS,24,LEFT_A,4,3933494419824537778,BestMCTS3,MaltheMCTS,4,0,0,4,0,4,
BestMCTS3_vs_MaltheMCTS,24,LEFT_B,4,6354827120653058366,MaltheMCTS,BestMCTS3,0,4,0,4,0,4,
BestMCTS3_vs_MaltheMCTS,25,LEFT_A,4,6623995312065621729,BestMCTS3,MaltheMCTS,3,1,0,3,1,4,
BestMCTS3_vs_MaltheMCTS,25,LEFT_B,4,5725639119422056069,MaltheMCTS,BestMCTS3,0,4,0,4,0,4,
BestMCTS3_vs_MaltheMCTS,26,LEFT_A,4,4556252572330083551,BestMCTS3,MaltheMCTS,4,0,0,4,0,4,
BestMCTS3_vs_MaltheMCTS,26,LEFT_B,4,4791686104179832682,MaltheMCTS,BestMCTS3,0,4,0,4,0,4,
BestMCTS3_vs_MaltheMCTS,27,LEFT_A,4,812482615242522336,BestMCTS3,MaltheMCTS,4,0,0,4,0,4,
BestMCTS3_vs_MaltheMCTS,27,LEFT_B,4,7566688492072208568,MaltheMCTS,BestMCTS3,0,4,0,4,0,4,
BestMCTS3_vs_MaltheMCTS,28,LEFT_A,4,16410314710976405891,BestMCTS3,MaltheMCTS,4,0,0,4,0,4,
BestMCTS3_vs_MaltheMCTS,28,LEFT_B,4,12435726873739589558,MaltheMCTS,BestMCTS3,0,4,0,4,0,4,
BestMCTS3_vs_MaltheMCTS,29,LEFT_A,4,8484956957618829574,BestMCTS3,MaltheMCTS,4,0,0,4,0,4,
BestMCTS3_vs_MaltheMCTS,29,LEFT_B,4,12046867201093743243,MaltheMCTS,BestMCTS3,0,4,0,4,0,4,
BestMCTS3_vs_MaltheMCTS,30,LEFT_A,4,8892809147657411199,BestMCTS3,MaltheMCTS,4,0,0,4,0,4,
BestMCTS3_vs_MaltheMCTS,30,LEFT_B,4,18199603084596203784,MaltheMCTS,BestMCTS3,0,4,0,4,0,4,
BestMCTS3_vs_MaltheMCTS,31,LEFT_A,4,14593305804077109620,BestMCTS3,MaltheMCTS,4,0,0,4,0,4,
BestMCTS3_vs_MaltheMCTS,31,LEFT_B,4,17143876118899986692,MaltheMCTS,BestMCTS3,0,4,0,4,0,4,
BestMCTS3_vs_MaltheMCTS,32,LEFT_A,4,8718120123355729500,BestMCTS3,MaltheMCTS,3,1,0,3,1,4,
BestMCTS3_vs_MaltheMCTS,32,LEFT_B,4,15321818946328703949,MaltheMCTS,BestMCTS3,0,4,0,4,0,4,
BestMCTS3_vs_MaltheMCTS,33,LEFT_A,4,9079091495434422402,BestMCTS3,MaltheMCTS,4,0,0,4,0,4,
BestMCTS3_vs_MaltheMCTS,33,LEFT_B,4,3378773604830028690,MaltheMCTS,BestMCTS3,1,3,0,3,1,4,
BestMCTS3_vs_MaltheMCTS,34,LEFT_A,4,17315556746255282592,BestMCTS3,MaltheMCTS,4,0,0,4,0,4,
BestMCTS3_vs_MaltheMCTS,34,LEFT_B,4,16883254498659443964,MaltheMCTS,BestMCTS3,1,3,0,3,1,4,
BestMCTS3_vs_MaltheMCTS,35,LEFT_A,4,18169861207405684420,BestMCTS3,MaltheMCTS,4,0,0,4,0,4,
BestMCTS3_vs_MaltheMCTS,35,LEFT_B,4,4698735797997378990,MaltheMCTS,BestMCTS3,0,4,0,4,0,4,
