pair_id,round_idx,side,runs,seed,left,right,p1_wins,p2_wins,draws,mapped_a_wins,mapped_b_wins,games,avg_ms
BestMCTS3_vs_EBot_F,0,LEFT_A,4,14815143361448375054,BestMCTS3,EBot_F,3,1,0,3,1,4,
BestMCTS3_vs_EBot_F,0,LEFT_B,4,1500381475532547931,EBot_F,BestMCTS3,0,4,0,4,0,4,
BestMCTS3_vs_EBot_F,1,LEFT_A,4,5278185036155460606,BestMCTS3,EBot_F,3,1,0,3,1,4,
BestMCTS3_vs_EBot_F,1,LEFT_B,4,9162501772115083706,EBot_F,BestMCTS3,1,3,0,3,1,4,
BestMCTS3_vs_EBot_F,2,LEFT_A,4,12825596037653368063,BestMCTS3,EBot_F,4,0,0,4,0,4,
BestMCTS3_vs_EBot_F,2,LEFT_B,4,6615479907016737480,EBot_F,BestMCTS3,2,2,0,2,2,4,
BestMCTS3_vs_EBot_F,3,LEFT_A,4,6935031452265538737,BestMCTS3,EBot_F,4,0,0,4,0,4,
BestMCTS3_vs_EBot_F,3,LEFT_B,4,4116930608944052973,EBot_F,BestMCTS3,1,3,0,3,1,4,
BestMCTS3_vs_EBot_F,4,LEFT_A,4,1260469518094978307,BestMCTS3,EBot_F,3,1,0,3,1,4,
BestMCTS3_vs_EBot_F,4,LEFT_B,4,9506124718770000059,EBot_F,BestMCTS3,2,2,0,2,2,4,
BestMCTS3_vs_EBot_F,5,LEFT_A,4,8283725974894623391,BestMCTS3,EBot_F,4,0,0,4,0,4,
BestMCTS3_vs_EBot_F,5,LEFT_B,4,11252248064091049841,EBot_F,BestMCTS3,0,4,0,4,0,4,
BestMCTS3_vs_EBot_F,6,LEFT_A,4,4290771201371314219,BestMCTS3,EBot_F,4,0,0,4,0,4,
BestMCTS3_vs_EBot_F,6,LEFT_B,4,2915207102889231930,EBot_F,BestMCTS3,2,2,0,2,2,4,
BestMCTS3_vs_EBot_F,7,LEFT_A,4,5848854777585152798,BestMCTS3,EBot_F,4,0,0,4,0,4,
BestMCTS3_vs_EBot_F,7,LEFT_B,4,8545022583676341724,EBot_F,BestMCTS3,1,3,0,3,1,4,
BestMCTS3_vs_EBot_F,8,LEFT_A,4,10591824883910125026,BestMCTS3,EBot_F,4,0,0,4,0,4,
BestMCTS3_vs_EBot_F,8,LEFT_B,4,8270871134487416178,EBot_F,BestMCTS3,1,3,0,3,1,4,
BestMCTS3_vs_EBot_F,9,LEFT_A,4,5635582844060274799,BestMCTS3,EBot_F,4,0,0,4,0,4,
BestMCTS3_vs_EBot_F,9,LEFT_B,4,1698922253197274039,EBot_F,BestMCTS3,0,4,0,4,0,4,
BestMCTS3_vs_EBot_F,10,LEFT_A,4,10343063024932448776,BestMCTS3,EBot_F,3,1,0,3,1,4,
BestMCTS3_vs_EBot_F,10,LEFT_B,4,1470664123557872438,EBot_F,BestMCTS3,1,3,0,3,1,4,
BestMCTS3_vs_EBot_F,11,LEFT_A,4,3625470343591089365,BestMCTS3,EBot_F,4,0,0,4,0,4,
BestMCTS3_vs_EBot_F,11,LEFT_B,4,7419096546289512099,EBot_F,BestMCTS3,2,2,0,2,2,4,
BestMCTS3_vs_EBot_F,12,LEFT_A,4,6778907451477570712,BestMCTS3,EBot_F,4,0,0,4,0,4,
BestMCTS3_vs_EBot_F,12,LEFT_B,4,17848776172382474415,EBot_F,BestMCTS3,1,3,0,3,1,4,
BestMCTS3_vs_EBot_F,13,LEFT_A,4,1184512399553484760,BestMCTS3,EBot_F,4,0,0,4,0,4,
BestMCTS3_vs_EBot_F,13,LEFT_B,4,14180842152716859222,EBot_F,BestMCTS3,1,3,0,3,1,4,
BestMCTS3_vs_EBot_F,14,LEFT_A,4,18309225626964179701,BestMCTS3,EBot_F,3,1,0,3,1,4,
BestMCTS3_vs_EBot_F,14,LEFT_B,4,882264346810125409,EBot_F,BestMCTS3,1,3,0,3,1,4,
BestMCTS3_vs_EBot_F,15,LEFT_A,4,522719568828872384,BestMCTS3,EBot_F,4,0,0,4,0,4,
BestMCTS3_vs_EBot_F,15,LEFT_B,4,17372969917243198665,EBot_F,BestMCTS3,0,4,0,4,0,4,
BestMCTS3_vs_EBot_F,16,LEFT_A,4,12380347531424260294,BestMCTS3,EBot_F,4,0,0,4,0,4,
BestMCTS3_vs_EBot_F,16,LEFT_B,4,11766425635165739081,EBot_F,BestMCTS3,2,2,0,2,2,4,
BestMCTS3_vs_EBot_F,17,LEFT_A,4,3321548565939757439,BestMCTS3,EBot_F,3,1,0,3,1,4,
BestMCTS3_vs_EBot_F,17,LEFT_B,4,12939607262579669600,EBot_F,BestMCTS3,1,3,0,3,1,4,
BestMCTS3_vs_EBot_F,18,LEFT_A,4,12381753986409826056,BestMCTS3,EBot_F,4,0,0,4,0,4,
BestMCTS3_vs_EBot_F,18,LEFT_B,4,7881362832611148088,EBot_F,BestMCTS3,0,4,0,4,0,4,
BestMCTS3_vs_EBot_F,19,LEFT_A,4,10501971461578643713,BestMCTS3,EBot_F,4,0,0,4,0,4,
BestMCTS3_vs_EBot_F,19,LEFT_B,4,13039864582085103143,EBot_F,BestMCTS3,1,3,0,3,1,4,
BestMCTS3_vs_EBot_F,20,LEFT_A,4,7361544357029073624,BestMCTS3,EBot_F,3,1,0,3,1,4,
BestMCTS3_vs_EBot_F,20,LEFT_B,4,9149226684332136962,EBot_F,BestMCTS3,0,4,0,4,0,4,
BestMCTS3_vs_EBot_F,21,LEFT_A,4,9462435736837141616,BestMCTS3,EBot_F,3,1,0,3,1,4,
BestMCTS3_vs_EBot_F,21,LEFT_B,4,158533548144329627,EBot_F,BestMCTS3,0,4,0,4,0,4,
BestMCTS3_vs_EBot_F,22,LEFT_A,4,16226835465734334997,BestMCTS3,EBot_F,4,0,0,4,0,4,
BestMCTS3_vs_EBot_F,22,LEFT_B,4,5991083669586915402,EBot_F,BestMCTS3,2,2,0,2,2,4,
BestMCTS3_vs_EBot_F,23,LEFT_A,4,8911635932907524177,BestMCTS3,EBot_F,3,1,0,3,1,4,
BestMCTS3_vs_EBot_F,23,LEFT_B,4,563081977926195085,EBot_F,BestMCTS3,1,3,0,3,1,4,
BestMCTS3_vs_EBot_F,24,LEFT_A,4,3275875529844629254,BestMCTS3,EBot_F,4,0,0,4,0,4,
BestMCTS3_vs_EBot_F,24,LEFT_B,4,14262821156483118716,EBot_F,BestMCTS3,1,3,0,3,1,4,
BestMCTS3_vs_EBot_F,25,LEFT_A,4,1025156465084217281,BestMCTS3,EBot_F,4,0,0,4,0,4,
BestMCTS3_vs_EBot_F,25,LEFT_B,4,8350550587492015573,EBot_F,BestMCTS3,0,4,0,4,0,4,
BestMCTS3_vs_EBot_F,26,LEFT_A,4,3578522082331093941,BestMCTS3,EBot_F,4,0,0,4,0,4,
BestMCTS3_vs_EBot_F,26,LEFT_B,4,7498228551892024292,EBot_F,BestMCTS3,1,3,0,3,1,4,
BestMCTS3_vs_EBot_F,27,LEFT_A,4,9984594442749440606,BestMCTS3,EBot_F,4,0,0,4,0,4,
BestMCTS3_vs_EBot_F,27,LEFT_B,4,6065920006806948750,EBot_F,BestMCTS3,1,3,0,3,1,4,
BestMCTS3_vs_EBot_F,28,LEFT_A,4,5996914836598833584,BestMCTS3,EBot_F,4,0,0,4,0,4,
BestMCTS3_vs_EBot_F,28,LEFT_B,4,8567541305851752758,EBot_F,BestMCTS3,1,3,0,3,1,4,
BestMCTS3_vs_EBot_F,29,LEFT_A,4,8968980320520763636,BestMCTS3,EBot_F,3,1,0,3,1,4,
BestMCTS3_vs_EBot_F,29,LEFT_B,4,9247872721639631477,EBot_F,BestMCTS3,0,4,0,4,0,4,
BestMCTS3_vs_EBot_F,30,LEFT_A,4,6407725128977442021,BestMCTS3,EBot_F,4,0,0,4,0,4,
BestMCTS3_vs_EBot_F,30,LEFT_B,4,11649477499722566245,EBot_F,BestMCTS3,2,2,0,2,2,4,
BestMCTS3_vs_EBot_F,31,LEFT_A,4,15056878123791075121,BestMCTS3,EBot_F,4,0,0,4,0,4,
BestMCTS3_vs_EBot_F,31,LEFT_B,4,13112317847414391231,EBot_F,BestMCTS3,0,4,0,4,0,4,
BestMCTS3_vs_EBot_F,32,LEFT_A,4,4379451320540732765,BestMCTS3,EBot_F,4,0,0,4,0,4,
BestMCTS3_vs_EBot_F,32,LEFT_B,4,15393526942291312662,EBot_F,BestMCTS3,3,1,0,1,3,4,
BestMCTS3_vs_EBot_F,33,LEFT_A,4,11262496889328590590,BestMCTS3,EBot_F,4,0,0,4,0,4,
BestMCTS3_vs_EBot_F,33,LEFT_B,4,6763655043631456584,EBot_F,BestMCTS3,1,3,0,3,1,4,
BestMCTS3_vs_EBot_F,34,LEFT_A,4,6545030997979759886,BestMCTS3,EBot_F,4,0,0,4,0,4,
BestMCTS3_vs_EBot_F,34,LEFT_B,4,6345788560806685090,EBot_F,BestMCTS3,1,3,0,3,1,4,
BestMCTS3_vs_EBot_F,35,LEFT_A,4,6734917758586002276,BestMCTS3,EBot_F,3,1,0,3,1,4,
BestMCTS3_vs_EBot_F,35,LEFT_B,4,1674475536582026578,EBot_F,BestMCTS3,1,3,0,3,1,4,
