pair_id,round_idx,side,runs,seed,left,right,p1_wins,p2_wins,draws,mapped_a_wins,mapped_b_wins,games,avg_ms
BestMCTS3_vs_ZMyBot,0,LEFT_A,4,18099555143688496933,BestMCTS3,grpc:ZMyBot,4,0,0,4,0,4,
BestMCTS3_vs_ZMyBot,0,LEFT_B,4,2205010703703157305,grpc:ZMyBot,BestMCTS3,1,3,0,3,1,4,
BestMCTS3_vs_ZMyBot,1,LEFT_A,4,4784259844159095557,BestMCTS3,grpc:ZMyBot,4,0,0,4,0,4,
BestMCTS3_vs_ZMyBot,1,LEFT_B,4,7822859385000913848,grpc:ZMyBot,BestMCTS3,0,4,0,4,0,4,
BestMCTS3_vs_ZMyBot,2,LEFT_A,4,8836658081767792102,BestMCTS3,grpc:ZMyBot,4,0,0,4,0,4,
BestMCTS3_vs_ZMyBot,2,LEFT_B,4,243054070427230667,grpc:ZMyBot,BestMCTS3,1,3,0,3,1,4,
BestMCTS3_vs_ZMyBot,3,LEFT_A,4,120223092740468736,BestMCTS3,grpc:ZMyBot,4,0,0,4,0,4,
BestMCTS3_vs_ZMyBot,3,LEFT_B,4,18353920305958941233,grpc:ZMyBot,BestMCTS3,0,4,0,4,0,4,
BestMCTS3_vs_ZMyBot,4,LEFT_A,4,7143983744461280524,BestMCTS3,grpc:ZMyBot,4,0,0,4,0,4,
BestMCTS3_vs_ZMyBot,4,LEFT_B,4,6125192493599406966,grpc:ZMyBot,BestMCTS3,0,4,0,4,0,4,
BestMCTS3_vs_ZMyBot,5,LEFT_A,4,14886992890253034454,BestMCTS3,grpc:ZMyBot,4,0,0,4,0,4,
BestMCTS3_vs_ZMyBot,5,LEFT_B,4,10213173865886730352,grpc:ZMyBot,BestMCTS3,0,4,0,4,0,4,
BestMCTS3_vs_ZMyBot,6,LEFT_A,4,8346700032075730300,BestMCTS3,grpc:ZMyBot,4,0,0,4,0,4,
BestMCTS3_vs_ZMyBot,6,LEFT_B,4,7749912965730779135,grpc:ZMyBot,BestMCTS3,0,4,0,4,0,4,
BestMCTS3_vs_ZMyBot,7,LEFT_A,4,7370739189389655345,BestMCTS3,grpc:ZMyBot,4,0,0,4,0,4,
BestMCTS3_vs_ZMyBot,7,LEFT_B,4,15716425872661330716,grpc:ZMyBot,BestMCTS3,1,3,0,3,1,4,
BestMCTS3_vs_ZMyBot,8,LEFT_A,4,5998144725803798868,BestMCTS3,grpc:ZMyBot,4,0,0,4,0,4,
BestMCTS3_vs_ZMyBot,8,LEFT_B,4,1847749270824091906,grpc:ZMyBot,BestMCTS3,0,4,0,4,0,4,
BestMCTS3_vs_ZMyBot,9,LEFT_A,4,10768342402934868394,BestMCTS3,grpc:ZMyBot,4,0,0,4,0,4,
BestMCTS3_vs_ZMyBot,9,LEFT_B,4,3493814908965428431,grpc:ZMyBot,BestMCTS3,1,3,0,3,1,4,
BestMCTS3_vs_ZMyBot,10,LEFT_A,4,5352415943663204083,BestMCTS3,grpc:ZMyBot,3,1,0,3,1,4,
BestMCTS3_vs_ZMyBot,10,LEFT_B,4,17445307290282571491,grpc:ZMyBot,BestMCTS3,1,3,0,3,1,4,
BestMCTS3_vs_ZMyBot,11,LEFT_A,4,1235964932023917883,BestMCTS3,grpc:ZMyBot,4,0,0,4,0,4,
BestMCTS3_vs_ZMyBot,11,LEFT_B,4,5115472959533270465,grpc:ZMyBot,BestMCTS3,0,4,0,4,0,4,
BestMCTS3_vs_ZMyBot,12,LEFT_A,4,8626962276169806706,BestMCTS3,grpc:ZMyBot,4,0,0,4,0,4,
BestMCTS3_vs_ZMyBot,12,LEFT_B,4,2405210808194809877,grpc:ZMyBot,BestMCTS3,1,3,0,3,1,4,
BestMCTS3_vs_ZMyBot,13,LEFT_A,4,3410321691804724527,BestMCTS3,grpc:ZMyBot,4,0,0,4,0,4,
BestMCTS3_vs_ZMyBot,13,LEFT_B,4,13333653919173125523,grpc:ZMyBot,BestMCTS3,0,4,0,4,0,4,
BestMCTS3_vs_ZMyBot,14,LEFT_A,4,11044971377433652647,BestMCTS3,grpc:ZMyBot,4,0,0,4,0,4,
BestMCTS3_vs_ZMyBot,14,LEFT_B,4,9628598833384229423,grpc:ZMyBot,BestMCTS3,0,4,0,4,0,4,
BestMCTS3_vs_ZMyBot,15,LEFT_A,4,8748140268306607009,BestMCTS3,grpc:ZMyBot,4,0,0,4,0,4,
BestMCTS3_vs_ZMyBot,15,LEFT_B,4,1582617035669938083,grpc:ZMyBot,BestMCTS3,0,4,0,4,0,4,
BestMCTS3_vs_ZMyBot,16,LEFT_A,4,9346274157854910284,BestMCTS3,grpc:ZMyBot,3,1,0,3,1,4,
BestMCTS3_vs_ZMyBot,16,LEFT_B,4,6932150303880172808,grpc:ZMyBot,BestMCTS3,0,4,0,4,0,4,
BestMCTS3_vs_ZMyBot,17,LEFT_A,4,2773763790741750171,BestMCTS3,grpc:ZMyBot,4,0,0,4,0,4,
BestMCTS3_vs_ZMyBot,17,LEFT_B,4,5419815421899263985,grpc:ZMyBot,BestMCTS3,0,4,0,4,0,4,
BestMCTS3_vs_ZMyBot,18,LEFT_A,4,4114708457048006593,BestMCTS3,grpc:ZMyBot,4,0,0,4,0,4,
BestMCTS3_vs_ZMyBot,18,LEFT_B,4,9423231413599133697,grpc:ZMyBot,BestMCTS3,0,4,0,4,0,4,
BestMCTS3_vs_ZMyBot,19,LEFT_A,4,5578867323968069147,BestMCTS3,grpc:ZMyBot,4,0,0,4,0,4,
BestMCTS3_vs_ZMyBot,19,LEFT_B,4,3553719994125834516,grpc:ZMyBot,BestMCTS3,1,3,0,3,1,4,
BestMCTS3_vs_ZMyBot,20,LEFT_A,4,6413425464923486515,BestMCTS3,grpc:ZMyBot,3,1,0,3,1,4,
BestMCTS3_vs_ZMyBot,20,LEFT_B,4,1387195143638781606,grpc:ZMyBot,BestMCTS3,0,4,0,4,0,4,
BestMCTS3_vs_ZMyBot,21,LEFT_A,4,2941332878525032896,BestMCTS3,grpc:ZMyBot,4,0,0,4,0,4,
BestMCTS3_vs_ZMyBot,21,LEFT_B,4,11959539606746023476,grpc:ZMyBot,BestMCTS3,0,4,0,4,0,4,
BestMCTS3_vs_ZMyBot,22,LEFT_A,4,17032115529850569951,BestMCTS3,grpc:ZMyBot,4,0,0,4,0,4,
BestMCTS3_vs_ZMyBot,22,LEFT_B,4,6095076041532130100,grpc:ZMyBot,BestMCTS3,0,4,0,4,0,4,
BestMCTS3_vs_ZMyBot,23,LEFT_A,4,15551034434291137319,BestMCTS3,grpc:ZMyBot,4,0,0,4,0,4,
BestMCTS3_vs_ZMyBot,23,LEFT_B,4,1846473698434098884,grpc:ZMyBot,BestMCTS3,0,4,0,4,0,4,
BestMCTS3_vs_ZMyBot,24,LEFT_A,4,1541884137567677197,BestMCTS3,grpc:ZMyBot,4,0,0,4,0,4,
BestMCTS3_vs_ZMyBot,24,LEFT_B,4,5676800544023352831,grpc:ZMyBot,BestMCTS3,0,4,0,4,0,4,
BestMCTS3_vs_ZMyBot,25,LEFT_A,4,1011400568881267006,BestMCTS3,grpc:ZMyBot,4,0,0,4,0,4,
BestMCTS3_vs_ZMyBot,25,LEFT_B,4,7523387394870666911,grpc:ZMyBot,BestMCTS3,1,3,0,3,1,4,
BestMCTS3_vs_ZMyBot,26,LEFT_A,4,880381724134506733,BestMCTS3,grpc:ZMyBot,4,0,0,4,0,4,
BestMCTS3_vs_ZMyBot,26,LEFT_B,4,5961740284227596079,grpc:ZMyBot,BestMCTS3,0,4,0,4,0,4,
BestMCTS3_vs_ZMyBot,27,LEFT_A,4,10624444907533551621,BestMCTS3,grpc:ZMyBot,3,1,0,3,1,4,
BestMCTS3_vs_ZMyBot,27,LEFT_B,4,14046336352548328597,grpc:ZMyBot,BestMCTS3,0,4,0,4,0,4,
BestMCTS3_vs_ZMyBot,28,LEFT_A,4,15922425552824311679,BestMCTS3,grpc:ZMyBot,4,0,0,4,0,4,
BestMCTS3_vs_ZMyBot,28,LEFT_B,4,9565209727780975974,grpc:ZMyBot,BestMCTS3,0,4,0,4,0,4,
BestMCTS3_vs_ZMyBot,29,LEFT_A,4,13927802789886919994,BestMCTS3,grpc:ZMyBot,4,0,0,4,0,4,
BestMCTS3_vs_ZMyBot,29,LEFT_B,4,141022413855049564,grpc:ZMyBot,BestMCTS3,0,4,0,4,0,4,
BestMCTS3_vs_ZMyBot,30,LEFT_A,4,13765634940648997887,BestMCTS3,grpc:ZMyBot,4,0,0,4,0,4,
BestMCTS3_vs_ZMyBot,30,LEFT_B,4,12676728243063058727,grpc:ZMyBot,BestMCTS3,0,4,0,4,0,4,
BestMCTS3_vs_ZMyBot,31,LEFT_A,4,6528308704924350453,BestMCTS3,grpc:ZMyBot,4,0,0,4,0,4,
BestMCTS3_vs_ZMyBot,31,LEFT_B,4,8757212427496714728,grpc:ZMyBot,BestMCTS3,0,4,0,4,0,4,
BestMCTS3_vs_ZMyBot,32,LEFT_A,4,5861082011133349925,BestMCTS3,grpc:ZMyBot,4,0,0,4,0,4,
BestMCTS3_vs_ZMyBot,32,LEFT_B,4,7078378992983573161,grpc:ZMyBot,BestMCTS3,0,4,0,4,0,4,
BestMCTS3_vs_ZMyBot,33,LEFT_A,4,8469262883808370283,BestMCTS3,grpc:ZMyBot,4,0,0,4,0,4,
BestMCTS3_vs_ZMyBot,33,LEFT_B,4,12617175603983840723,grpc:ZMyBot,BestMCTS3,0,4,0,4,0,4,
BestMCTS3_vs_ZMyBot,34,LEFT_A,4,15338301369871327110,BestMCTS3,grpc:ZMyBot,4,0,0,4,0,4,
BestMCTS3_vs_ZMyBot,34,LEFT_B,4,854830263433783841,grpc:ZMyBot,BestMCTS3,0,4,0,4,0,4,
BestMCTS3_vs_ZMyBot,35,LEFT_A,4,6819939269329507276,BestMCTS3,grpc:ZMyBot,4,0,0,4,0,4,
BestMCTS3_vs_ZMyBot,35,LEFT_B,4,13161077825750992451,grpc:ZMyBot,BestMCTS3,0,4,0,4,0,4,
