pair_id,round_idx,side,runs,seed,left,right,p1_wins,p2_wins,draws,mapped_a_wins,mapped_b_wins,games,avg_ms
BestMCTS3_vs_EBot_C,0,LEFT_A,4,17509532921667094520,BestMCTS3,EBot_C,4,0,0,4,0,4,
BestMCTS3_vs_EBot_C,0,LEFT_B,4,9904263347104854873,EBot_C,BestMCTS3,2,2,0,2,2,4,
BestMCTS3_vs_EBot_C,1,LEFT_A,4,5973876510675720765,BestMCTS3,EBot_C,4,0,0,4,0,4,
BestMCTS3_vs_EBot_C,1,LEFT_B,4,16080816982419668266,EBot_C,BestMCTS3,0,4,0,4,0,4,
BestMCTS3_vs_EBot_C,2,LEFT_A,4,11318649702516748922,BestMCTS3,EBot_C,4,0,0,4,0,4,
BestMCTS3_vs_EBot_C,2,LEFT_B,4,18221710559228257486,EBot_C,BestMCTS3,0,4,0,4,0,4,
BestMCTS3_vs_EBot_C,3,LEFT_A,4,13934244652893318443,BestMCTS3,EBot_C,4,0,0,4,0,4,
BestMCTS3_vs_EBot_C,3,LEFT_B,4,18128228471560184954,EBot_C,BestMCTS3,2,2,0,2,2,4,
BestMCTS3_vs_EBot_C,4,LEFT_A,4,18180383613348654692,BestMCTS3,EBot_C,3,1,0,3,1,4,
BestMCTS3_vs_EBot_C,4,LEFT_B,4,12795189430342770464,EBot_C,BestMCTS3,1,3,0,3,1,4,
BestMCTS3_vs_EBot_C,5,LEFT_A,4,10753464257611913437,BestMCTS3,EBot_C,4,0,0,4,0,4,
BestMCTS3_vs_EBot_C,5,LEFT_B,4,16998876632295973770,EBot_C,BestMCTS3,1,3,0,3,1,4,
BestMCTS3_vs_EBot_C,6,LEFT_A,4,14292939724451553481,BestMCTS3,EBot_C,4,0,0,4,0,4,
BestMCTS3_vs_EBot_C,6,LEFT_B,4,15817216393685065697,EBot_C,BestMCTS3,1,3,0,3,1,4,
BestMCTS3_vs_EBot_C,7,LEFT_A,4,11037416395661818688,BestMCTS3,EBot_C,3,1,0,3,1,4,
BestMCTS3_vs_EBot_C,7,LEFT_B,4,13470054150924033353,EBot_C,BestMCTS3,1,3,0,3,1,4,
BestMCTS3_vs_EBot_C,8,LEFT_A,4,7151816035098611421,BestMCTS3,EBot_C,4,0,0,4,0,4,
BestMCTS3_vs_EBot_C,8,LEFT_B,4,13645342115415142111,EBot_C,BestMCTS3,1,3,0,3,1,4,
BestMCTS3_vs_EBot_C,9,LEFT_A,4,7918586717157184556,BestMCTS3,EBot_C,4,0,0,4,0,4,
BestMCTS3_vs_EBot_C,9,LEFT_B,4,11141210013066453628,EBot_C,BestMCTS3,1,3,0,3,1,4,
BestMCTS3_vs_EBot_C,10,LEFT_A,4,4306025001807409771,BestMCTS3,EBot_C,3,1,0,3,1,4,
BestMCTS3_vs_EBot_C,10,LEFT_B,4,733832644952151369,EBot_C,BestMCTS3,1,3,0,3,1,4,
BestMCTS3_vs_EBot_C,11,LEFT_A,4,13018376417412958668,BestMCTS3,EBot_C,3,1,0,3,1,4,
BestMCTS3_vs_EBot_C,11,LEFT_B,4,6912689928780087769,EBot_C,BestMCTS3,0,4,0,4,0,4,
BestMCTS3_vs_EBot_C,12,LEFT_A,4,16080204383718264394,BestMCTS3,EBot_C,4,0,0,4,0,4,
BestMCTS3_vs_EBot_C,12,LEFT_B,4,5515578670030222584,EBot_C,BestMCTS3,1,3,0,3,1,4,
BestMCTS3_vs_EBot_C,13,LEFT_A,4,6135963003524609926,BestMCTS3,EBot_C,4,0,0,4,0,4,
BestMCTS3_vs_EBot_C,13,LEFT_B,4,17106526205316009702,EBot_C,BestMCTS3,0,4,0,4,0,4,
BestMCTS3_vs_EBot_C,14,LEFT_A,4,12798482630647340125,BestMCTS3,EBot_C,4,0,0,4,0,4,
BestMCTS3_vs_EBot_C,14,LEFT_B,4,8252344538839283881,EBot_C,BestMCTS3,1,3,0,3,1,4,
BestMCTS3_vs_EBot_C,15,LEFT_A,4,6402492353757924748,BestMCTS3,EBot_C,4,0,0,4,0,4,
BestMCTS3_vs_EBot_C,15,LEFT_B,4,9988003039538320952,EBot_C,BestMCTS3,1,3,0,3,1,4,
BestMCTS3_vs_EBot_C,16,LEFT_A,4,18031688362459122524,BestMCTS3,EBot_C,3,1,0,3,1,4,
BestMCTS3_vs_EBot_C,16,LEFT_B,4,14590693093402028767,EBot_C,BestMCTS3,0,4,0,4,0,4,
BestMCTS3_vs_EBot_C,17,LEFT_A,4,723124713240584239,BestMCTS3,EBot_C,4,0,0,4,0,4,
BestMCTS3_vs_EBot_C,17,LEFT_B,4,5461257920216707563,EBot_C,BestMCTS3,0,4,0,4,0,4,
BestMCTS3_vs_EBot_C,18,LEFT_A,4,16487632363770774149,BestMCTS3,EBot_C,3,1,0,3,1,4,
BestMCTS3_vs_EBot_C,18,LEFT_B,4,177450111156330846,EBot_C,BestMCTS3,2,2,0,2,2,4,
BestMCTS3_vs_EBot_C,19,LEFT_A,4,5221146187089912991,BestMCTS3,EBot_C,4,0,0,4,0,4,
BestMCTS3_vs_EBot_C,19,LEFT_B,4,1280320189652120775,EBot_C,BestMCTS3,0,4,0,4,0,4,
BestMCTS3_vs_EBot_C,20,LEFT_A,4,5157564590998272269,BestMCTS3,EBot_C,4,0,0,4,0,4,
BestMCTS3_vs_EBot_C,20,LEFT_B,4,3663625068045947011,EBot_C,BestMCTS3,0,4,0,4,0,4,
BestMCTS3_vs_EBot_C,21,LEFT_A,4,1477357553427654833,BestMCTS3,EBot_C,4,0,0,4,0,4,
BestMCTS3_vs_EBot_C,21,LEFT_B,4,9025930446139336972,EBot_C,BestMCTS3,2,2,0,2,2,4,
BestMCTS3_vs_EBot_C,22,LEFT_A,4,2973823516257160694,BestMCTS3,EBot_C,4,0,0,4,0,4,
BestMCTS3_vs_EBot_C,22,LEFT_B,4,7188941912293748663,EBot_C,BestMCTS3,2,2,0,2,2,4,
BestMCTS3_vs_EBot_C,23,LEFT_A,4,9417629635196958887,BestMCTS3,EBot_C,4,0,0,4,0,4,
BestMCTS3_vs_EBot_C,23,LEFT_B,4,16618938565403698005,EBot_C,BestMCTS3,0,4,0,4,0,4,
BestMCTS3_vs_EBot_C,24,LEFT_A,4,12211375147267554964,BestMCTS3,EBot_C,4,0,0,4,0,4,
BestMCTS3_vs_EBot_C,24,LEFT_B,4,6216117776847048340,EBot_C,BestMCTS3,1,3,0,3,1,4,
BestMCTS3_vs_EBot_C,25,LEFT_A,4,3400859514352318374,BestMCTS3,EBot_C,4,0,0,4,0,4,
BestMCTS3_vs_EBot_C,25,LEFT_B,4,3869900685914272901,EBot_C,BestMCTS3,1,3,0,3,1,4,
BestMCTS3_vs_EBot_C,26,LEFT_A,4,12113452107297022829,BestMCTS3,EBot_C,4,0,0,4,0,4,
BestMCTS3_vs_EBot_C,26,LEFT_B,4,18112932053600449073,EBot_C,BestMCTS3,0,4,0,4,0,4,
BestMCTS3_vs_EBot_C,27,LEFT_A,4,3566085037577312982,BestMCTS3,EBot_C,4,0,0,4,0,4,
BestMCTS3_vs_EBot_C,27,LEFT_B,4,1766305063184233122,EBot_C,BestMCTS3,1,3,0,3,1,4,
BestMCTS3_vs_EBot_C,28,LEFT_A,4,18349739401263716312,BestMCTS3,EBot_C,3,1,0,3,1,4,
BestMCTS3_vs_EBot_C,28,LEFT_B,4,3193614175815742058,EBot_C,BestMCTS3,0,4,0,4,0,4,
BestMCTS3_vs_EBot_C,29,LEFT_A,4,14957814335179515803,BestMCTS3,EBot_C,3,1,0,3,1,4,
BestMCTS3_vs_EBot_C,29,LEFT_B,4,4226421665035835948,EBot_C,BestMCTS3,1,3,0,3,1,4,
BestMCTS3_vs_EBot_C,30,LEFT_A,4,15281876843828815272,BestMCTS3,EBot_C,3,1,0,3,1,4,
BestMCTS3_vs_EBot_C,30,LEFT_B,4,9748752695545178650,EBot_C,BestMCTS3,2,2,0,2,2,4,
BestMCTS3_vs_EBot_C,31,LEFT_A,4,460214140569853315,BestMCTS3,EBot_C,4,0,0,4,0,4,
BestMCTS3_vs_EBot_C,31,LEFT_B,4,16780155308883619178,EBot_C,BestMCTS3,1,3,0,3,1,4,
BestMCTS3_vs_EBot_C,32,LEFT_A,4,15819534824801085120,BestMCTS3,EBot_C,4,0,0,4,0,4,
BestMCTS3_vs_EBot_C,32,LEFT_B,4,10131443032098458800,EBot_C,BestMCTS3,0,4,0,4,0,4,
BestMCTS3_vs_EBot_C,33,LEFT_A,4,7767857930682481364,BestMCTS3,EBot_C,4,0,0,4,0,4,
BestMCTS3_vs_EBot_C,33,LEFT_B,4,9650298389872554566,EBot_C,BestMCTS3,0,4,0,4,0,4,
BestMCTS3_vs_EBot_C,34,LEFT_A,4,11138798162497290384,BestMCTS3,EBot_C,3,1,0,3,1,4,
BestMCTS3_vs_EBot_C,34,LEFT_B,4,6748443452482707740,EBot_C,BestMCTS3,1,3,0,3,1,4,
BestMCTS3_vs_EBot_C,35,LEFT_A,4,9082805622931186652,BestMCTS3,EBot_C,4,0,0,4,0,4,
BestMCTS3_vs_EBot_C,35,LEFT_B,4,10877054972027368958,EBot_C,BestMCTS3,1,3,0,3,1,4,
