pair_id,round_idx,side,runs,seed,left,right,p1_wins,p2_wins,draws,mapped_a_wins,mapped_b_wins,games,avg_ms
Council_of_two_bot_vs_Sakkirina,0,LEFT_A,4,17517168724908825143,grpc:Council_of_two_bot,Sakkirina,0,4,0,0,4,4,
Council_of_two_bot_vs_Sakkirina,0,LEFT_B,4,9605827417555186437,Sakkirina,grpc:Council_of_two_bot,4,0,0,0,4,4,
Council_of_two_bot_vs_Sakkirina,1,LEFT_A,4,12065021769706180187,grpc:Council_of_two_bot,Sakkirina,0,4,0,0,4,4,
Council_of_two_bot_vs_Sakkirina,1,LEFT_B,4,13813522544427540858,Sakkirina,grpc:Council_of_two_bot,4,0,0,0,4,4,
Council_of_two_bot_vs_Sakkirina,2,LEFT_A,4,12115624472680449192,grpc:Council_of_two_bot,Sakkirina,0,4,0,0,4,4,
Council_of_two_bot_vs_Sakkirina,2,LEFT_B,4,4843070265195937929,Sakkirina,grpc:Council_of_two_bot,4,0,0,0,4,4,
Council_of_two_bot_vs_Sakkirina,3,LEFT_A,4,3009762063978355883,grpc:Council_of_two_bot,Sakkirina,0,4,0,0,4,4,
Council_of_two_bot_vs_Sakkirina,3,LEFT_B,4,14463020077641460702,Sakkirina,grpc:Council_of_two_bot,4,0,0,0,4,4,
Council_of_two_bot_vs_Sakkirina,4,LEFT_A,4,15059250822089950932,grpc:Council_of_two_bot,Sakkirina,1,3,0,1,3,4,
Council_of_two_bot_vs_Sakkirina,4,LEFT_B,4,16444132753234252571,Sakkirina,grpc:Council_of_two_bot,4,0,0,0,4,4,
Council_of_two_bot_vs_Sakkirina,5,LEFT_A,4,10969406597151401853,grpc:Council_of_two_bot,Sakkirina,0,4,0,0,4,4,
Council_of_two_bot_vs_Sakkirina,5,LEFT_B,4,11889646553903139861,Sakkirina,grpc:Council_of_two_bot,4,0,0,0,4,4,
Council_of_two_bot_vs_Sakkirina,6,LEFT_A,4,8375631392089937018,grpc:Council_of_two_bot,Sakkirina,0,4,0,0,4,4,
Council_of_two_bot_vs_Sakkirina,6,LEFT_B,4,16912394107161213336,Sakkirina,grpc:Council_of_two_bot,4,0,0,0,4,4,
Council_of_two_bot_vs_Sakkirina,7,LEFT_A,4,14030028730319470492,grpc:Council_of_two_bot,Sakkirina,1,3,0,1,3,4,
Council_of_two_bot_vs_Sakkirina,7,LEFT_B,4,12240933809954433973,Sakkirina,grpc:Council_of_two_bot,4,0,0,0,4,4,
Council_of_two_bot_vs_Sakkirina,8,LEFT_A,4,12595217906210305092,grpc:Council_of_two_bot,Sakkirina,1,3,0,1,3,4,
Council_of_two_bot_vs_Sakkirina,8,LEFT_B,4,7210832328185052085,Sakkirina,grpc:Council_of_two_bot,3,1,0,1,3,4,
Council_of_two_bot_vs_Sakkirina,9,LEFT_A,4,9127307690980020772,grpc:Council_of_two_bot,Sakkirina,1,3,0,1,3,4,
Council_of_two_bot_vs_Sakkirina,9,LEFT_B,4,15554332399167863479,Sakkirina,grpc:Council_of_two_bot,4,0,0,0,4,4,
Council_of_two_bot_vs_Sakkirina,10,LEFT_A,4,1967584734740181311,grpc:Council_of_two_bot,Sakkirina,0,4,0,0,4,4,
Council_of_two_bot_vs_Sakkirina,10,LEFT_B,4,11509657159069802312,Sakkirina,grpc:Council_of_two_bot,3,1,0,1,3,4,
Council_of_two_bot_vs_Sakkirina,11,LEFT_A,4,10028186055658927279,grpc:Council_of_two_bot,Sakkirina,1,3,0,1,3,4,
Council_of_two_bot_vs_Sakkirina,11,LEFT_B,4,7527272630146770973,Sakkirina,grpc:Council_of_two_bot,3,1,0,1,3,4,
Council_of_two_bot_vs_Sakkirina,12,LEFT_A,4,15818125536714616480,grpc:Council_of_two_bot,Sakkirina,0,4,0,0,4,4,
Council_of_two_bot_vs_Sakkirina,12,LEFT_B,4,5713053178628260204,Sakkirina,grpc:Council_of_two_bot,4,0,0,0,4,4,
Council_of_two_bot_vs_Sakkirina,13,LEFT_A,4,12648902261943791411,grpc:Council_of_two_bot,Sakkirina,0,4,0,0,4,4,
Council_of_two_bot_vs_Sakkirina,13,LEFT_B,4,11717207844299253739,Sakkirina,grpc:Council_of_two_bot,4,0,0,0,4,4,
Council_of_two_bot_vs_Sakkirina,14,LEFT_A,4,4517536912892631589,grpc:Council_of_two_bot,Sakkirina,0,4,0,0,4,4,
Council_of_two_bot_vs_Sakkirina,14,LEFT_B,4,13502178731482175636,Sakkirina,grpc:Council_of_two_bot,4,0,0,0,4,4,
Council_of_two_bot_vs_Sakkirina,15,LEFT_A,4,6085335463519738218,grpc:Council_of_two_bot,Sakkirina,1,3,0,1,3,4,
Council_of_two_bot_vs_Sakkirina,15,LEFT_B,4,15539771078113688168,Sakkirina,grpc:Council_of_two_bot,4,0,0,0,4,4,
Council_of_two_bot_vs_Sakkirina,16,LEFT_A,4,14378404001913433279,grpc:Council_of_two_bot,Sakkirina,0,4,0,0,4,4,
Council_of_two_bot_vs_Sakkirina,16,LEFT_B,4,7736446809193151696,Sakkirina,grpc:Council_of_two_bot,4,0,0,0,4,4,
Council_of_two_bot_vs_Sakkirina,17,LEFT_A,4,17647030416245399417,grpc:Council_of_two_bot,Sakkirina,2,2,0,2,2,4,
Council_of_two_bot_vs_Sakkirina,17,LEFT_B,4,6306920464162995637,Sakkirina,grpc:Council_of_two_bot,4,0,0,0,4,4,
Council_of_two_bot_vs_Sakkirina,18,LEFT_A,4,14449914722040302427,grpc:Council_of_two_bot,Sakkirina,0,4,0,0,4,4,
Council_of_two_bot_vs_Sakkirina,18,LEFT_B,4,12712327265613649537,Sakkirina,grpc:Council_of_two_bot,4,0,0,0,4,4,
Council_of_two_bot_vs_Sakkirina,19,LEFT_A,4,883493576542785140,grpc:Council_of_two_bot,Sakkirina,0,4,0,0,4,4,
Council_of_two_bot_vs_Sakkirina,19,LEFT_B,4,14001047222426768542,Sakkirina,grpc:Council_of_two_bot,3,1,0,1,3,4,
Council_of_two_bot_vs_Sakkirina,20,LEFT_A,4,7502196519077037810,grpc:Council_of_two_bot,Sakkirina,0,4,0,0,4,4,
Council_of_two_bot_vs_Sakkirina,20,LEFT_B,4,4804666452560278037,Sakkirina,grpc:Council_of_two_bot,4,0,0,0,4,4,
Council_of_two_bot_vs_Sakkirina,21,LEFT_A,4,15991831736754912420,grpc:Council_of_two_bot,Sakkirina,1,3,0,1,3,4,
Council_of_two_bot_vs_Sakkirina,21,LEFT_B,4,16995233145138698256,Sakkirina,grpc:Council_of_two_bot,4,0,0,0,4,4,
Council_of_two_bot_vs_Sakkirina,22,LEFT_A,4,8460648354060979049,grpc:Council_of_two_bot,Sakkirina,1,3,0,1,3,4,
Council_of_two_bot_vs_Sakkirina,22,LEFT_B,4,10395788635381057528,Sakkirina,grpc:Council_of_two_bot,4,0,0,0,4,4,
Council_of_two_bot_vs_Sakkirina,23,LEFT_A,4,5190321164091969726,grpc:Council_of_two_bot,Sakkirina,1,3,0,1,3,4,
Council_of_two_bot_vs_Sakkirina,23,LEFT_B,4,18363076464310741402,Sakkirina,grpc:Council_of_two_bot,4,0,0,0,4,4,
Council_of_two_bot_vs_Sakkirina,24,LEFT_A,4,3858501951144149042,grpc:Council_of_two_bot,Sakkirina,0,4,0,0,4,4,
Council_of_two_bot_vs_Sakkirina,24,LEFT_B,4,10263047193044780595,Sakkirina,grpc:Council_of_two_bot,4,0,0,0,4,4,
Council_of_two_bot_vs_Sakkirina,25,LEFT_A,4,12147241406040363226,grpc:Council_of_two_bot,Sakkirina,0,4,0,0,4,4,
Council_of_two_bot_vs_Sakkirina,25,LEFT_B,4,6657696285802921288,Sakkirina,grpc:Council_of_two_bot,4,0,0,0,4,4,
Council_of_two_bot_vs_Sakkirina,26,LEFT_A,4,11277336378402473088,grpc:Council_of_two_bot,Sakkirina,0,4,0,0,4,4,
Council_of_two_bot_vs_Sakkirina,26,LEFT_B,4,8828844568134140785,Sakkirina,grpc:Council_of_two_bot,4,0,0,0,4,4,
Council_of_two_bot_vs_Sakkirina,27,LEFT_A,4,17923440572151685070,grpc:Council_of_two_bot,Sakkirina,1,3,0,1,3,4,
Council_of_two_bot_vs_Sakkirina,27,LEFT_B,4,5701405218924296812,Sakkirina,grpc:Council_of_two_bot,3,1,0,1,3,4,
Council_of_two_bot_vs_Sakkirina,28,LEFT_A,4,17870794418896925228,grpc:Council_of_two_bot,Sakkirina,0,4,0,0,4,4,
Council_of_two_bot_vs_Sakkirina,28,LEFT_B,4,17167254045294191903,Sakkirina,grpc:Council_of_two_bot,4,0,0,0,4,4,
Council_of_two_bot_vs_Sakkirina,29,LEFT_A,4,2370536584854897183,grpc:Council_of_two_bot,Sakkirina,0,4,0,0,4,4,
Council_of_two_bot_vs_Sakkirina,29,LEFT_B,4,1542570053653623443,Sakkirina,grpc:Council_of_two_bot,3,1,0,1,3,4,
Council_of_two_bot_vs_Sakkirina,30,LEFT_A,4,17787920350291716077,grpc:Council_of_two_bot,Sakkirina,1,3,0,1,3,4,
Council_of_two_bot_vs_Sakkirina,30,LEFT_B,4,3256650571384579099,Sakkirina,grpc:Council_of_two_bot,4,0,0,0,4,4,
Council_of_two_bot_vs_Sakkirina,31,LEFT_A,4,5274320023389990711,grpc:Council_of_two_bot,Sakkirina,1,3,0,1,3,4,
Council_of_two_bot_vs_Sakkirina,31,LEFT_B,4,17294332497196353060,Sakkirina,grpc:Council_of_two_bot,4,0,0,0,4,4,
Council_of_two_bot_vs_Sakkirina,32,LEFT_A,4,12734667565715697165,grpc:Council_of_two_bot,Sakkirina,0,4,0,0,4,4,
Council_of_two_bot_vs_Sakkirina,32,LEFT_B,4,7166831554991913141,Sakkirina,grpc:Council_of_two_bot,4,0,0,0,4,4,
Council_of_two_bot_vs_Sakkirina,33,LEFT_A,4,17132186010632532795,grpc:Council_of_two_bot,Sakkirina,0,4,0,0,4,4,
Council_of_two_bot_vs_Sakkirina,33,LEFT_B,4,14566309458745397989,Sakkirina,grpc:Council_of_two_bot,4,0,0,0,4,4,
Council_of_two_bot_vs_Sakkirina,34,LEFT_A,4,10576822241638782835,grpc:Council_of_two_bot,Sakkirina,0,4,0,0,4,4,
Council_of_two_bot_vs_Sakkirina,34,LEFT_B,4,8102165063756987991,Sakkirina,grpc:Council_of_two_bot,3,1,0,1,3,4,
Council_of_two_bot_vs_Sakkirina,35,LEFT_A,4,4784442225299136850,grpc:Council_of_two_bot,Sakkirina,4,0,0,4,0,4,
Council_of_two_bot_vs_Sakkirina,35,LEFT_B,4,2364218849043998348,Sakkirina,grpc:Council_of_two_bot,4,0,0,0,4,4,
