pair_id,round_idx,side,runs,seed,left,right,p1_wins,p2_wins,draws,mapped_a_wins,mapped_b_wins,games,avg_ms
Council_of_two_bot_vs_MaltheMCTS,0,LEFT_A,4,12009131306909883417,grpc:Council_of_two_bot,MaltheMCTS,1,3,0,1,3,4,
Council_of_two_bot_vs_MaltheMCTS,0,LEFT_B,4,16356650696881095511,MaltheMCTS,grpc:Council_of_two_bot,1,3,0,3,1,4,
Council_of_two_bot_vs_MaltheMCTS,1,LEFT_A,4,15105061387942799337,grpc:Council_of_two_bot,MaltheMCTS,3,1,0,3,1,4,
Council_of_two_bot_vs_MaltheMCTS,1,LEFT_B,4,13022923447548943748,MaltheMCTS,grpc:Council_of_two_bot,2,2,0,2,2,4,
Council_of_two_bot_vs_MaltheMCTS,2,LEFT_A,4,6480588962733206022,grpc:Council_of_two_bot,MaltheMCTS,1,3,0,1,3,4,
Council_of_two_bot_vs_MaltheMCTS,2,LEFT_B,4,9993392039411676801,MaltheMCTS,grpc:Council_of_two_bot,2,2,0,2,2,4,
Council_of_two_bot_vs_MaltheMCTS,3,LEFT_A,4,10628508460729494979,grpc:Council_of_two_bot,MaltheMCTS,3,1,0,3,1,4,
Council_of_two_bot_vs_MaltheMCTS,3,LEFT_B,4,18424869955707225856,MaltheMCTS,grpc:Council_of_two_bot,0,4,0,4,0,4,
Council_of_two_bot_vs_MaltheMCTS,4,LEFT_A,4,7761293801034097852,grpc:Council_of_two_bot,MaltheMCTS,3,1,0,3,1,4,
Council_of_two_bot_vs_MaltheMCTS,4,LEFT_B,4,12026931054811541688,MaltheMCTS,grpc:Council_of_two_bot,2,2,0,2,2,4,
Council_of_two_bot_vs_MaltheMCTS,5,LEFT_A,4,12273252050626315949,grpc:Council_of_two_bot,MaltheMCTS,0,4,0,0,4,4,
Council_of_two_bot_vs_MaltheMCTS,5,LEFT_B,4,3814111563005332083,MaltheMCTS,grpc:Council_of_two_bot,1,3,0,3,1,4,
Council_of_two_bot_vs_MaltheMCTS,6,LEFT_A,4,3454543520304953078,grpc:Council_of_two_bot,MaltheMCTS,4,0,0,4,0,4,
Council_of_two_bot_vs_MaltheMCTS,6,LEFT_B,4,1593423193922562375,MaltheMCTS,grpc:Council_of_two_bot,3,1,0,1,3,4,
Council_of_two_bot_vs_MaltheMCTS,7,LEFT_A,4,15105889467029748327,grpc:Council_of_two_bot,MaltheMCTS,1,3,0,1,3,4,
Council_of_two_bot_vs_MaltheMCTS,7,LEFT_B,4,7202447948192702480,MaltheMCTS,grpc:Council_of_two_bot,2,2,0,2,2,4,
Council_of_two_bot_vs_MaltheMCTS,8,LEFT_A,4,17845410254946659442,grpc:Council_of_two_bot,MaltheMCTS,2,2,0,2,2,4,
Council_of_two_bot_vs_MaltheMCTS,8,LEFT_B,4,14145837417349103235,MaltheMCTS,grpc:Council_of_two_bot,1,3,0,3,1,4,
Council_of_two_bot_vs_MaltheMCTS,9,LEFT_A,4,4588767194839884143,grpc:Council_of_two_bot,MaltheMCTS,1,3,0,1,3,4,
Council_of_two_bot_vs_MaltheMCTS,9,LEFT_B,4,9429200593617372883,MaltheMCTS,grpc:Council_of_two_bot,1,3,0,3,1,4,
Council_of_two_bot_vs_MaltheMCTS,10,LEFT_A,4,1386839473245330854,grpc:Council_of_two_bot,MaltheMCTS,2,2,0,2,2,4,
Council_of_two_bot_vs_MaltheMCTS,10,LEFT_B,4,137043893937045864,MaltheMCTS,grpc:Council_of_two_bot,1,3,0,3,1,4,
Council_of_two_bot_vs_MaltheMCTS,11,LEFT_A,4,15105590585222880278,grpc:Council_of_two_bot,MaltheMCTS,2,2,0,2,2,4,
Council_of_two_bot_vs_MaltheMCTS,11,LEFT_B,4,15416885184806382960,MaltheMCTS,grpc:Council_of_two_bot,2,2,0,2,2,4,
Council_of_two_bot_vs_MaltheMCTS,12,LEFT_A,4,1117234490214139210,grpc:Council_of_two_bot,MaltheMCTS,2,2,0,2,2,4,
Council_of_two_bot_vs_MaltheMCTS,12,LEFT_B,4,11679401950665333477,MaltheMCTS,grpc:Council_of_two_bot,4,0,0,0,4,4,
Council_of_two_bot_vs_MaltheMCTS,13,LEFT_A,4,6903822894583053364,grpc:Council_of_two_bot,MaltheMCTS,1,3,0,1,3,4,
Council_of_two_bot_vs_MaltheMCTS,13,LEFT_B,4,9794021813152530059,MaltheMCTS,grpc:Council_of_two_bot,1,3,0,3,1,4,
Council_of_two_bot_vs_MaltheMCTS,14,LEFT_A,4,13125606572273416694,grpc:Council_of_two_bot,MaltheMCTS,3,1,0,3,1,4,
Council_of_two_bot_vs_MaltheMCTS,14,LEFT_B,4,11324078606960860053,MaltheMCTS,grpc:Council_of_two_bot,3,1,0,1,3,4,
Council_of_two_bot_vs_MaltheMCTS,15,LEFT_A,4,11059507722534445553,grpc:Council_of_two_bot,MaltheMCTS,2,2,0,2,2,4,
Council_of_two_bot_vs_MaltheMCTS,15,LEFT_B,4,3642860611812051418,MaltheMCTS,grpc:Council_of_two_bot,2,2,0,2,2,4,
Council_of_two_bot_vs_MaltheMCTS,16,LEFT_A,4,12322333489032937796,grpc:Council_of_two_bot,MaltheMCTS,2,2,0,2,2,4,
Council_of_two_bot_vs_MaltheMCTS,16,LEFT_B,4,13147989429248326576,MaltheMCTS,grpc:Council_of_two_bot,4,0,0,0,4,4,
Council_of_two_bot_vs_MaltheMCTS,17,LEFT_A,4,13646777383923599138,grpc:Council_of_two_bot,MaltheMCTS,2,2,0,2,2,4,
Council_of_two_bot_vs_MaltheMCTS,17,LEFT_B,4,16679753447279791392,MaltheMCTS,grpc:Council_of_two_bot,2,2,0,2,2,4,
Council_of_two_bot_vs_MaltheMCTS,18,LEFT_A,4,5653459568773048407,grpc:Council_of_two_bot,MaltheMCTS,2,2,0,2,2,4,
Council_of_two_bot_vs_MaltheMCTS,18,LEFT_B,4,366941739530119793,MaltheMCTS,grpc:Council_of_two_bot,2,2,0,2,2,4,
Council_of_two_bot_vs_MaltheMCTS,19,LEFT_A,4,553334009233931725,grpc:Council_of_two_bot,MaltheMCTS,3,1,0,3,1,4,
Council_of_two_bot_vs_MaltheMCTS,19,LEFT_B,4,880877580173729456,MaltheMCTS,grpc:Council_of_two_bot,2,2,0,2,2,4,
Council_of_two_bot_vs_MaltheMCTS,20,LEFT_A,4,11255240674054169414,grpc:Council_of_two_bot,MaltheMCTS,1,3,0,1,3,4,
Council_of_two_bot_vs_MaltheMCTS,20,LEFT_B,4,10208298635752716959,MaltheMCTS,grpc:Council_of_two_bot,4,0,0,0,4,4,
Council_of_two_bot_vs_MaltheMCTS,21,LEFT_A,4,17071988614243018599,grpc:Council_of_two_bot,MaltheMCTS,2,2,0,2,2,4,
Council_of_two_bot_vs_MaltheMCTS,21,LEFT_B,4,15879451941933204171,MaltheMCTS,grpc:Council_of_two_bot,0,4,0,4,0,4,
Council_of_two_bot_vs_MaltheMCTS,22,LEFT_A,4,8472417030813036318,grpc:Council_of_two_bot,MaltheMCTS,1,3,0,1,3,4,
Council_of_two_bot_vs_MaltheMCTS,22,LEFT_B,4,9271695996052540254,MaltheMCTS,grpc:Council_of_two_bot,0,4,0,4,0,4,
Council_of_two_bot_vs_MaltheMCTS,23,LEFT_A,4,5699474129828306966,grpc:Council_of_two_bot,MaltheMCTS,2,2,0,2,2,4,
Council_of_two_bot_vs_MaltheMCTS,23,LEFT_B,4,8847833771991128698,MaltheMCTS,grpc:Council_of_two_bot,2,2,0,2,2,4,
Council_of_two_bot_vs_MaltheMCTS,24,LEFT_A,4,4892193931972347089,grpc:Council_of_two_bot,MaltheMCTS,2,2,0,2,2,4,
Council_of_two_bot_vs_MaltheMCTS,24,LEFT_B,4,81293674438332175,MaltheMCTS,grpc:Council_of_two_bot,3,1,0,1,3,4,
Council_of_two_bot_vs_MaltheMCTS,25,LEFT_A,4,7590226293176696095,grpc:Council_of_two_bot,MaltheMCTS,3,1,0,3,1,4,
Council_of_two_bot_vs_MaltheMCTS,25,LEFT_B,4,380961945881009555,MaltheMCTS,grpc:Council_of_two_bot,3,1,0,1,3,4,
Council_of_two_bot_vs_MaltheMCTS,26,LEFT_A,4,18441600891602316924,grpc:Council_of_two_bot,MaltheMCTS,3,1,0,3,1,4,
Council_of_two_bot_vs_MaltheMCTS,26,LEFT_B,4,10156236182375607915,MaltheMCTS,grpc:Council_of_two_bot,2,2,0,2,2,4,
Council_of_two_bot_vs_MaltheMCTS,27,LEFT_A,4,5012202938646369383,grpc:Council_of_two_bot,MaltheMCTS,2,2,0,2,2,4,
Council_of_two_bot_vs_MaltheMCTS,27,LEFT_B,4,3734583111684144164,MaltheMCTS,grpc:Council_of_two_bot,2,2,0,2,2,4,
Council_of_two_bot_vs_MaltheMCTS,28,LEFT_A,4,6700986672436904727,grpc:Council_of_two_bot,MaltheMCTS,2,2,0,2,2,4,
Council_of_two_bot_vs_MaltheMCTS,28,LEFT_B,4,1549760031094658195,MaltheMCTS,grpc:Council_of_two_bot,2,2,0,2,2,4,
Council_of_two_bot_vs_MaltheMCTS,29,LEFT_A,4,13568320668569351160,grpc:Council_of_two_bot,MaltheMCTS,1,3,0,1,3,4,
Council_of_two_bot_vs_MaltheMCTS,29,LEFT_B,4,6226285171198864903,MaltheMCTS,grpc:Council_of_two_bot,2,2,0,2,2,4,
Council_of_two_bot_vs_MaltheMCTS,30,LEFT_A,4,4139155731723405276,grpc:Council_of_two_bot,MaltheMCTS,1,3,0,1,3,4,
Council_of_two_bot_vs_MaltheMCTS,30,LEFT_B,4,804256661710433201,MaltheMCTS,grpc:Council_of_two_bot,1,3,0,3,1,4,
Council_of_two_bot_vs_MaltheMCTS,31,LEFT_A,4,4664783590348008258,grpc:Council_of_two_bot,MaltheMCTS,3,1,0,3,1,4,
Council_of_two_bot_vs_MaltheMCTS,31,LEFT_B,4,1458909142630477214,MaltheMCTS,grpc:Council_of_two_bot,3,1,0,1,3,4,
Council_of_two_bot_vs_MaltheMCTS,32,LEFT_A,4,1761165245049130050,grpc:Council_of_two_bot,MaltheMCTS,2,2,0,2,2,4,
Council_of_two_bot_vs_MaltheMCTS,32,LEFT_B,4,14270997173249350873,MaltheMCTS,grpc:Council_of_two_bot,4,0,0,0,4,4,
Council_of_two_bot_vs_MaltheMCTS,33,LEFT_A,4,4231009693661584979,grpc:Council_of_two_bot,MaltheMCTS,1,3,0,1,3,4,
Council_of_two_bot_vs_MaltheMCTS,33,LEFT_B,4,17087223135597005301,MaltheMCTS,grpc:Council_of_two_bot,4,0,0,0,4,4,
Council_of_two_bot_vs_MaltheMCTS,34,LEFT_A,4,12173424863768384726,grpc:Council_of_two_bot,MaltheMCTS,1,3,0,1,3,4,
Council_of_two_bot_vs_MaltheMCTS,34,LEFT_B,4,8024872825704501371,MaltheMCTS,grpc:Council_of_two_bot,4,0,0,0,4,4,
Council_of_two_bot_vs_MaltheMCTS,35,LEFT_A,4,7490460594774543199,grpc:Council_of_two_bot,MaltheMCTS,1,3,0,1,3,4,
Council_of_two_bot_vs_MaltheMCTS,35,LEFT_B,4,1304209017397840188,MaltheMCTS,grpc:Council_of_two_bot,0,0,0,0,0,0,
