pair_id,round_idx,side,runs,seed,left,right,p1_wins,p2_wins,draws,mapped_a_wins,mapped_b_wins,games,avg_ms
Council_of_two_bot_vs_SakkirinaSolo,0,LEFT_A,4,15518388008667281863,grpc:Council_of_two_bot,SakkirinaSolo,0,4,0,0,4,4,
Council_of_two_bot_vs_SakkirinaSolo,0,LEFT_B,4,4804459428051808499,SakkirinaSolo,grpc:Council_of_two_bot,4,0,0,0,4,4,
Council_of_two_bot_vs_SakkirinaSolo,1,LEFT_A,4,15827250010110349782,grpc:Council_of_two_bot,SakkirinaSolo,0,4,0,0,4,4,
Council_of_two_bot_vs_SakkirinaSolo,1,LEFT_B,4,1925164915452325550,SakkirinaSolo,grpc:Council_of_two_bot,4,0,0,0,4,4,
Council_of_two_bot_vs_SakkirinaSolo,2,LEFT_A,4,577925180406483258,grpc:Council_of_two_bot,SakkirinaSolo,0,4,0,0,4,4,
Council_of_two_bot_vs_SakkirinaSolo,2,LEFT_B,4,11383657522932185509,SakkirinaSolo,grpc:Council_of_two_bot,4,0,0,0,4,4,
Council_of_two_bot_vs_SakkirinaSolo,3,LEFT_A,4,14037020508679519364,grpc:Council_of_two_bot,SakkirinaSolo,0,4,0,0,4,4,
Council_of_two_bot_vs_SakkirinaSolo,3,LEFT_B,4,7613867091088889308,SakkirinaSolo,grpc:Council_of_two_bot,4,0,0,0,4,4,
Council_of_two_bot_vs_SakkirinaSolo,4,LEFT_A,4,12708743273542863195,grpc:Council_of_two_bot,SakkirinaSolo,0,4,0,0,4,4,
Council_of_two_bot_vs_SakkirinaSolo,4,LEFT_B,4,15064167366120555890,SakkirinaSolo,grpc:Council_of_two_bot,4,0,0,0,4,4,
Council_of_two_bot_vs_SakkirinaSolo,5,LEFT_A,4,2798927834434636297,grpc:Council_of_two_bot,SakkirinaSolo,0,4,0,0,4,4,
Council_of_two_bot_vs_SakkirinaSolo,5,LEFT_B,4,16275245425813210762,SakkirinaSolo,grpc:Council_of_two_bot,3,1,0,1,3,4,
Council_of_two_bot_vs_SakkirinaSolo,6,LEFT_A,4,11546321678691647100,grpc:Council_of_two_bot,SakkirinaSolo,1,3,0,1,3,4,
Council_of_two_bot_vs_SakkirinaSolo,6,LEFT_B,4,4331717722059122963,SakkirinaSolo,grpc:Council_of_two_bot,4,0,0,0,4,4,
Council_of_two_bot_vs_SakkirinaSolo,7,LEFT_A,4,17996588780984263658,grpc:Council_of_two_bot,SakkirinaSolo,0,4,0,0,4,4,
Council_of_two_bot_vs_SakkirinaSolo,7,LEFT_B,4,3025568385555901573,SakkirinaSolo,grpc:Council_of_two_bot,4,0,0,0,4,4,
Council_of_two_bot_vs_SakkirinaSolo,8,LEFT_A,4,4869872995100528185,grpc:Council_of_two_bot,SakkirinaSolo,0,4,0,0,4,4,
Council_of_two_bot_vs_SakkirinaSolo,8,LEFT_B,4,14150489952403222836,SakkirinaSolo,grpc:Council_of_two_bot,4,0,0,0,4,4,
Council_of_two_bot_vs_SakkirinaSolo,9,LEFT_A,4,16760852212031984319,grpc:Council_of_two_bot,SakkirinaSolo,1,3,0,1,3,4,
Council_of_two_bot_vs_SakkirinaSolo,9,LEFT_B,4,16413734080612070300,SakkirinaSolo,grpc:Council_of_two_bot,4,0,0,0,4,4,
Council_of_two_bot_vs_SakkirinaSolo,10,LEFT_A,4,11070899855121568412,grpc:Council_of_two_bot,SakkirinaSolo,1,3,0,1,3,4,
Council_of_two_bot_vs_SakkirinaSolo,10,LEFT_B,4,1189706218585548787,SakkirinaSolo,grpc:Council_of_two_bot,4,0,0,0,4,4,
Council_of_two_bot_vs_SakkirinaSolo,11,LEFT_A,4,4229586221949391013,grpc:Council_of_two_bot,SakkirinaSolo,0,4,0,0,4,4,
Council_of_two_bot_vs_SakkirinaSolo,11,LEFT_B,4,6385680683200158371,SakkirinaSolo,grpc:Council_of_two_bot,4,0,0,0,4,4,
Council_of_two_bot_vs_SakkirinaSolo,12,LEFT_A,4,17478478886062211744,grpc:Council_of_two_bot,SakkirinaSolo,1,3,0,1,3,4,
Council_of_two_bot_vs_SakkirinaSolo,12,LEFT_B,4,4402773442681615057,SakkirinaSolo,grpc:Council_of_two_bot,4,0,0,0,4,4,
Council_of_two_bot_vs_SakkirinaSolo,13,LEFT_A,4,9674995468442963952,grpc:Council_of_two_bot,SakkirinaSolo,1,3,0,1,3,4,
Council_of_two_bot_vs_SakkirinaSolo,13,LEFT_B,4,6371860194384825956,SakkirinaSolo,grpc:Council_of_two_bot,4,0,0,0,4,4,
Council_of_two_bot_vs_SakkirinaSolo,14,LEFT_A,4,5278735656680428537,grpc:Council_of_two_bot,SakkirinaSolo,0,4,0,0,4,4,
Council_of_two_bot_vs_SakkirinaSolo,14,LEFT_B,4,2562820510203660552,SakkirinaSolo,grpc:Council_of_two_bot,4,0,0,0,4,4,
Council_of_two_bot_vs_SakkirinaSolo,15,LEFT_A,4,14784001649360106974,grpc:Council_of_two_bot,SakkirinaSolo,0,4,0,0,4,4,
Council_of_two_bot_vs_SakkirinaSolo,15,LEFT_B,4,11791460846431257849,SakkirinaSolo,grpc:Council_of_two_bot,3,1,0,1,3,4,
Council_of_two_bot_vs_SakkirinaSolo,16,LEFT_A,4,9171340544398761495,grpc:Council_of_two_bot,SakkirinaSolo,1,3,0,1,3,4,
Council_of_two_bot_vs_SakkirinaSolo,16,LEFT_B,4,15640865002437557377,SakkirinaSolo,grpc:Council_of_two_bot,4,0,0,0,4,4,
Council_of_two_bot_vs_SakkirinaSolo,17,LEFT_A,4,8226304043714626105,grpc:Council_of_two_bot,SakkirinaSolo,1,3,0,1,3,4,
Council_of_two_bot_vs_SakkirinaSolo,17,LEFT_B,4,4994728066702239478,SakkirinaSolo,grpc:Council_of_two_bot,4,0,0,0,4,4,
Council_of_two_bot_vs_SakkirinaSolo,18,LEFT_A,4,9274826403978492904,grpc:Council_of_two_bot,SakkirinaSolo,0,4,0,0,4,4,
Council_of_two_bot_vs_SakkirinaSolo,18,LEFT_B,4,10719668754102354256,SakkirinaSolo,grpc:Council_of_two_bot,3,1,0,1,3,4,
Council_of_two_bot_vs_SakkirinaSolo,19,LEFT_A,4,17358276088532201198,grpc:Council_of_two_bot,SakkirinaSolo,0,4,0,0,4,4,
Council_of_two_bot_vs_SakkirinaSolo,19,LEFT_B,4,12718094307281548626,SakkirinaSolo,grpc:Council_of_two_bot,4,0,0,0,4,4,
Council_of_two_bot_vs_SakkirinaSolo,20,LEFT_A,4,5691991416813257540,grpc:Council_of_two_bot,SakkirinaSolo,1,3,0,1,3,4,
Council_of_two_bot_vs_SakkirinaSolo,20,LEFT_B,4,16939050133580398383,SakkirinaSolo,grpc:Council_of_two_bot,4,0,0,0,4,4,
Council_of_two_bot_vs_SakkirinaSolo,21,LEFT_A,4,8696010151922478128,grpc:Council_of_two_bot,SakkirinaSolo,0,4,0,0,4,4,
Council_of_two_bot_vs_SakkirinaSolo,21,LEFT_B,4,5649708852746523491,SakkirinaSolo,grpc:Council_of_two_bot,3,1,0,1,3,4,
Council_of_two_bot_vs_SakkirinaSolo,22,LEFT_A,4,2511476900869905126,grpc:Council_of_two_bot,SakkirinaSolo,0,4,0,0,4,4,
Council_of_two_bot_vs_SakkirinaSolo,22,LEFT_B,4,8040870540881499149,SakkirinaSolo,grpc:Council_of_two_bot,4,0,0,0,4,4,
Council_of_two_bot_vs_SakkirinaSolo,23,LEFT_A,4,7639328860004118324,grpc:Council_of_two_bot,SakkirinaSolo,1,3,0,1,3,4,
Council_of_two_bot_vs_SakkirinaSolo,23,LEFT_B,4,12441798989598857567,SakkirinaSolo,grpc:Council_of_two_bot,4,0,0,0,4,4,
Council_of_two_bot_vs_SakkirinaSolo,24,LEFT_A,4,17310488210012899061,grpc:Council_of_two_bot,SakkirinaSolo,0,4,0,0,4,4,
Council_of_two_bot_vs_SakkirinaSolo,24,LEFT_B,4,18357732068749138607,SakkirinaSolo,grpc:Council_of_two_bot,4,0,0,0,4,4,
Council_of_two_bot_vs_SakkirinaSolo,25,LEFT_A,4,4596484804141640051,grpc:Council_of_two_bot,SakkirinaSolo,0,4,0,0,4,4,
Council_of_two_bot_vs_SakkirinaSolo,25,LEFT_B,4,9607907543269531402,SakkirinaSolo,grpc:Council_of_two_bot,3,1,0,1,3,4,
Council_of_two_bot_vs_SakkirinaSolo,26,LEFT_A,4,2264020758461891821,grpc:Council_of_two_bot,SakkirinaSolo,0,4,0,0,4,4,
Council_of_two_bot_vs_SakkirinaSolo,26,LEFT_B,4,2450089530553999484,SakkirinaSolo,grpc:Council_of_two_bot,4,0,0,0,4,4,
Council_of_two_bot_vs_SakkirinaSolo,27,LEFT_A,4,1129833264644558884,grpc:Council_of_two_bot,SakkirinaSolo,0,4,0,0,4,4,
Council_of_two_bot_vs_SakkirinaSolo,27,LEFT_B,4,8511723238752906891,SakkirinaSolo,grpc:Council_of_two_bot,3,1,0,1,3,4,
Council_of_two_bot_vs_SakkirinaSolo,28,LEFT_A,4,7903249190923959988,grpc:Council_of_two_bot,SakkirinaSolo,1,3,0,1,3,4,
Council_of_two_bot_vs_SakkirinaSolo,28,LEFT_B,4,17642344533038173841,SakkirinaSolo,grpc:Council_of_two_bot,4,0,0,0,4,4,
Council_of_two_bot_vs_SakkirinaSolo,29,LEFT_A,4,7353288377007840436,grpc:Council_of_two_bot,SakkirinaSolo,0,4,0,0,4,4,
Council_of_two_bot_vs_SakkirinaSolo,29,LEFT_B,4,7668811116890279827,SakkirinaSolo,grpc:Council_of_two_bot,4,0,0,0,4,4,
Council_of_two_bot_vs_SakkirinaSolo,30,LEFT_A,4,5498164058528633053,grpc:Council_of_two_bot,SakkirinaSolo,0,4,0,0,4,4,
Council_of_two_bot_vs_SakkirinaSolo,30,LEFT_B,4,6434436911199802059,SakkirinaSolo,grpc:Council_of_two_bot,4,0,0,0,4,4,
Council_of_two_bot_vs_SakkirinaSolo,31,LEFT_A,4,3163171624668054829,grpc:Council_of_two_bot,SakkirinaSolo,0,4,0,0,4,4,
Council_of_two_bot_vs_SakkirinaSolo,31,LEFT_B,4,2396584717613727060,SakkirinaSolo,grpc:Council_of_two_bot,4,0,0,0,4,4,
Council_of_two_bot_vs_SakkirinaSolo,32,LEFT_A,4,4597276472863226874,grpc:Council_of_two_bot,SakkirinaSolo,0,4,0,0,4,4,
Council_of_two_bot_vs_SakkirinaSolo,32,LEFT_B,4,10224790926843522395,SakkirinaSolo,grpc:Council_of_two_bot,4,0,0,0,4,4,
Council_of_two_bot_vs_SakkirinaSolo,33,LEFT_A,4,10631846453896418010,grpc:Council_of_two_bot,SakkirinaSolo,1,3,0,1,3,4,
Council_of_two_bot_vs_SakkirinaSolo,33,LEFT_B,4,3461564931868279616,SakkirinaSolo,grpc:Council_of_two_bot,3,1,0,1,3,4,
Council_of_two_bot_vs_SakkirinaSolo,34,LEFT_A,4,3758970107166722703,grpc:Council_of_two_bot,SakkirinaSolo,1,3,0,1,3,4,
Council_of_two_bot_vs_SakkirinaSolo,34,LEFT_B,4,4696935117637426170,SakkirinaSolo,grpc:Council_of_two_bot,4,0,0,0,4,4,
Council_of_two_bot_vs_SakkirinaSolo,35,LEFT_A,4,5158384820093860225,grpc:Council_of_two_bot,SakkirinaSolo,4,0,0,4,0,4,
Council_of_two_bot_vs_SakkirinaSolo,35,LEFT_B,4,13794977347841409498,SakkirinaSolo,grpc:Council_of_two_bot,0,0,0,0,0,0,
