pair_id,round_idx,side,runs,seed,left,right,p1_wins,p2_wins,draws,mapped_a_wins,mapped_b_wins,games,avg_ms
Council_of_two_bot_vs_Nangert_submission_v4,0,LEFT_A,4,2332340378739620571,grpc:Council_of_two_bot,grpc:Nangert_submission_v4,4,0,0,4,0,4,
Council_of_two_bot_vs_Nangert_submission_v4,0,LEFT_B,4,14559328991406853885,grpc:Nangert_submission_v4,grpc:Council_of_two_bot,3,1,0,1,3,4,
Council_of_two_bot_vs_Nangert_submission_v4,1,LEFT_A,4,4480819970462980590,grpc:Council_of_two_bot,grpc:Nangert_submission_v4,3,1,0,3,1,4,
Council_of_two_bot_vs_Nangert_submission_v4,1,LEFT_B,4,9463486771703891794,grpc:Nangert_submission_v4,grpc:Council_of_two_bot,2,2,0,2,2,4,
Council_of_two_bot_vs_Nangert_submission_v4,2,LEFT_A,4,14058098905601607739,grpc:Council_of_two_bot,grpc:Nangert_submission_v4,3,1,0,3,1,4,
Council_of_two_bot_vs_Nangert_submission_v4,2,LEFT_B,4,4201871802962080448,grpc:Nangert_submission_v4,grpc:Council_of_two_bot,0,4,0,4,0,4,
Council_of_two_bot_vs_Nangert_submission_v4,3,LEFT_A,4,3439546112872329887,grpc:Council_of_two_bot,grpc:Nangert_submission_v4,3,1,0,3,1,4,
Council_of_two_bot_vs_Nangert_submission_v4,3,LEFT_B,4,5663196552504690198,grpc:Nangert_submission_v4,grpc:Council_of_two_bot,1,3,0,3,1,4,
Council_of_two_bot_vs_Nangert_submission_v4,4,LEFT_A,4,11031976399628612986,grpc:Council_of_two_bot,grpc:Nangert_submission_v4,3,1,0,3,1,4,
Council_of_two_bot_vs_Nangert_submission_v4,4,LEFT_B,4,14064176470601796515,grpc:Nangert_submission_v4,grpc:Council_of_two_bot,1,3,0,3,1,4,
Council_of_two_bot_vs_Nangert_submission_v4,5,LEFT_A,4,5614429474919643442,grpc:Council_of_two_bot,grpc:Nangert_submission_v4,3,1,0,3,1,4,
Council_of_two_bot_vs_Nangert_submission_v4,5,LEFT_B,4,11207810627571442834,grpc:Nangert_submission_v4,grpc:Council_of_two_bot,1,3,0,3,1,4,
Council_of_two_bot_vs_Nangert_submission_v4,6,LEFT_A,4,15979109941400252186,grpc:Council_of_two_bot,grpc:Nangert_submission_v4,4,0,0,4,0,4,
Council_of_two_bot_vs_Nangert_submission_v4,6,LEFT_B,4,11191216986109767677,grpc:Nangert_submission_v4,grpc:Council_of_two_bot,1,3,0,3,1,4,
Council_of_two_bot_vs_Nangert_submission_v4,7,LEFT_A,4,17934377766138601350,grpc:Council_of_two_bot,grpc:Nangert_submission_v4,4,0,0,4,0,4,
Council_of_two_bot_vs_Nangert_submission_v4,7,LEFT_B,4,5335383638328915618,grpc:Nangert_submission_v4,grpc:Council_of_two_bot,2,2,0,2,2,4,
Council_of_two_bot_vs_Nangert_submission_v4,8,LEFT_A,4,8637030104474060748,grpc:Council_of_two_bot,grpc:Nangert_submission_v4,3,1,0,3,1,4,
Council_of_two_bot_vs_Nangert_submission_v4,8,LEFT_B,4,6283928746483319544,grpc:Nangert_submission_v4,grpc:Council_of_two_bot,3,1,0,1,3,4,
Council_of_two_bot_vs_Nangert_submission_v4,9,LEFT_A,4,9835717367240422881,grpc:Council_of_two_bot,grpc:Nangert_submission_v4,3,1,0,3,1,4,
Council_of_two_bot_vs_Nangert_submission_v4,9,LEFT_B,4,1102635185475870783,grpc:Nangert_submission_v4,grpc:Council_of_two_bot,2,2,0,2,2,4,
Council_of_two_bot_vs_Nangert_submission_v4,10,LEFT_A,4,1424995103293921049,grpc:Council_of_two_bot,grpc:Nangert_submission_v4,3,1,0,3,1,4,
Council_of_two_bot_vs_Nangert_submission_v4,10,LEFT_B,4,10212401254064950604,grpc:Nangert_submission_v4,grpc:Council_of_two_bot,2,2,0,2,2,4,
Council_of_two_bot_vs_Nangert_submission_v4,11,LEFT_A,4,17445670850754008276,grpc:Council_of_two_bot,grpc:Nangert_submission_v4,4,0,0,4,0,4,
Council_of_two_bot_vs_Nangert_submission_v4,11,LEFT_B,4,3929450680126911602,grpc:Nangert_submission_v4,grpc:Council_of_two_bot,2,2,0,2,2,4,
Council_of_two_bot_vs_Nangert_submission_v4,12,LEFT_A,4,9735135121967047957,grpc:Council_of_two_bot,grpc:Nangert_submission_v4,2,2,0,2,2,4,
Council_of_two_bot_vs_Nangert_submission_v4,12,LEFT_B,4,4852501808526026863,grpc:Nangert_submission_v4,grpc:Council_of_two_bot,4,0,0,0,4,4,
Council_of_two_bot_vs_Nangert_submission_v4,13,LEFT_A,4,1915697863119161324,grpc:Council_of_two_bot,grpc:Nangert_submission_v4,2,2,0,2,2,4,
Council_of_two_bot_vs_Nangert_submission_v4,13,LEFT_B,4,9658170618023415077,grpc:Nangert_submission_v4,grpc:Council_of_two_bot,0,4,0,4,0,4,
Council_of_two_bot_vs_Nangert_submission_v4,14,LEFT_A,4,13906765183003729630,grpc:Council_of_two_bot,grpc:Nangert_submission_v4,3,1,0,3,1,4,
Council_of_two_bot_vs_Nangert_submission_v4,14,LEFT_B,4,3936017603870014394,grpc:Nangert_submission_v4,grpc:Council_of_two_bot,3,1,0,1,3,4,
Council_of_two_bot_vs_Nangert_submission_v4,15,LEFT_A,4,3347366270605568577,grpc:Council_of_two_bot,grpc:Nangert_submission_v4,4,0,0,4,0,4,
Council_of_two_bot_vs_Nangert_submission_v4,15,LEFT_B,4,12388781530616330558,grpc:Nangert_submission_v4,grpc:Council_of_two_bot,3,1,0,1,3,4,
Council_of_two_bot_vs_Nangert_submission_v4,16,LEFT_A,4,4970342790676492527,grpc:Council_of_two_bot,grpc:Nangert_submission_v4,3,1,0,3,1,4,
Council_of_two_bot_vs_Nangert_submission_v4,16,LEFT_B,4,4310643114653824335,grpc:Nangert_submission_v4,grpc:Council_of_two_bot,1,3,0,3,1,4,
Council_of_two_bot_vs_Nangert_submission_v4,17,LEFT_A,4,14328347132002321563,grpc:Council_of_two_bot,grpc:Nangert_submission_v4,2,2,0,2,2,4,
Council_of_two_bot_vs_Nangert_submission_v4,17,LEFT_B,4,5213747195668324656,grpc:Nangert_submission_v4,grpc:Council_of_two_bot,3,1,0,1,3,4,
Council_of_two_bot_vs_Nangert_submission_v4,18,LEFT_A,4,10303858892361593023,grpc:Council_of_two_bot,grpc:Nangert_submission_v4,3,1,0,3,1,4,
Council_of_two_bot_vs_Nangert_submission_v4,18,LEFT_B,4,1691444168738001730,grpc:Nangert_submission_v4,grpc:Council_of_two_bot,2,2,0,2,2,4,
Council_of_two_bot_vs_Nangert_submission_v4,19,LEFT_A,4,8204436638403589080,grpc:Council_of_two_bot,grpc:Nangert_submission_v4,1,3,0,1,3,4,
Council_of_two_bot_vs_Nangert_submission_v4,19,LEFT_B,4,13432149418001085469,grpc:Nangert_submission_v4,grpc:Council_of_two_bot,2,2,0,2,2,4,
Council_of_two_bot_vs_Nangert_submission_v4,20,LEFT_A,4,15155864531359789254,grpc:Council_of_two_bot,grpc:Nangert_submission_v4,4,0,0,4,0,4,
Council_of_two_bot_vs_Nangert_submission_v4,20,LEFT_B,4,7140584987233490863,grpc:Nangert_submission_v4,grpc:Council_of_two_bot,2,2,0,2,2,4,
Council_of_two_bot_vs_Nangert_submission_v4,21,LEFT_A,4,15629464504854000251,grpc:Council_of_two_bot,grpc:Nangert_submission_v4,4,0,0,4,0,4,
Council_of_two_bot_vs_Nangert_submission_v4,21,LEFT_B,4,18232102696805659274,grpc:Nangert_submission_v4,grpc:Council_of_two_bot,2,2,0,2,2,4,
Council_of_two_bot_vs_Nangert_submission_v4,22,LEFT_A,4,5531808037754679995,grpc:Council_of_two_bot,grpc:Nangert_submission_v4,3,1,0,3,1,4,
Council_of_two_bot_vs_Nangert_submission_v4,22,LEFT_B,4,8649428880011089074,grpc:Nangert_submission_v4,grpc:Council_of_two_bot,4,0,0,0,4,4,
Council_of_two_bot_vs_Nangert_submission_v4,23,LEFT_A,4,10900119095346265864,grpc:Council_of_two_bot,grpc:Nangert_submission_v4,4,0,0,4,0,4,
Council_of_two_bot_vs_Nangert_submission_v4,23,LEFT_B,4,10906387135257778733,grpc:Nangert_submission_v4,grpc:Council_of_two_bot,3,1,0,1,3,4,
Council_of_two_bot_vs_Nangert_submission_v4,24,LEFT_A,4,14375544615701127572,grpc:Council_of_two_bot,grpc:Nangert_submission_v4,4,0,0,4,0,4,
Council_of_two_bot_vs_Nangert_submission_v4,24,LEFT_B,4,11058651615549720700,grpc:Nangert_submission_v4,grpc:Council_of_two_bot,2,2,0,2,2,4,
Council_of_two_bot_vs_Nangert_submission_v4,25,LEFT_A,4,4222154053206648167,grpc:Council_of_two_bot,grpc:Nangert_submission_v4,4,0,0,4,0,4,
Council_of_two_bot_vs_Nangert_submission_v4,25,LEFT_B,4,8879281864792596458,grpc:Nangert_submission_v4,grpc:Council_of_two_bot,1,3,0,3,1,4,
Council_of_two_bot_vs_Nangert_submission_v4,26,LEFT_A,4,18123108485598910121,grpc:Council_of_two_bot,grpc:Nangert_submission_v4,3,1,0,3,1,4,
Council_of_two_bot_vs_Nangert_submission_v4,26,LEFT_B,4,10402447047091711258,grpc:Nangert_submission_v4,grpc:Council_of_two_bot,4,0,0,0,4,4,
Council_of_two_bot_vs_Nangert_submission_v4,27,LEFT_A,4,4568907837043961203,grpc:Council_of_two_bot,grpc:Nangert_submission_v4,4,0,0,4,0,4,
Council_of_two_bot_vs_Nangert_submission_v4,27,LEFT_B,4,8700285105881421299,grpc:Nangert_submission_v4,grpc:Council_of_two_bot,2,2,0,2,2,4,
Council_of_two_bot_vs_Nangert_submission_v4,28,LEFT_A,4,3337605191492338950,grpc:Council_of_two_bot,grpc:Nangert_submission_v4,2,2,0,2,2,4,
Council_of_two_bot_vs_Nangert_submission_v4,28,LEFT_B,4,4598261953912201335,grpc:Nangert_submission_v4,grpc:Council_of_two_bot,3,1,0,1,3,4,
Council_of_two_bot_vs_Nangert_submission_v4,29,LEFT_A,4,2402713291383380511,grpc:Council_of_two_bot,grpc:Nangert_submission_v4,4,0,0,4,0,4,
Council_of_two_bot_vs_Nangert_submission_v4,29,LEFT_B,4,5042294756660045236,grpc:Nangert_submission_v4,grpc:Council_of_two_bot,2,2,0,2,2,4,
Council_of_two_bot_vs_Nangert_submission_v4,30,LEFT_A,4,16731764789547069016,grpc:Council_of_two_bot,grpc:Nangert_submission_v4,4,0,0,4,0,4,
Council_of_two_bot_vs_Nangert_submission_v4,30,LEFT_B,4,11689412417746430999,grpc:Nangert_submission_v4,grpc:Council_of_two_bot,3,1,0,1,3,4,
Council_of_two_bot_vs_Nangert_submission_v4,31,LEFT_A,4,4563106919171121269,grpc:Council_of_two_bot,grpc:Nangert_submission_v4,3,1,0,3,1,4,
Council_of_two_bot_vs_Nangert_submission_v4,31,LEFT_B,4,5693162865440171212,grpc:Nangert_submission_v4,grpc:Council_of_two_bot,1,3,0,3,1,4,
Council_of_two_bot_vs_Nangert_submission_v4,32,LEFT_A,4,14509992363036027228,grpc:Council_of_two_bot,grpc:Nangert_submission_v4,3,1,0,3,1,4,
Council_of_two_bot_vs_Nangert_submission_v4,32,LEFT_B,4,6953274968719685905,grpc:Nangert_submission_v4,grpc:Council_of_two_bot,0,4,0,4,0,4,
Council_of_two_bot_vs_Nangert_submission_v4,33,LEFT_A,4,14506617747595300189,grpc:Council_of_two_bot,grpc:Nangert_submission_v4,4,0,0,4,0,4,
Council_of_two_bot_vs_Nangert_submission_v4,33,LEFT_B,4,18119054252682428958,grpc:Nangert_submission_v4,grpc:Council_of_two_bot,1,3,0,3,1,4,
Council_of_two_bot_vs_Nangert_submission_v4,34,LEFT_A,4,266990006095326599,grpc:Council_of_two_bot,grpc:Nangert_submission_v4,3,1,0,3,1,4,
Council_of_two_bot_vs_Nangert_submission_v4,34,LEFT_B,4,8985810830663536895,grpc:Nangert_submission_v4,grpc:Council_of_two_bot,1,3,0,3,1,4,
Council_of_two_bot_vs_Nangert_submission_v4,35,LEFT_A,4,9051046834928726712,grpc:Council_of_two_bot,grpc:Nangert_submission_v4,0,0,0,0,0,0,
Council_of_two_bot_vs_Nangert_submission_v4,35,LEFT_B,4,569960738746749503,grpc:Nangert_submission_v4,grpc:Council_of_two_bot,0,0,0,0,0,0,
