pair_id,round_idx,side,runs,seed,left,right,p1_wins,p2_wins,draws,mapped_a_wins,mapped_b_wins,games,avg_ms
Council_of_two_bot_vs_EBot_F,0,LEFT_A,4,16946660710069297824,grpc:Council_of_two_bot,EBot_F,1,3,0,1,3,4,
Council_of_two_bot_vs_EBot_F,0,LEFT_B,4,11798266330649992739,EBot_F,grpc:Council_of_two_bot,4,0,0,0,4,4,
Council_of_two_bot_vs_EBot_F,1,LEFT_A,4,6317602279601631278,grpc:Council_of_two_bot,EBot_F,1,3,0,1,3,4,
Council_of_two_bot_vs_EBot_F,1,LEFT_B,4,800028466466559275,EBot_F,grpc:Council_of_two_bot,4,0,0,0,4,4,
Council_of_two_bot_vs_EBot_F,2,LEFT_A,4,13298858631981350528,grpc:Council_of_two_bot,EBot_F,0,4,0,0,4,4,
Council_of_two_bot_vs_EBot_F,2,LEFT_B,4,13996593121463723945,EBot_F,grpc:Council_of_two_bot,4,0,0,0,4,4,
Council_of_two_bot_vs_EBot_F,3,LEFT_A,4,4441703775760486652,grpc:Council_of_two_bot,EBot_F,0,4,0,0,4,4,
Council_of_two_bot_vs_EBot_F,3,LEFT_B,4,5650315604904808674,EBot_F,grpc:Council_of_two_bot,4,0,0,0,4,4,
Council_of_two_bot_vs_EBot_F,4,LEFT_A,4,4225445619854911429,grpc:Council_of_two_bot,EBot_F,2,2,0,2,2,4,
Council_of_two_bot_vs_EBot_F,4,LEFT_B,4,15129262670204686539,EBot_F,grpc:Council_of_two_bot,4,0,0,0,4,4,
Council_of_two_bot_vs_EBot_F,5,LEFT_A,4,12382189136059478231,grpc:Council_of_two_bot,EBot_F,1,3,0,1,3,4,
Council_of_two_bot_vs_EBot_F,5,LEFT_B,4,13709887293515368557,EBot_F,grpc:Council_of_two_bot,4,0,0,0,4,4,
Council_of_two_bot_vs_EBot_F,6,LEFT_A,4,4362455372505013325,grpc:Council_of_two_bot,EBot_F,1,3,0,1,3,4,
Council_of_two_bot_vs_EBot_F,6,LEFT_B,4,9456818710224305383,EBot_F,grpc:Council_of_two_bot,4,0,0,0,4,4,
Council_of_two_bot_vs_EBot_F,7,LEFT_A,4,12018406085390517284,grpc:Council_of_two_bot,EBot_F,1,3,0,1,3,4,
Council_of_two_bot_vs_EBot_F,7,LEFT_B,4,11764791285709164994,EBot_F,grpc:Council_of_two_bot,4,0,0,0,4,4,
Council_of_two_bot_vs_EBot_F,8,LEFT_A,4,11085457331004819868,grpc:Council_of_two_bot,EBot_F,2,2,0,2,2,4,
Council_of_two_bot_vs_EBot_F,8,LEFT_B,4,15807515672547914884,EBot_F,grpc:Council_of_two_bot,4,0,0,0,4,4,
Council_of_two_bot_vs_EBot_F,9,LEFT_A,4,14571709557165735041,grpc:Council_of_two_bot,EBot_F,0,4,0,0,4,4,
Council_of_two_bot_vs_EBot_F,9,LEFT_B,4,5160713713981861276,EBot_F,grpc:Council_of_two_bot,4,0,0,0,4,4,
Council_of_two_bot_vs_EBot_F,10,LEFT_A,4,9965979876221490371,grpc:Council_of_two_bot,EBot_F,1,3,0,1,3,4,
Council_of_two_bot_vs_EBot_F,10,LEFT_B,4,3827045162045485328,EBot_F,grpc:Council_of_two_bot,4,0,0,0,4,4,
Council_of_two_bot_vs_EBot_F,11,LEFT_A,4,9237289816178619649,grpc:Council_of_two_bot,EBot_F,1,3,0,1,3,4,
Council_of_two_bot_vs_EBot_F,11,LEFT_B,4,15794118647005202790,EBot_F,grpc:Council_of_two_bot,4,0,0,0,4,4,
Council_of_two_bot_vs_EBot_F,12,LEFT_A,4,14685266243323346267,grpc:Council_of_two_bot,EBot_F,1,3,0,1,3,4,
Council_of_two_bot_vs_EBot_F,12,LEFT_B,4,3340864178557936445,EBot_F,grpc:Council_of_two_bot,4,0,0,0,4,4,
Council_of_two_bot_vs_EBot_F,13,LEFT_A,4,8968213568774304866,grpc:Council_of_two_bot,EBot_F,0,4,0,0,4,4,
Council_of_two_bot_vs_EBot_F,13,LEFT_B,4,5059279062928945915,EBot_F,grpc:Council_of_two_bot,4,0,0,0,4,4,
Council_of_two_bot_vs_EBot_F,14,LEFT_A,4,1271076824183894576,grpc:Council_of_two_bot,EBot_F,1,3,0,1,3,4,
Council_of_two_bot_vs_EBot_F,14,LEFT_B,4,6202439852035422934,EBot_F,grpc:Council_of_two_bot,4,0,0,0,4,4,
Council_of_two_bot_vs_EBot_F,15,LEFT_A,4,12146485195990406918,grpc:Council_of_two_bot,EBot_F,1,3,0,1,3,4,
Council_of_two_bot_vs_EBot_F,15,LEFT_B,4,11769892044386121694,EBot_F,grpc:Council_of_two_bot,4,0,0,0,4,4,
Council_of_two_bot_vs_EBot_F,16,LEFT_A,4,11003691970425755689,grpc:Council_of_two_bot,EBot_F,1,3,0,1,3,4,
Council_of_two_bot_vs_EBot_F,16,LEFT_B,4,1221087970685136265,EBot_F,grpc:Council_of_two_bot,4,0,0,0,4,4,
Council_of_two_bot_vs_EBot_F,17,LEFT_A,4,13927798249234996054,grpc:Council_of_two_bot,EBot_F,0,4,0,0,4,4,
Council_of_two_bot_vs_EBot_F,17,LEFT_B,4,6306450272747362061,EBot_F,grpc:Council_of_two_bot,4,0,0,0,4,4,
Council_of_two_bot_vs_EBot_F,18,LEFT_A,4,2306291634663811806,grpc:Council_of_two_bot,EBot_F,1,3,0,1,3,4,
Council_of_two_bot_vs_EBot_F,18,LEFT_B,4,15959341501389929258,EBot_F,grpc:Council_of_two_bot,4,0,0,0,4,4,
Council_of_two_bot_vs_EBot_F,19,LEFT_A,4,4596102275920713897,grpc:Council_of_two_bot,EBot_F,2,2,0,2,2,4,
Council_of_two_bot_vs_EBot_F,19,LEFT_B,4,11767954465522023763,EBot_F,grpc:Council_of_two_bot,4,0,0,0,4,4,
Council_of_two_bot_vs_EBot_F,20,LEFT_A,4,17004011445696438128,grpc:Council_of_two_bot,EBot_F,1,3,0,1,3,4,
Council_of_two_bot_vs_EBot_F,20,LEFT_B,4,9401128066329427836,EBot_F,grpc:Council_of_two_bot,4,0,0,0,4,4,
Council_of_two_bot_vs_EBot_F,21,LEFT_A,4,13130183422007515278,grpc:Council_of_two_bot,EBot_F,1,3,0,1,3,4,
Council_of_two_bot_vs_EBot_F,21,LEFT_B,4,13476938640354228761,EBot_F,grpc:Council_of_two_bot,4,0,0,0,4,4,
Council_of_two_bot_vs_EBot_F,22,LEFT_A,4,7870212734113657656,grpc:Council_of_two_bot,EBot_F,1,3,0,1,3,4,
Council_of_two_bot_vs_EBot_F,22,LEFT_B,4,13205543288729685719,EBot_F,grpc:Council_of_two_bot,4,0,0,0,4,4,
Council_of_two_bot_vs_EBot_F,23,LEFT_A,4,4230133706958690484,grpc:Council_of_two_bot,EBot_F,1,3,0,1,3,4,
Council_of_two_bot_vs_EBot_F,23,LEFT_B,4,16193003109853903204,EBot_F,grpc:Council_of_two_bot,4,0,0,0,4,4,
Council_of_two_bot_vs_EBot_F,24,LEFT_A,4,12670698626358958351,grpc:Council_of_two_bot,EBot_F,0,4,0,0,4,4,
Council_of_two_bot_vs_EBot_F,24,LEFT_B,4,2795710346029177680,EBot_F,grpc:Council_of_two_bot,4,0,0,0,4,4,
Council_of_two_bot_vs_EBot_F,25,LEFT_A,4,14322259895719236932,grpc:Council_of_two_bot,EBot_F,1,3,0,1,3,4,
Council_of_two_bot_vs_EBot_F,25,LEFT_B,4,5076025644597499466,EBot_F,grpc:Council_of_two_bot,4,0,0,0,4,4,
Council_of_two_bot_vs_EBot_F,26,LEFT_A,4,15293416656900784266,grpc:Council_of_two_bot,EBot_F,0,4,0,0,4,4,
Council_of_two_bot_vs_EBot_F,26,LEFT_B,4,6843280904641941111,EBot_F,grpc:Council_of_two_bot,4,0,0,0,4,4,
Council_of_two_bot_vs_EBot_F,27,LEFT_A,4,10874560239189821480,grpc:Council_of_two_bot,EBot_F,0,4,0,0,4,4,
Council_of_two_bot_vs_EBot_F,27,LEFT_B,4,16440801770846018694,EBot_F,grpc:Council_of_two_bot,4,0,0,0,4,4,
Council_of_two_bot_vs_EBot_F,28,LEFT_A,4,11823243129605130243,grpc:Council_of_two_bot,EBot_F,2,2,0,2,2,4,
Council_of_two_bot_vs_EBot_F,28,LEFT_B,4,16006529138006605087,EBot_F,grpc:Council_of_two_bot,4,0,0,0,4,4,
Council_of_two_bot_vs_EBot_F,29,LEFT_A,4,9060135839883860083,grpc:Council_of_two_bot,EBot_F,0,4,0,0,4,4,
Council_of_two_bot_vs_EBot_F,29,LEFT_B,4,15440617682927425834,EBot_F,grpc:Council_of_two_bot,4,0,0,0,4,4,
Council_of_two_bot_vs_EBot_F,30,LEFT_A,4,262878091055041804,grpc:Council_of_two_bot,EBot_F,2,2,0,2,2,4,
Council_of_two_bot_vs_EBot_F,30,LEFT_B,4,17219606040418761701,EBot_F,grpc:Council_of_two_bot,4,0,0,0,4,4,
Council_of_two_bot_vs_EBot_F,31,LEFT_A,4,12810256732701786856,grpc:Council_of_two_bot,EBot_F,1,3,0,1,3,4,
Council_of_two_bot_vs_EBot_F,31,LEFT_B,4,14512760864545808926,EBot_F,grpc:Council_of_two_bot,4,0,0,0,4,4,
Council_of_two_bot_vs_EBot_F,32,LEFT_A,4,1984831138918644340,grpc:Council_of_two_bot,EBot_F,0,4,0,0,4,4,
Council_of_two_bot_vs_EBot_F,32,LEFT_B,4,15823194389831514215,EBot_F,grpc:Council_of_two_bot,4,0,0,0,4,4,
Council_of_two_bot_vs_EBot_F,33,LEFT_A,4,3815794219390835184,grpc:Council_of_two_bot,EBot_F,3,1,0,3,1,4,
Council_of_two_bot_vs_EBot_F,33,LEFT_B,4,5476010325531316196,EBot_F,grpc:Council_of_two_bot,4,0,0,0,4,4,
Council_of_two_bot_vs_EBot_F,34,LEFT_A,4,11715757055354311425,grpc:Council_of_two_bot,EBot_F,2,2,0,2,2,4,
Council_of_two_bot_vs_EBot_F,34,LEFT_B,4,6690887009414492956,EBot_F,grpc:Council_of_two_bot,4,0,0,0,4,4,
Council_of_two_bot_vs_EBot_F,35,LEFT_A,4,15087722885346855576,grpc:Council_of_two_bot,EBot_F,0,4,0,0,4,4,
Council_of_two_bot_vs_EBot_F,35,LEFT_B,4,14692014313232284931,EBot_F,grpc:Council_of_two_bot,4,0,0,0,4,4,
