pair_id,round_idx,side,runs,seed,left,right,p1_wins,p2_wins,draws,mapped_a_wins,mapped_b_wins,games,avg_ms
Council_of_two_bot_vs_EBot_C,0,LEFT_A,4,13271133739108524663,grpc:Council_of_two_bot,EBot_C,1,3,0,1,3,4,
Council_of_two_bot_vs_EBot_C,0,LEFT_B,4,1796145576279605714,EBot_C,grpc:Council_of_two_bot,4,0,0,0,4,4,
Council_of_two_bot_vs_EBot_C,1,LEFT_A,4,16892378976703371667,grpc:Council_of_two_bot,EBot_C,0,4,0,0,4,4,
Council_of_two_bot_vs_EBot_C,1,LEFT_B,4,8411984290340273945,EBot_C,grpc:Council_of_two_bot,4,0,0,0,4,4,
Council_of_two_bot_vs_EBot_C,2,LEFT_A,4,2198176146840665015,grpc:Council_of_two_bot,EBot_C,1,3,0,1,3,4,
Council_of_two_bot_vs_EBot_C,2,LEFT_B,4,3057136080162360443,EBot_C,grpc:Council_of_two_bot,4,0,0,0,4,4,
Council_of_two_bot_vs_EBot_C,3,LEFT_A,4,715296451013053256,grpc:Council_of_two_bot,EBot_C,1,3,0,1,3,4,
Council_of_two_bot_vs_EBot_C,3,LEFT_B,4,13354530023708559185,EBot_C,grpc:Council_of_two_bot,4,0,0,0,4,4,
Council_of_two_bot_vs_EBot_C,4,LEFT_A,4,3066969947108106944,grpc:Council_of_two_bot,EBot_C,1,3,0,1,3,4,
Council_of_two_bot_vs_EBot_C,4,LEFT_B,4,682574633996325683,EBot_C,grpc:Council_of_two_bot,4,0,0,0,4,4,
Council_of_two_bot_vs_EBot_C,5,LEFT_A,4,10649458310085736828,grpc:Council_of_two_bot,EBot_C,2,2,0,2,2,4,
Council_of_two_bot_vs_EBot_C,5,LEFT_B,4,6895245680436483929,EBot_C,grpc:Council_of_two_bot,4,0,0,0,4,4,
Council_of_two_bot_vs_EBot_C,6,LEFT_A,4,8395379433572270589,grpc:Council_of_two_bot,EBot_C,2,2,0,2,2,4,
Council_of_two_bot_vs_EBot_C,6,LEFT_B,4,9419173232524914468,EBot_C,grpc:Council_of_two_bot,4,0,0,0,4,4,
Council_of_two_bot_vs_EBot_C,7,LEFT_A,4,3594197629836320073,grpc:Council_of_two_bot,EBot_C,2,2,0,2,2,4,
Council_of_two_bot_vs_EBot_C,7,LEFT_B,4,8924491392487673825,EBot_C,grpc:Council_of_two_bot,4,0,0,0,4,4,
Council_of_two_bot_vs_EBot_C,8,LEFT_A,4,13787648845256503482,grpc:Council_of_two_bot,EBot_C,2,2,0,2,2,4,
Council_of_two_bot_vs_EBot_C,8,LEFT_B,4,7193565246058649870,EBot_C,grpc:Council_of_two_bot,4,0,0,0,4,4,
Council_of_two_bot_vs_EBot_C,9,LEFT_A,4,2415630404560675443,grpc:Council_of_two_bot,EBot_C,1,3,0,1,3,4,
Council_of_two_bot_vs_EBot_C,9,LEFT_B,4,10568068395898700417,EBot_C,grpc:Council_of_two_bot,4,0,0,0,4,4,
Council_of_two_bot_vs_EBot_C,10,LEFT_A,4,8923462328936406201,grpc:Council_of_two_bot,EBot_C,1,3,0,1,3,4,
Council_of_two_bot_vs_EBot_C,10,LEFT_B,4,7483892694839127059,EBot_C,grpc:Council_of_two_bot,4,0,0,0,4,4,
Council_of_two_bot_vs_EBot_C,11,LEFT_A,4,12462181604064693707,grpc:Council_of_two_bot,EBot_C,1,3,0,1,3,4,
Council_of_two_bot_vs_EBot_C,11,LEFT_B,4,9338627717007788353,EBot_C,grpc:Council_of_two_bot,4,0,0,0,4,4,
Council_of_two_bot_vs_EBot_C,12,LEFT_A,4,12597368206334093297,grpc:Council_of_two_bot,EBot_C,1,3,0,1,3,4,
Council_of_two_bot_vs_EBot_C,12,LEFT_B,4,1193375444343360226,EBot_C,grpc:Council_of_two_bot,4,0,0,0,4,4,
Council_of_two_bot_vs_EBot_C,13,LEFT_A,4,5819324707703638189,grpc:Council_of_two_bot,EBot_C,0,4,0,0,4,4,
Council_of_two_bot_vs_EBot_C,13,LEFT_B,4,10654391871432775962,EBot_C,grpc:Council_of_two_bot,4,0,0,0,4,4,
Council_of_two_bot_vs_EBot_C,14,LEFT_A,4,16663001341027220325,grpc:Council_of_two_bot,EBot_C,0,4,0,0,4,4,
Council_of_two_bot_vs_EBot_C,14,LEFT_B,4,6225471849130072350,EBot_C,grpc:Council_of_two_bot,4,0,0,0,4,4,
Council_of_two_bot_vs_EBot_C,15,LEFT_A,4,9063264022276801646,grpc:Council_of_two_bot,EBot_C,0,4,0,0,4,4,
Council_of_two_bot_vs_EBot_C,15,LEFT_B,4,3575134991886378040,EBot_C,grpc:Council_of_two_bot,4,0,0,0,4,4,
Council_of_two_bot_vs_EBot_C,16,LEFT_A,4,8490094899980513885,grpc:Council_of_two_bot,EBot_C,1,3,0,1,3,4,
Council_of_two_bot_vs_EBot_C,16,LEFT_B,4,12428412820867613315,EBot_C,grpc:Council_of_two_bot,4,0,0,0,4,4,
Council_of_two_bot_vs_EBot_C,17,LEFT_A,4,42246368850560368,grpc:Council_of_two_bot,EBot_C,1,3,0,1,3,4,
Council_of_two_bot_vs_EBot_C,17,LEFT_B,4,149613538301711830,EBot_C,grpc:Council_of_two_bot,4,0,0,0,4,4,
Council_of_two_bot_vs_EBot_C,18,LEFT_A,4,3856532412806468124,grpc:Council_of_two_bot,EBot_C,1,3,0,1,3,4,
Council_of_two_bot_vs_EBot_C,18,LEFT_B,4,1550434762719342511,EBot_C,grpc:Council_of_two_bot,4,0,0,0,4,4,
Council_of_two_bot_vs_EBot_C,19,LEFT_A,4,6173896322987007548,grpc:Council_of_two_bot,EBot_C,2,2,0,2,2,4,
Council_of_two_bot_vs_EBot_C,19,LEFT_B,4,1647613922063262939,EBot_C,grpc:Council_of_two_bot,4,0,0,0,4,4,
Council_of_two_bot_vs_EBot_C,20,LEFT_A,4,16258074977517885553,grpc:Council_of_two_bot,EBot_C,1,3,0,1,3,4,
Council_of_two_bot_vs_EBot_C,20,LEFT_B,4,1594870105156138210,EBot_C,grpc:Council_of_two_bot,4,0,0,0,4,4,
Council_of_two_bot_vs_EBot_C,21,LEFT_A,4,11117767546671825118,grpc:Council_of_two_bot,EBot_C,1,3,0,1,3,4,
Council_of_two_bot_vs_EBot_C,21,LEFT_B,4,12975881414352033111,EBot_C,grpc:Council_of_two_bot,4,0,0,0,4,4,
Council_of_two_bot_vs_EBot_C,22,LEFT_A,4,15268015609522347333,grpc:Council_of_two_bot,EBot_C,2,2,0,2,2,4,
Council_of_two_bot_vs_EBot_C,22,LEFT_B,4,18034073901184169540,EBot_C,grpc:Council_of_two_bot,4,0,0,0,4,4,
Council_of_two_bot_vs_EBot_C,23,LEFT_A,4,8018922515388969247,grpc:Council_of_two_bot,EBot_C,1,3,0,1,3,4,
Council_of_two_bot_vs_EBot_C,23,LEFT_B,4,3286362355586433317,EBot_C,grpc:Council_of_two_bot,4,0,0,0,4,4,
Council_of_two_bot_vs_EBot_C,24,LEFT_A,4,5529192454168232706,grpc:Council_of_two_bot,EBot_C,2,2,0,2,2,4,
Council_of_two_bot_vs_EBot_C,24,LEFT_B,4,1432437377501055704,EBot_C,grpc:Council_of_two_bot,4,0,0,0,4,4,
Council_of_two_bot_vs_EBot_C,25,LEFT_A,4,5703257844384083102,grpc:Council_of_two_bot,EBot_C,2,2,0,2,2,4,
Council_of_two_bot_vs_EBot_C,25,LEFT_B,4,17675520965827911935,EBot_C,grpc:Council_of_two_bot,4,0,0,0,4,4,
Council_of_two_bot_vs_EBot_C,26,LEFT_A,4,14950848371613928840,grpc:Council_of_two_bot,EBot_C,0,4,0,0,4,4,
Council_of_two_bot_vs_EBot_C,26,LEFT_B,4,4995506831743953532,EBot_C,grpc:Council_of_two_bot,4,0,0,0,4,4,
Council_of_two_bot_vs_EBot_C,27,LEFT_A,4,16760677098161136066,grpc:Council_of_two_bot,EBot_C,2,2,0,2,2,4,
Council_of_two_bot_vs_EBot_C,27,LEFT_B,4,13034290674373290114,EBot_C,grpc:Council_of_two_bot,4,0,0,0,4,4,
Council_of_two_bot_vs_EBot_C,28,LEFT_A,4,9270628757429433776,grpc:Council_of_two_bot,EBot_C,0,4,0,0,4,4,
Council_of_two_bot_vs_EBot_C,28,LEFT_B,4,10568106192362434972,EBot_C,grpc:Council_of_two_bot,4,0,0,0,4,4,
Council_of_two_bot_vs_EBot_C,29,LEFT_A,4,5056711296902897610,grpc:Council_of_two_bot,EBot_C,1,3,0,1,3,4,
Council_of_two_bot_vs_EBot_C,29,LEFT_B,4,10761957105863319697,EBot_C,grpc:Council_of_two_bot,4,0,0,0,4,4,
Council_of_two_bot_vs_EBot_C,30,LEFT_A,4,11896411638369204409,grpc:Council_of_two_bot,EBot_C,1,3,0,1,3,4,
Council_of_two_bot_vs_EBot_C,30,LEFT_B,4,5596791340198385574,EBot_C,grpc:Council_of_two_bot,4,0,0,0,4,4,
Council_of_two_bot_vs_EBot_C,31,LEFT_A,4,4825027151234596777,grpc:Council_of_two_bot,EBot_C,0,4,0,0,4,4,
Council_of_two_bot_vs_EBot_C,31,LEFT_B,4,9062813952992934780,EBot_C,grpc:Council_of_two_bot,4,0,0,0,4,4,
Council_of_two_bot_vs_EBot_C,32,LEFT_A,4,4967905571748134667,grpc:Council_of_two_bot,EBot_C,0,4,0,0,4,4,
Council_of_two_bot_vs_EBot_C,32,LEFT_B,4,5926693365037073290,EBot_C,grpc:Council_of_two_bot,4,0,0,0,4,4,
Council_of_two_bot_vs_EBot_C,33,LEFT_A,4,14065985813610148655,grpc:Council_of_two_bot,EBot_C,1,3,0,1,3,4,
Council_of_two_bot_vs_EBot_C,33,LEFT_B,4,11110597451238506299,EBot_C,grpc:Council_of_two_bot,4,0,0,0,4,4,
Council_of_two_bot_vs_EBot_C,34,LEFT_A,4,9910542150459856787,grpc:Council_of_two_bot,EBot_C,0,4,0,0,4,4,
Council_of_two_bot_vs_EBot_C,34,LEFT_B,4,16191988055165222881,EBot_C,grpc:Council_of_two_bot,4,0,0,0,4,4,
Council_of_two_bot_vs_EBot_C,35,LEFT_A,4,1152311192898264813,grpc:Council_of_two_bot,EBot_C,0,4,0,0,4,4,
Council_of_two_bot_vs_EBot_C,35,LEFT_B,4,16042347412867682053,EBot_C,grpc:Council_of_two_bot,4,0,0,0,4,4,
