pair_id,round_idx,side,runs,seed,left,right,p1_wins,p2_wins,draws,mapped_a_wins,mapped_b_wins,games,avg_ms
Council_of_two_bot_vs_ZMyBot,0,LEFT_A,4,17325126723542738985,grpc:Council_of_two_bot,grpc:ZMyBot,4,0,0,4,0,4,
Council_of_two_bot_vs_ZMyBot,0,LEFT_B,4,14658653395916986175,grpc:ZMyBot,grpc:Council_of_two_bot,4,0,0,0,4,4,
Council_of_two_bot_vs_ZMyBot,1,LEFT_A,4,1025704793763304681,grpc:Council_of_two_bot,grpc:ZMyBot,4,0,0,4,0,4,
Council_of_two_bot_vs_ZMyBot,1,LEFT_B,4,334389404117175127,grpc:ZMyBot,grpc:Council_of_two_bot,4,0,0,0,4,4,
Council_of_two_bot_vs_ZMyBot,2,LEFT_A,4,9793126738402263716,grpc:Council_of_two_bot,grpc:ZMyBot,4,0,0,4,0,4,
Council_of_two_bot_vs_ZMyBot,2,LEFT_B,4,7963626120714963146,grpc:ZMyBot,grpc:Council_of_two_bot,4,0,0,0,4,4,
Council_of_two_bot_vs_ZMyBot,3,LEFT_A,4,10780145676281068622,grpc:Council_of_two_bot,grpc:ZMyBot,4,0,0,4,0,4,
Council_of_two_bot_vs_ZMyBot,3,LEFT_B,4,18286949707047169140,grpc:ZMyBot,grpc:Council_of_two_bot,4,0,0,0,4,4,
Council_of_two_bot_vs_ZMyBot,4,LEFT_A,4,9547454206782334943,grpc:Council_of_two_bot,grpc:ZMyBot,4,0,0,4,0,4,
Council_of_two_bot_vs_ZMyBot,4,LEFT_B,4,8938624235775851905,grpc:ZMyBot,grpc:Council_of_two_bot,4,0,0,0,4,4,
Council_of_two_bot_vs_ZMyBot,5,LEFT_A,4,5892202427084329690,grpc:Council_of_two_bot,grpc:ZMyBot,4,0,0,4,0,4,
Council_of_two_bot_vs_ZMyBot,5,LEFT_B,4,10473962817645328568,grpc:ZMyBot,grpc:Council_of_two_bot,4,0,0,0,4,4,
Council_of_two_bot_vs_ZMyBot,6,LEFT_A,4,11405605916625021202,grpc:Council_of_two_bot,grpc:ZMyBot,4,0,0,4,0,4,
Council_of_two_bot_vs_ZMyBot,6,LEFT_B,4,17009301297302867930,grpc:ZMyBot,grpc:Council_of_two_bot,4,0,0,0,4,4,
Council_of_two_bot_vs_ZMyBot,7,LEFT_A,4,6136803481575411323,grpc:Council_of_two_bot,grpc:ZMyBot,4,0,0,4,0,4,
Council_of_two_bot_vs_ZMyBot,7,LEFT_B,4,6493329617053643021,grpc:ZMyBot,grpc:Council_of_two_bot,4,0,0,0,4,4,
Council_of_two_bot_vs_ZMyBot,8,LEFT_A,4,8888462127471313806,grpc:Council_of_two_bot,grpc:ZMyBot,4,0,0,4,0,4,
Council_of_two_bot_vs_ZMyBot,8,LEFT_B,4,13323152398575024687,grpc:ZMyBot,grpc:Council_of_two_bot,4,0,0,0,4,4,
Council_of_two_bot_vs_ZMyBot,9,LEFT_A,4,776690111797130876,grpc:Council_of_two_bot,grpc:ZMyBot,4,0,0,4,0,4,
Council_of_two_bot_vs_ZMyBot,9,LEFT_B,4,8365165724521358428,grpc:ZMyBot,grpc:Council_of_two_bot,4,0,0,0,4,4,
Council_of_two_bot_vs_ZMyBot,10,LEFT_A,4,2887142631105529562,grpc:Council_of_two_bot,grpc:ZMyBot,4,0,0,4,0,4,
Council_of_two_bot_vs_ZMyBot,10,LEFT_B,4,17947119191906526681,grpc:ZMyBot,grpc:Council_of_two_bot,4,0,0,0,4,4,
Council_of_two_bot_vs_ZMyBot,11,LEFT_A,4,4842780437018403576,grpc:Council_of_two_bot,grpc:ZMyBot,4,0,0,4,0,4,
Council_of_two_bot_vs_ZMyBot,11,LEFT_B,4,14478302252218350509,grpc:ZMyBot,grpc:Council_of_two_bot,4,0,0,0,4,4,
Council_of_two_bot_vs_ZMyBot,12,LEFT_A,4,10931100080444231067,grpc:Council_of_two_bot,grpc:ZMyBot,4,0,0,4,0,4,
Council_of_two_bot_vs_ZMyBot,12,LEFT_B,4,14029590330800014128,grpc:ZMyBot,grpc:Council_of_two_bot,4,0,0,0,4,4,
Council_of_two_bot_vs_ZMyBot,13,LEFT_A,4,491545314220033778,grpc:Council_of_two_bot,grpc:ZMyBot,4,0,0,4,0,4,
Council_of_two_bot_vs_ZMyBot,13,LEFT_B,4,6046320737156598927,grpc:ZMyBot,grpc:Council_of_two_bot,4,0,0,0,4,4,
Council_of_two_bot_vs_ZMyBot,14,LEFT_A,4,12255963483268006677,grpc:Council_of_two_bot,grpc:ZMyBot,4,0,0,4,0,4,
Council_of_two_bot_vs_ZMyBot,14,LEFT_B,4,5786377124722262619,grpc:ZMyBot,grpc:Council_of_two_bot,4,0,0,0,4,4,
Council_of_two_bot_vs_ZMyBot,15,LEFT_A,4,1647637611126306843,grpc:Council_of_two_bot,grpc:ZMyBot,4,0,0,4,0,4,
Council_of_two_bot_vs_ZMyBot,15,LEFT_B,4,2870960549501823851,grpc:ZMyBot,grpc:Council_of_two_bot,4,0,0,0,4,4,
Council_of_two_bot_vs_ZMyBot,16,LEFT_A,4,457070852974625689,grpc:Council_of_two_bot,grpc:ZMyBot,4,0,0,4,0,4,
Council_of_two_bot_vs_ZMyBot,16,LEFT_B,4,3113259008649264559,grpc:ZMyBot,grpc:Council_of_two_bot,4,0,0,0,4,4,
Council_of_two_bot_vs_ZMyBot,17,LEFT_A,4,15034825101069263901,grpc:Council_of_two_bot,grpc:ZMyBot,4,0,0,4,0,4,
Council_of_two_bot_vs_ZMyBot,17,LEFT_B,4,2759368038893081388,grpc:ZMyBot,grpc:Council_of_two_bot,4,0,0,0,4,4,
Council_of_two_bot_vs_ZMyBot,18,LEFT_A,4,3746321763258368095,grpc:Council_of_two_bot,grpc:ZMyBot,4,0,0,4,0,4,
Council_of_two_bot_vs_ZMyBot,18,LEFT_B,4,6148869012517779460,grpc:ZMyBot,grpc:Council_of_two_bot,4,0,0,0,4,4,
Council_of_two_bot_vs_ZMyBot,19,LEFT_A,4,2377237833498779350,grpc:Council_of_two_bot,grpc:ZMyBot,4,0,0,4,0,4,
Council_of_two_bot_vs_ZMyBot,19,LEFT_B,4,2110070601040262524,grpc:ZMyBot,grpc:Council_of_two_bot,4,0,0,0,4,4,
Council_of_two_bot_vs_ZMyBot,20,LEFT_A,4,1729176620074135075,grpc:Council_of_two_bot,grpc:ZMyBot,4,0,0,4,0,4,
Council_of_two_bot_vs_ZMyBot,20,LEFT_B,4,12435524621603888274,grpc:ZMyBot,grpc:Council_of_two_bot,4,0,0,0,4,4,
Council_of_two_bot_vs_ZMyBot,21,LEFT_A,4,4242303148061481068,grpc:Council_of_two_bot,grpc:ZMyBot,4,0,0,4,0,4,
Council_of_two_bot_vs_ZMyBot,21,LEFT_B,4,12822372977385530958,grpc:ZMyBot,grpc:Council_of_two_bot,4,0,0,0,4,4,
Council_of_two_bot_vs_ZMyBot,22,LEFT_A,4,17693116805077956304,grpc:Council_of_two_bot,grpc:ZMyBot,4,0,0,4,0,4,
Council_of_two_bot_vs_ZMyBot,22,LEFT_B,4,1216797741729047528,grpc:ZMyBot,grpc:Council_of_two_bot,4,0,0,0,4,4,
Council_of_two_bot_vs_ZMyBot,23,LEFT_A,4,2417741423720652039,grpc:Council_of_two_bot,grpc:ZMyBot,4,0,0,4,0,4,
Council_of_two_bot_vs_ZMyBot,23,LEFT_B,4,5236538361994015296,grpc:ZMyBot,grpc:Council_of_two_bot,4,0,0,0,4,4,
Council_of_two_bot_vs_ZMyBot,24,LEFT_A,4,5854530291785557898,grpc:Council_of_two_bot,grpc:ZMyBot,3,1,0,3,1,4,
Council_of_two_bot_vs_ZMyBot,24,LEFT_B,4,13535935438457511154,grpc:ZMyBot,grpc:Council_of_two_bot,4,0,0,0,4,4,
Council_of_two_bot_vs_ZMyBot,25,LEFT_A,4,13590900925460349226,grpc:Council_of_two_bot,grpc:ZMyBot,4,0,0,4,0,4,
Council_of_two_bot_vs_ZMyBot,25,LEFT_B,4,5360484119404780097,grpc:ZMyBot,grpc:Council_of_two_bot,4,0,0,0,4,4,
Council_of_two_bot_vs_ZMyBot,26,LEFT_A,4,3552566494091672110,grpc:Council_of_two_bot,grpc:ZMyBot,4,0,0,4,0,4,
Council_of_two_bot_vs_ZMyBot,26,LEFT_B,4,13531209923475880615,grpc:ZMyBot,grpc:Council_of_two_bot,4,0,0,0,4,4,
Council_of_two_bot_vs_ZMyBot,27,LEFT_A,4,378805665055045989,grpc:Council_of_two_bot,grpc:ZMyBot,4,0,0,4,0,4,
Council_of_two_bot_vs_ZMyBot,27,LEFT_B,4,16399578058703558716,grpc:ZMyBot,grpc:Council_of_two_bot,4,0,0,0,4,4,
Council_of_two_bot_vs_ZMyBot,28,LEFT_A,4,13276671727161431824,grpc:Council_of_two_bot,grpc:ZMyBot,4,0,0,4,0,4,
Council_of_two_bot_vs_ZMyBot,28,LEFT_B,4,5002067630623064482,grpc:ZMyBot,grpc:Council_of_two_bot,4,0,0,0,4,4,
Council_of_two_bot_vs_ZMyBot,29,LEFT_A,4,10596086672637965597,grpc:Council_of_two_bot,grpc:ZMyBot,4,0,0,4,0,4,
Council_of_two_bot_vs_ZMyBot,29,LEFT_B,4,6267473253492752314,grpc:ZMyBot,grpc:Council_of_two_bot,4,0,0,0,4,4,
Council_of_two_bot_vs_ZMyBot,30,LEFT_A,4,16105142009908738588,grpc:Council_of_two_bot,grpc:ZMyBot,3,1,0,3,1,4,
Council_of_two_bot_vs_ZMyBot,30,LEFT_B,4,10403426847447115957,grpc:ZMyBot,grpc:Council_of_two_bot,4,0,0,0,4,4,
Council_of_two_bot_vs_ZMyBot,31,LEFT_A,4,8956501915056014727,grpc:Council_of_two_bot,grpc:ZMyBot,4,0,0,4,0,4,
Council_of_two_bot_vs_ZMyBot,31,LEFT_B,4,2730372933018600144,grpc:ZMyBot,grpc:Council_of_two_bot,4,0,0,0,4,4,
Council_of_two_bot_vs_ZMyBot,32,LEFT_A,4,15217053718330547150,grpc:Council_of_two_bot,grpc:ZMyBot,4,0,0,4,0,4,
Council_of_two_bot_vs_ZMyBot,32,LEFT_B,4,853809939378902862,grpc:ZMyBot,grpc:Council_of_two_bot,4,0,0,0,4,4,
Council_of_two_bot_vs_ZMyBot,33,LEFT_A,4,14966945545132220178,grpc:Council_of_two_bot,grpc:ZMyBot,4,0,0,4,0,4,
Council_of_two_bot_vs_ZMyBot,33,LEFT_B,4,8366438512747250945,grpc:ZMyBot,grpc:Council_of_two_bot,4,0,0,0,4,4,
Council_of_two_bot_vs_ZMyBot,34,LEFT_A,4,8177511181709794578,grpc:Council_of_two_bot,grpc:ZMyBot,4,0,0,4,0,4,
Council_of_two_bot_vs_ZMyBot,34,LEFT_B,4,538281991531436474,grpc:ZMyBot,grpc:Council_of_two_bot,4,0,0,0,4,4,
Council_of_two_bot_vs_ZMyBot,35,LEFT_A,4,13674252565280157401,grpc:Council_of_two_bot,grpc:ZMyBot,0,0,0,0,0,0,
Council_of_two_bot_vs_ZMyBot,35,LEFT_B,4,14534671948861305382,grpc:ZMyBot,grpc:Council_of_two_bot,0,0,0,0,0,0,
