pair_id,round_idx,side,runs,seed,left,right,p1_wins,p2_wins,draws,mapped_a_wins,mapped_b_wins,games,avg_ms
Council_of_two_bot_vs_HQL_Plus_BOT,0,LEFT_A,4,1315354074475234753,grpc:Council_of_two_bot,HQL_Plus_BOT,1,3,0,1,3,4,
Council_of_two_bot_vs_HQL_Plus_BOT,0,LEFT_B,4,6448633096550450764,HQL_Plus_BOT,grpc:Council_of_two_bot,4,0,0,0,4,4,
Council_of_two_bot_vs_HQL_Plus_BOT,1,LEFT_A,4,5147288479666151512,grpc:Council_of_two_bot,HQL_Plus_BOT,0,4,0,0,4,4,
Council_of_two_bot_vs_HQL_Plus_BOT,1,LEFT_B,4,12473733816535922187,HQL_Plus_BOT,grpc:Council_of_two_bot,4,0,0,0,4,4,
Council_of_two_bot_vs_HQL_Plus_BOT,2,LEFT_A,4,17942717091304869529,grpc:Council_of_two_bot,HQL_Plus_BOT,0,4,0,0,4,4,
Council_of_two_bot_vs_HQL_Plus_BOT,2,LEFT_B,4,6680330764128643752,HQL_Plus_BOT,grpc:Council_of_two_bot,4,0,0,0,4,4,
Council_of_two_bot_vs_HQL_Plus_BOT,3,LEFT_A,4,13035350300310738120,grpc:Council_of_two_bot,HQL_Plus_BOT,1,3,0,1,3,4,
Council_of_two_bot_vs_HQL_Plus_BOT,3,LEFT_B,4,3350925420557583691,HQL_Plus_BOT,grpc:Council_of_two_bot,4,0,0,0,4,4,
Council_of_two_bot_vs_HQL_Plus_BOT,4,LEFT_A,4,2664097949050988258,grpc:Council_of_two_bot,HQL_Plus_BOT,0,4,0,0,4,4,
Council_of_two_bot_vs_HQL_Plus_BOT,4,LEFT_B,4,8595026624863353426,HQL_Plus_BOT,grpc:Council_of_two_bot,4,0,0,0,4,4,
Council_of_two_bot_vs_HQL_Plus_BOT,5,LEFT_A,4,4639054675997569762,grpc:Council_of_two_bot,HQL_Plus_BOT,0,4,0,0,4,4,
Council_of_two_bot_vs_HQL_Plus_BOT,5,LEFT_B,4,10273892469344659008,HQL_Plus_BOT,grpc:Council_of_two_bot,4,0,0,0,4,4,
Council_of_two_bot_vs_HQL_Plus_BOT,6,LEFT_A,4,10901155980399137651,grpc:Council_of_two_bot,HQL_Plus_BOT,2,2,0,2,2,4,
Council_of_two_bot_vs_HQL_Plus_BOT,6,LEFT_B,4,7704200045354714011,HQL_Plus_BOT,grpc:Council_of_two_bot,3,1,0,1,3,4,
Council_of_two_bot_vs_HQL_Plus_BOT,7,LEFT_A,4,2809348396149016092,grpc:Council_of_two_bot,HQL_Plus_BOT,0,4,0,0,4,4,
Council_of_two_bot_vs_HQL_Plus_BOT,7,LEFT_B,4,9477453129289361852,HQL_Plus_BOT,grpc:Council_of_two_bot,4,0,0,0,4,4,
Council_of_two_bot_vs_HQL_Plus_BOT,8,LEFT_A,4,15819605341170391690,grpc:Council_of_two_bot,HQL_Plus_BOT,0,4,0,0,4,4,
Council_of_two_bot_vs_HQL_Plus_BOT,8,LEFT_B,4,3550194447378021355,HQL_Plus_BOT,grpc:Council_of_two_bot,4,0,0,0,4,4,
Council_of_two_bot_vs_HQL_Plus_BOT,9,LEFT_A,4,8340610378343599536,grpc:Council_of_two_bot,HQL_Plus_BOT,0,4,0,0,4,4,
Council_of_two_bot_vs_HQL_Plus_BOT,9,LEFT_B,4,698039149268766793,HQL_Plus_BOT,grpc:Council_of_two_bot,4,0,0,0,4,4,
Council_of_two_bot_vs_HQL_Plus_BOT,10,LEFT_A,4,15291788253536718056,grpc:Council_of_two_bot,HQL_Plus_BOT,0,4,0,0,4,4,
Council_of_two_bot_vs_HQL_Plus_BOT,10,LEFT_B,4,14631994633461296426,HQL_Plus_BOT,grpc:Council_of_two_bot,4,0,0,0,4,4,
Council_of_two_bot_vs_HQL_Plus_BOT,11,LEFT_A,4,775643346711402425,grpc:Council_of_two_bot,HQL_Plus_BOT,0,4,0,0,4,4,
Council_of_two_bot_vs_HQL_Plus_BOT,11,LEFT_B,4,4367392390974311703,HQL_Plus_BOT,grpc:Council_of_two_bot,4,0,0,0,4,4,
Council_of_two_bot_vs_HQL_Plus_BOT,12,LEFT_A,4,12982459081862789073,grpc:Council_of_two_bot,HQL_Plus_BOT,0,4,0,0,4,4,
Council_of_two_bot_vs_HQL_Plus_BOT,12,LEFT_B,4,4101353188831301834,HQL_Plus_BOT,grpc:Council_of_two_bot,4,0,0,0,4,4,
Council_of_two_bot_vs_HQL_Plus_BOT,13,LEFT_A,4,14320316339821597078,grpc:Council_of_two_bot,HQL_Plus_BOT,0,4,0,0,4,4,
Council_of_two_bot_vs_HQL_Plus_BOT,13,LEFT_B,4,6720866028124358462,HQL_Plus_BOT,grpc:Council_of_two_bot,4,0,0,0,4,4,
Council_of_two_bot_vs_HQL_Plus_BOT,14,LEFT_A,4,16711677227865282003,grpc:Council_of_two_bot,HQL_Plus_BOT,0,4,0,0,4,4,
Council_of_two_bot_vs_HQL_Plus_BOT,14,LEFT_B,4,13688077876073805454,HQL_Plus_BOT,grpc:Council_of_two_bot,4,0,0,0,4,4,
Council_of_two_bot_vs_HQL_Plus_BOT,15,LEFT_A,4,3381431539104257398,grpc:Council_of_two_bot,HQL_Plus_BOT,0,4,0,0,4,4,
Council_of_two_bot_vs_HQL_Plus_BOT,15,LEFT_B,4,11776089255677420941,HQL_Plus_BOT,grpc:Council_of_two_bot,4,0,0,0,4,4,
Council_of_two_bot_vs_HQL_Plus_BOT,16,LEFT_A,4,18131607952368755222,grpc:Council_of_two_bot,HQL_Plus_BOT,0,4,0,0,4,4,
Council_of_two_bot_vs_HQL_Plus_BOT,16,LEFT_B,4,10543895085236261913,HQL_Plus_BOT,grpc:Council_of_two_bot,4,0,0,0,4,4,
Council_of_two_bot_vs_HQL_Plus_BOT,17,LEFT_A,4,15696844414071456150,grpc:Council_of_two_bot,HQL_Plus_BOT,0,4,0,0,4,4,
Council_of_two_bot_vs_HQL_Plus_BOT,17,LEFT_B,4,4837682833171903143,HQL_Plus_BOT,grpc:Council_of_two_bot,3,1,0,1,3,4,
Council_of_two_bot_vs_HQL_Plus_BOT,18,LEFT_A,4,1159057024733670753,grpc:Council_of_two_bot,HQL_Plus_BOT,0,4,0,0,4,4,
Council_of_two_bot_vs_HQL_Plus_BOT,18,LEFT_B,4,4450744884153010211,HQL_Plus_BOT,grpc:Council_of_two_bot,3,1,0,1,3,4,
Council_of_two_bot_vs_HQL_Plus_BOT,19,LEFT_A,4,11580388019069046920,grpc:Council_of_two_bot,HQL_Plus_BOT,0,4,0,0,4,4,
Council_of_two_bot_vs_HQL_Plus_BOT,19,LEFT_B,4,963449380339660665,HQL_Plus_BOT,grpc:Council_of_two_bot,4,0,0,0,4,4,
Council_of_two_bot_vs_HQL_Plus_BOT,20,LEFT_A,4,12612073418844315228,grpc:Council_of_two_bot,HQL_Plus_BOT,1,3,0,1,3,4,
Council_of_two_bot_vs_HQL_Plus_BOT,20,LEFT_B,4,2832682451975930912,HQL_Plus_BOT,grpc:Council_of_two_bot,4,0,0,0,4,4,
Council_of_two_bot_vs_HQL_Plus_BOT,21,LEFT_A,4,3162218223581904318,grpc:Council_of_two_bot,HQL_Plus_BOT,2,2,0,2,2,4,
Council_of_two_bot_vs_HQL_Plus_BOT,21,LEFT_B,4,6716473654965521276,HQL_Plus_BOT,grpc:Council_of_two_bot,4,0,0,0,4,4,
Council_of_two_bot_vs_HQL_Plus_BOT,22,LEFT_A,4,233848852342337839,grpc:Council_of_two_bot,HQL_Plus_BOT,0,4,0,0,4,4,
Council_of_two_bot_vs_HQL_Plus_BOT,22,LEFT_B,4,14168811915091670908,HQL_Plus_BOT,grpc:Council_of_two_bot,4,0,0,0,4,4,
Council_of_two_bot_vs_HQL_Plus_BOT,23,LEFT_A,4,1109013272104568195,grpc:Council_of_two_bot,HQL_Plus_BOT,0,4,0,0,4,4,
Council_of_two_bot_vs_HQL_Plus_BOT,23,LEFT_B,4,17191716647245673027,HQL_Plus_BOT,grpc:Council_of_two_bot,4,0,0,0,4,4,
Council_of_two_bot_vs_HQL_Plus_BOT,24,LEFT_A,4,10380386200207889453,grpc:Council_of_two_bot,HQL_Plus_BOT,0,4,0,0,4,4,
Council_of_two_bot_vs_HQL_Plus_BOT,24,LEFT_B,4,2044747544694559254,HQL_Plus_BOT,grpc:Council_of_two_bot,4,0,0,0,4,4,
Council_of_two_bot_vs_HQL_Plus_BOT,25,LEFT_A,4,13163890993834893662,grpc:Council_of_two_bot,HQL_Plus_BOT,0,4,0,0,4,4,
Council_of_two_bot_vs_HQL_Plus_BOT,25,LEFT_B,4,10016482132328374265,HQL_Plus_BOT,grpc:Council_of_two_bot,4,0,0,0,4,4,
Council_of_two_bot_vs_HQL_Plus_BOT,26,LEFT_A,4,7480300884922187424,grpc:Council_of_two_bot,HQL_Plus_BOT,0,4,0,0,4,4,
Council_of_two_bot_vs_HQL_Plus_BOT,26,LEFT_B,4,283656961867283900,HQL_Plus_BOT,grpc:Council_of_two_bot,4,0,0,0,4,4,
Council_of_two_bot_vs_HQL_Plus_BOT,27,LEFT_A,4,2600045287551206466,grpc:Council_of_two_bot,HQL_Plus_BOT,0,4,0,0,4,4,
Council_of_two_bot_vs_HQL_Plus_BOT,27,LEFT_B,4,13573467955409155273,HQL_Plus_BOT,grpc:Council_of_two_bot,4,0,0,0,4,4,
Council_of_two_bot_vs_HQL_Plus_BOT,28,LEFT_A,4,10968936662517805092,grpc:Council_of_two_bot,HQL_Plus_BOT,1,3,0,1,3,4,
Council_of_two_bot_vs_HQL_Plus_BOT,28,LEFT_B,4,8098970927161576252,HQL_Plus_BOT,grpc:Council_of_two_bot,3,1,0,1,3,4,
Council_of_two_bot_vs_HQL_Plus_BOT,29,LEFT_A,4,11838513122179017656,grpc:Council_of_two_bot,HQL_Plus_BOT,0,4,0,0,4,4,
Council_of_two_bot_vs_HQL_Plus_BOT,29,LEFT_B,4,8775605599081174769,HQL_Plus_BOT,grpc:Council_of_two_bot,4,0,0,0,4,4,
Council_of_two_bot_vs_HQL_Plus_BOT,30,LEFT_A,4,1448984429130913087,grpc:Council_of_two_bot,HQL_Plus_BOT,0,4,0,0,4,4,
Council_of_two_bot_vs_HQL_Plus_BOT,30,LEFT_B,4,1222586826119921319,HQL_Plus_BOT,grpc:Council_of_two_bot,4,0,0,0,4,4,
Council_of_two_bot_vs_HQL_Plus_BOT,31,LEFT_A,4,5433680815844770704,grpc:Council_of_two_bot,HQL_Plus_BOT,0,4,0,0,4,4,
Council_of_two_bot_vs_HQL_Plus_BOT,31,LEFT_B,4,10260593306517786097,HQL_Plus_BOT,grpc:Council_of_two_bot,4,0,0,0,4,4,
Council_of_two_bot_vs_HQL_Plus_BOT,32,LEFT_A,4,14248944409288904411,grpc:Council_of_two_bot,HQL_Plus_BOT,0,4,0,0,4,4,
Council_of_two_bot_vs_HQL_Plus_BOT,32,LEFT_B,4,16851467351070540486,HQL_Plus_BOT,grpc:Council_of_two_bot,4,0,0,0,4,4,
Council_of_two_bot_vs_HQL_Plus_BOT,33,LEFT_A,4,3127712889388959729,grpc:Council_of_two_bot,HQL_Plus_BOT,0,4,0,0,4,4,
Council_of_two_bot_vs_HQL_Plus_BOT,33,LEFT_B,4,12587398073272192894,HQL_Plus_BOT,grpc:Council_of_two_bot,4,0,0,0,4,4,
Council_of_two_bot_vs_HQL_Plus_BOT,34,LEFT_A,4,14084772209564805827,grpc:Council_of_two_bot,HQL_Plus_BOT,0,4,0,0,4,4,
Council_of_two_bot_vs_HQL_Plus_BOT,34,LEFT_B,4,1158111439508793438,HQL_Plus_BOT,grpc:Council_of_two_bot,4,0,0,0,4,4,
Council_of_two_bot_vs_HQL_Plus_BOT,35,LEFT_A,4,10275340249475707153,grpc:Council_of_two_bot,HQL_Plus_BOT,1,3,0,1,3,4,
Council_of_two_bot_vs_HQL_Plus_BOT,35,LEFT_B,4,7318097963414034909,HQL_Plus_BOT,grpc:Council_of_two_bot,4,0,0,0,4,4,
