pair_id,round_idx,side,runs,seed,left,right,p1_wins,p2_wins,draws,mapped_a_wins,mapped_b_wins,games,avg_ms
EBot_F_vs_SakkirinaSolo,0,LEFT_A,4,667444538403317430,EBot_F,SakkirinaSolo,3,1,0,3,1,4,
EBot_F_vs_SakkirinaSolo,0,LEFT_B,4,11870502717345360663,SakkirinaSolo,EBot_F,3,1,0,1,3,4,
EBot_F_vs_SakkirinaSolo,1,LEFT_A,4,16274481889781515442,EBot_F,SakkirinaSolo,0,4,0,0,4,4,
EBot_F_vs_SakkirinaSolo,1,LEFT_B,4,12331827421620854286,SakkirinaSolo,EBot_F,4,0,0,0,4,4,
EBot_F_vs_SakkirinaSolo,2,LEFT_A,4,11475081349277057405,EBot_F,SakkirinaSolo,1,3,0,1,3,4,
EBot_F_vs_SakkirinaSolo,2,LEFT_B,4,3581407367397083256,SakkirinaSolo,EBot_F,3,1,0,1,3,4,
EBot_F_vs_SakkirinaSolo,3,LEFT_A,4,7190355282101604520,EBot_F,SakkirinaSolo,2,2,0,2,2,4,
EBot_F_vs_SakkirinaSolo,3,LEFT_B,4,15749163479406475716,SakkirinaSolo,EBot_F,4,0,0,0,4,4,
EBot_F_vs_SakkirinaSolo,4,LEFT_A,4,300399672785534527,EBot_F,SakkirinaSolo,2,2,0,2,2,4,
EBot_F_vs_SakkirinaSolo,4,LEFT_B,4,12339051579665817116,SakkirinaSolo,EBot_F,4,0,0,0,4,4,
EBot_F_vs_SakkirinaSolo,5,LEFT_A,4,10684809254335710353,EBot_F,SakkirinaSolo,1,3,0,1,3,4,
EBot_F_vs_SakkirinaSolo,5,LEFT_B,4,18082092868978161156,SakkirinaSolo,EBot_F,4,0,0,0,4,4,
EBot_F_vs_SakkirinaSolo,6,LEFT_A,4,11035851306651510913,EBot_F,SakkirinaSolo,2,2,0,2,2,4,
EBot_F_vs_SakkirinaSolo,6,LEFT_B,4,16722986295498107662,SakkirinaSolo,EBot_F,3,1,0,1,3,4,
EBot_F_vs_SakkirinaSolo,7,LEFT_A,4,13957807590931984097,EBot_F,SakkirinaSolo,1,3,0,1,3,4,
EBot_F_vs_SakkirinaSolo,7,LEFT_B,4,14867066106537226920,SakkirinaSolo,EBot_F,4,0,0,0,4,4,
EBot_F_vs_SakkirinaSolo,8,LEFT_A,4,474603299658120243,EBot_F,SakkirinaSolo,2,2,0,2,2,4,
EBot_F_vs_SakkirinaSolo,8,LEFT_B,4,6680576549911391207,SakkirinaSolo,EBot_F,3,1,0,1,3,4,
EBot_F_vs_SakkirinaSolo,9,LEFT_A,4,3140410576665566476,EBot_F,SakkirinaSolo,2,2,0,2,2,4,
EBot_F_vs_SakkirinaSolo,9,LEFT_B,4,10057031677608152061,SakkirinaSolo,EBot_F,4,0,0,0,4,4,
EBot_F_vs_SakkirinaSolo,10,LEFT_A,4,9519553587182974092,EBot_F,SakkirinaSolo,2,2,0,2,2,4,
EBot_F_vs_SakkirinaSolo,10,LEFT_B,4,16771001811961698822,SakkirinaSolo,EBot_F,3,1,0,1,3,4,
EBot_F_vs_SakkirinaSolo,11,LEFT_A,4,7644476738796675330,EBot_F,SakkirinaSolo,1,3,0,1,3,4,
EBot_F_vs_SakkirinaSolo,11,LEFT_B,4,1747664422883288431,SakkirinaSolo,EBot_F,4,0,0,0,4,4,
EBot_F_vs_SakkirinaSolo,12,LEFT_A,4,3824736117896998891,EBot_F,SakkirinaSolo,1,3,0,1,3,4,
EBot_F_vs_SakkirinaSolo,12,LEFT_B,4,6840718007743082045,SakkirinaSolo,EBot_F,4,0,0,0,4,4,
EBot_F_vs_SakkirinaSolo,13,LEFT_A,4,12440245886400248322,EBot_F,SakkirinaSolo,0,4,0,0,4,4,
EBot_F_vs_SakkirinaSolo,13,LEFT_B,4,2566304289128539794,SakkirinaSolo,EBot_F,4,0,0,0,4,4,
EBot_F_vs_SakkirinaSolo,14,LEFT_A,4,6563607423150706098,EBot_F,SakkirinaSolo,2,2,0,2,2,4,
EBot_F_vs_SakkirinaSolo,14,LEFT_B,4,6694167492914248161,SakkirinaSolo,EBot_F,4,0,0,0,4,4,
EBot_F_vs_SakkirinaSolo,15,LEFT_A,4,15661519622910201921,EBot_F,SakkirinaSolo,1,3,0,1,3,4,
EBot_F_vs_SakkirinaSolo,15,LEFT_B,4,14747556073490407973,SakkirinaSolo,EBot_F,4,0,0,0,4,4,
EBot_F_vs_SakkirinaSolo,16,LEFT_A,4,15002462471173090679,EBot_F,SakkirinaSolo,2,2,0,2,2,4,
EBot_F_vs_SakkirinaSolo,16,LEFT_B,4,29042610146425239,SakkirinaSolo,EBot_F,4,0,0,0,4,4,
EBot_F_vs_SakkirinaSolo,17,LEFT_A,4,15060712992591955579,EBot_F,SakkirinaSolo,1,3,0,1,3,4,
EBot_F_vs_SakkirinaSolo,17,LEFT_B,4,6858373392294572619,SakkirinaSolo,EBot_F,4,0,0,0,4,4,
EBot_F_vs_SakkirinaSolo,18,LEFT_A,4,18362308271061251884,EBot_F,SakkirinaSolo,2,2,0,2,2,4,
EBot_F_vs_SakkirinaSolo,18,LEFT_B,4,4984359336645140702,SakkirinaSolo,EBot_F,4,0,0,0,4,4,
EBot_F_vs_SakkirinaSolo,19,LEFT_A,4,6787786259708329045,EBot_F,SakkirinaSolo,1,3,0,1,3,4,
EBot_F_vs_SakkirinaSolo,19,LEFT_B,4,9930451722401761870,SakkirinaSolo,EBot_F,4,0,0,0,4,4,
EBot_F_vs_SakkirinaSolo,20,LEFT_A,4,14552774199192974694,EBot_F,SakkirinaSolo,0,4,0,0,4,4,
EBot_F_vs_SakkirinaSolo,20,LEFT_B,4,4147645785030494651,SakkirinaSolo,EBot_F,4,0,0,0,4,4,
EBot_F_vs_SakkirinaSolo,21,LEFT_A,4,18287357540287050617,EBot_F,SakkirinaSolo,1,3,0,1,3,4,
EBot_F_vs_SakkirinaSolo,21,LEFT_B,4,9282138913951777221,SakkirinaSolo,EBot_F,4,0,0,0,4,4,
EBot_F_vs_SakkirinaSolo,22,LEFT_A,4,17229013922961342855,EBot_F,SakkirinaSolo,1,3,0,1,3,4,
EBot_F_vs_SakkirinaSolo,22,LEFT_B,4,14574569534620276926,SakkirinaSolo,EBot_F,4,0,0,0,4,4,
EBot_F_vs_SakkirinaSolo,23,LEFT_A,4,14334655778732900613,EBot_F,SakkirinaSolo,2,2,0,2,2,4,
EBot_F_vs_SakkirinaSolo,23,LEFT_B,4,12550316452425019546,SakkirinaSolo,EBot_F,3,1,0,1,3,4,
EBot_F_vs_SakkirinaSolo,24,LEFT_A,4,1514970399391796103,EBot_F,SakkirinaSolo,0,4,0,0,4,4,
EBot_F_vs_SakkirinaSolo,24,LEFT_B,4,4861580372448384421,SakkirinaSolo,EBot_F,4,0,0,0,4,4,
EBot_F_vs_SakkirinaSolo,25,LEFT_A,4,17720426278927603110,EBot_F,SakkirinaSolo,2,2,0,2,2,4,
EBot_F_vs_SakkirinaSolo,25,LEFT_B,4,13149701494409814578,SakkirinaSolo,EBot_F,4,0,0,0,4,4,
EBot_F_vs_SakkirinaSolo,26,LEFT_A,4,3035768770442902522,EBot_F,SakkirinaSolo,1,3,0,1,3,4,
EBot_F_vs_SakkirinaSolo,26,LEFT_B,4,5132639125810254524,SakkirinaSolo,EBot_F,4,0,0,0,4,4,
EBot_F_vs_SakkirinaSolo,27,LEFT_A,4,10400632922761999810,EBot_F,SakkirinaSolo,2,2,0,2,2,4,
EBot_F_vs_SakkirinaSolo,27,LEFT_B,4,18069016545894109845,SakkirinaSolo,EBot_F,3,1,0,1,3,4,
EBot_F_vs_SakkirinaSolo,28,LEFT_A,4,13656736821761216996,EBot_F,SakkirinaSolo,0,4,0,0,4,4,
EBot_F_vs_SakkirinaSolo,28,LEFT_B,4,3584222434181263726,SakkirinaSolo,EBot_F,4,0,0,0,4,4,
EBot_F_vs_SakkirinaSolo,29,LEFT_A,4,7124090938282412723,EBot_F,SakkirinaSolo,2,2,0,2,2,4,
EBot_F_vs_SakkirinaSolo,29,LEFT_B,4,7632283034370322347,SakkirinaSolo,EBot_F,3,1,0,1,3,4,
EBot_F_vs_SakkirinaSolo,30,LEFT_A,4,3140335583096936927,EBot_F,SakkirinaSolo,1,3,0,1,3,4,
EBot_F_vs_SakkirinaSolo,30,LEFT_B,4,7156376170024552838,SakkirinaSolo,EBot_F,4,0,0,0,4,4,
EBot_F_vs_SakkirinaSolo,31,LEFT_A,4,16555196591893698582,EBot_F,SakkirinaSolo,1,3,0,1,3,4,
EBot_F_vs_SakkirinaSolo,31,LEFT_B,4,12951853849388914168,SakkirinaSolo,EBot_F,4,0,0,0,4,4,
EBot_F_vs_SakkirinaSolo,32,LEFT_A,4,4080218799083041416,EBot_F,SakkirinaSolo,3,1,0,3,1,4,
EBot_F_vs_SakkirinaSolo,32,LEFT_B,4,3411931146630399392,SakkirinaSolo,EBot_F,3,1,0,1,3,4,
EBot_F_vs_SakkirinaSolo,33,LEFT_A,4,12427113815099329578,EBot_F,SakkirinaSolo,1,3,0,1,3,4,
EBot_F_vs_SakkirinaSolo,33,LEFT_B,4,4166667838557431871,SakkirinaSolo,EBot_F,4,0,0,0,4,4,
EBot_F_vs_SakkirinaSolo,34,LEFT_A,4,712920606519585313,EBot_F,SakkirinaSolo,1,3,0,1,3,4,
EBot_F_vs_SakkirinaSolo,34,LEFT_B,4,4925339343885424962,SakkirinaSolo,EBot_F,4,0,0,0,4,4,
