pair_id,round_idx,side,runs,seed,left,right,p1_wins,p2_wins,draws,mapped_a_wins,mapped_b_wins,games,avg_ms
EBot_C_vs_SakkirinaSolo,0,LEFT_A,4,16461659379647254325,EBot_C,SakkirinaSolo,2,2,0,2,2,4,
EBot_C_vs_SakkirinaSolo,0,LEFT_B,4,14629759052548891027,SakkirinaSolo,EBot_C,3,1,0,1,3,4,
EBot_C_vs_SakkirinaSolo,1,LEFT_A,4,13661312355190949764,EBot_C,SakkirinaSolo,2,2,0,2,2,4,
EBot_C_vs_SakkirinaSolo,1,LEFT_B,4,17803922486856072230,SakkirinaSolo,EBot_C,3,1,0,1,3,4,
EBot_C_vs_SakkirinaSolo,2,LEFT_A,4,12870093653428917786,EBot_C,SakkirinaSolo,1,3,0,1,3,4,
EBot_C_vs_SakkirinaSolo,2,LEFT_B,4,10186227299652254572,SakkirinaSolo,EBot_C,4,0,0,0,4,4,
EBot_C_vs_SakkirinaSolo,3,LEFT_A,4,920107337194446068,EBot_C,SakkirinaSolo,2,2,0,2,2,4,
EBot_C_vs_SakkirinaSolo,3,LEFT_B,4,11369659080520890087,SakkirinaSolo,EBot_C,4,0,0,0,4,4,
EBot_C_vs_SakkirinaSolo,4,LEFT_A,4,9236950928102607760,EBot_C,SakkirinaSolo,2,2,0,2,2,4,
EBot_C_vs_SakkirinaSolo,4,LEFT_B,4,14548445095334087801,SakkirinaSolo,EBot_C,3,1,0,1,3,4,
EBot_C_vs_SakkirinaSolo,5,LEFT_A,4,10406202431213754933,EBot_C,SakkirinaSolo,1,3,0,1,3,4,
EBot_C_vs_SakkirinaSolo,5,LEFT_B,4,2194905929633659723,SakkirinaSolo,EBot_C,4,0,0,0,4,4,
EBot_C_vs_SakkirinaSolo,6,LEFT_A,4,10981230155056219465,EBot_C,SakkirinaSolo,2,2,0,2,2,4,
EBot_C_vs_SakkirinaSolo,6,LEFT_B,4,17269203314547568793,SakkirinaSolo,EBot_C,3,1,0,1,3,4,
EBot_C_vs_SakkirinaSolo,7,LEFT_A,4,9591555671978349831,EBot_C,SakkirinaSolo,2,2,0,2,2,4,
EBot_C_vs_SakkirinaSolo,7,LEFT_B,4,10782661024523931206,SakkirinaSolo,EBot_C,3,1,0,1,3,4,
EBot_C_vs_SakkirinaSolo,8,LEFT_A,4,8502386902734822691,EBot_C,SakkirinaSolo,2,2,0,2,2,4,
EBot_C_vs_SakkirinaSolo,8,LEFT_B,4,16729568850737467312,SakkirinaSolo,EBot_C,3,1,0,1,3,4,
EBot_C_vs_SakkirinaSolo,9,LEFT_A,4,16120826618660708368,EBot_C,SakkirinaSolo,2,2,0,2,2,4,
EBot_C_vs_SakkirinaSolo,9,LEFT_B,4,9100425306429219528,SakkirinaSolo,EBot_C,3,1,0,1,3,4,
EBot_C_vs_SakkirinaSolo,10,LEFT_A,4,12787784552444392464,EBot_C,SakkirinaSolo,0,4,0,0,4,4,
EBot_C_vs_SakkirinaSolo,10,LEFT_B,4,5439713077944145378,SakkirinaSolo,EBot_C,4,0,0,0,4,4,
EBot_C_vs_SakkirinaSolo,11,LEFT_A,4,15173161217035197745,EBot_C,SakkirinaSolo,1,3,0,1,3,4,
EBot_C_vs_SakkirinaSolo,11,LEFT_B,4,5556154418159593351,SakkirinaSolo,EBot_C,3,1,0,1,3,4,
EBot_C_vs_SakkirinaSolo,12,LEFT_A,4,9733455886833748115,EBot_C,SakkirinaSolo,1,3,0,1,3,4,
EBot_C_vs_SakkirinaSolo,12,LEFT_B,4,12378544989570983269,SakkirinaSolo,EBot_C,4,0,0,0,4,4,
EBot_C_vs_SakkirinaSolo,13,LEFT_A,4,8896544180495902662,EBot_C,SakkirinaSolo,0,4,0,0,4,4,
EBot_C_vs_SakkirinaSolo,13,LEFT_B,4,7996287782053993464,SakkirinaSolo,EBot_C,4,0,0,0,4,4,
EBot_C_vs_SakkirinaSolo,14,LEFT_A,4,13239558074951199405,EBot_C,SakkirinaSolo,3,1,0,3,1,4,
EBot_C_vs_SakkirinaSolo,14,LEFT_B,4,4222237092616313693,SakkirinaSolo,EBot_C,4,0,0,0,4,4,
EBot_C_vs_SakkirinaSolo,15,LEFT_A,4,13790154623452887502,EBot_C,SakkirinaSolo,2,2,0,2,2,4,
EBot_C_vs_SakkirinaSolo,15,LEFT_B,4,10771142570321040692,SakkirinaSolo,EBot_C,4,0,0,0,4,4,
EBot_C_vs_SakkirinaSolo,16,LEFT_A,4,13120226028226276439,EBot_C,SakkirinaSolo,2,2,0,2,2,4,
EBot_C_vs_SakkirinaSolo,16,LEFT_B,4,7719340788765296314,SakkirinaSolo,EBot_C,4,0,0,0,4,4,
EBot_C_vs_SakkirinaSolo,17,LEFT_A,4,4642526052440094170,EBot_C,SakkirinaSolo,1,3,0,1,3,4,
EBot_C_vs_SakkirinaSolo,17,LEFT_B,4,15454218924729251128,SakkirinaSolo,EBot_C,3,1,0,1,3,4,
EBot_C_vs_SakkirinaSolo,18,LEFT_A,4,3548403142754690165,EBot_C,SakkirinaSolo,2,2,0,2,2,4,
EBot_C_vs_SakkirinaSolo,18,LEFT_B,4,5003565594265139202,SakkirinaSolo,EBot_C,3,1,0,1,3,4,
EBot_C_vs_SakkirinaSolo,19,LEFT_A,4,13312742721295582911,EBot_C,SakkirinaSolo,2,2,0,2,2,4,
EBot_C_vs_SakkirinaSolo,19,LEFT_B,4,10674212490165123697,SakkirinaSolo,EBot_C,4,0,0,0,4,4,
EBot_C_vs_SakkirinaSolo,20,LEFT_A,4,18003756448071365416,EBot_C,SakkirinaSolo,1,3,0,1,3,4,
EBot_C_vs_SakkirinaSolo,20,LEFT_B,4,7596904939288707995,SakkirinaSolo,EBot_C,4,0,0,0,4,4,
EBot_C_vs_SakkirinaSolo,21,LEFT_A,4,16488358975570114663,EBot_C,SakkirinaSolo,1,3,0,1,3,4,
EBot_C_vs_SakkirinaSolo,21,LEFT_B,4,6032851152053505571,SakkirinaSolo,EBot_C,4,0,0,0,4,4,
EBot_C_vs_SakkirinaSolo,22,LEFT_A,4,6890625156903309328,EBot_C,SakkirinaSolo,4,0,0,4,0,4,
EBot_C_vs_SakkirinaSolo,22,LEFT_B,4,18230609633245587220,SakkirinaSolo,EBot_C,4,0,0,0,4,4,
EBot_C_vs_SakkirinaSolo,23,LEFT_A,4,15104553638850991881,EBot_C,SakkirinaSolo,2,2,0,2,2,4,
EBot_C_vs_SakkirinaSolo,23,LEFT_B,4,1594580813825556370,SakkirinaSolo,EBot_C,3,1,0,1,3,4,
EBot_C_vs_SakkirinaSolo,24,LEFT_A,4,2688255188340101274,EBot_C,SakkirinaSolo,2,2,0,2,2,4,
EBot_C_vs_SakkirinaSolo,24,LEFT_B,4,16859755897289829645,SakkirinaSolo,EBot_C,4,0,0,0,4,4,
EBot_C_vs_SakkirinaSolo,25,LEFT_A,4,12022278676211806321,EBot_C,SakkirinaSolo,2,2,0,2,2,4,
EBot_C_vs_SakkirinaSolo,25,LEFT_B,4,1639493239034635413,SakkirinaSolo,EBot_C,4,0,0,0,4,4,
EBot_C_vs_SakkirinaSolo,26,LEFT_A,4,404100292353929512,EBot_C,SakkirinaSolo,2,2,0,2,2,4,
EBot_C_vs_SakkirinaSolo,26,LEFT_B,4,2941804811119126839,SakkirinaSolo,EBot_C,3,1,0,1,3,4,
EBot_C_vs_SakkirinaSolo,27,LEFT_A,4,17740071279557953756,EBot_C,SakkirinaSolo,1,3,0,1,3,4,
EBot_C_vs_SakkirinaSolo,27,LEFT_B,4,6183266181715755667,SakkirinaSolo,EBot_C,4,0,0,0,4,4,
EBot_C_vs_SakkirinaSolo,28,LEFT_A,4,2392534686638383666,EBot_C,SakkirinaSolo,2,2,0,2,2,4,
EBot_C_vs_SakkirinaSolo,28,LEFT_B,4,5170749539577408746,SakkirinaSolo,EBot_C,4,0,0,0,4,4,
EBot_C_vs_SakkirinaSolo,29,LEFT_A,4,15506711593407772794,EBot_C,SakkirinaSolo,1,3,0,1,3,4,
EBot_C_vs_SakkirinaSolo,29,LEFT_B,4,11870672699734092855,SakkirinaSolo,EBot_C,4,0,0,0,4,4,
EBot_C_vs_SakkirinaSolo,30,LEFT_A,4,16346025242325829154,EBot_C,SakkirinaSolo,1,3,0,1,3,4,
EBot_C_vs_SakkirinaSolo,30,LEFT_B,4,17769725667928579127,SakkirinaSolo,EBot_C,4,0,0,0,4,4,
EBot_C_vs_SakkirinaSolo,31,LEFT_A,4,13065940458503970203,EBot_C,SakkirinaSolo,3,1,0,3,1,4,
EBot_C_vs_SakkirinaSolo,31,LEFT_B,4,4782816786208795596,SakkirinaSolo,EBot_C,4,0,0,0,4,4,
EBot_C_vs_SakkirinaSolo,32,LEFT_A,4,6239842022914517554,EBot_C,SakkirinaSolo,1,3,0,1,3,4,
EBot_C_vs_SakkirinaSolo,32,LEFT_B,4,17504502378594783245,SakkirinaSolo,EBot_C,4,0,0,0,4,4,
EBot_C_vs_SakkirinaSolo,33,LEFT_A,4,9298705892064385980,EBot_C,SakkirinaSolo,1,3,0,1,3,4,
EBot_C_vs_SakkirinaSolo,33,LEFT_B,4,4727846179383032347,SakkirinaSolo,EBot_C,4,0,0,0,4,4,
EBot_C_vs_SakkirinaSolo,34,LEFT_A,4,2360383345040933698,EBot_C,SakkirinaSolo,2,2,0,2,2,4,
EBot_C_vs_SakkirinaSolo,34,LEFT_B,4,15284336231808840942,SakkirinaSolo,EBot_C,4,0,0,0,4,4,
