pair_id,round_idx,side,runs,seed,left,right,p1_wins,p2_wins,draws,mapped_a_wins,mapped_b_wins,games,avg_ms
EBot_C_vs_MaltheMCTS,0,LEFT_A,4,9201874087324346259,EBot_C,MaltheMCTS,4,0,0,4,0,4,
EBot_C_vs_MaltheMCTS,0,LEFT_B,4,889483600419088645,MaltheMCTS,EBot_C,0,4,0,4,0,4,
EBot_C_vs_MaltheMCTS,1,LEFT_A,4,16485939189208111819,EBot_C,MaltheMCTS,4,0,0,4,0,4,
EBot_C_vs_MaltheMCTS,1,LEFT_B,4,10462312559724525131,MaltheMCTS,EBot_C,2,2,0,2,2,4,
EBot_C_vs_MaltheMCTS,2,LEFT_A,4,2369558857259816693,EBot_C,MaltheMCTS,3,1,0,3,1,4,
EBot_C_vs_MaltheMCTS,2,LEFT_B,4,716587217606860244,MaltheMCTS,EBot_C,2,2,0,2,2,4,
EBot_C_vs_MaltheMCTS,3,LEFT_A,4,15260653810992890003,EBot_C,MaltheMCTS,3,1,0,3,1,4,
EBot_C_vs_MaltheMCTS,3,LEFT_B,4,15714812582890879491,MaltheMCTS,EBot_C,0,4,0,4,0,4,
EBot_C_vs_MaltheMCTS,4,LEFT_A,4,13723526570080429410,EBot_C,MaltheMCTS,4,0,0,4,0,4,
EBot_C_vs_MaltheMCTS,4,LEFT_B,4,15494646546801452330,MaltheMCTS,EBot_C,0,4,0,4,0,4,
EBot_C_vs_MaltheMCTS,5,LEFT_A,4,12367548759792034213,EBot_C,MaltheMCTS,4,0,0,4,0,4,
EBot_C_vs_MaltheMCTS,5,LEFT_B,4,12932567238471294393,MaltheMCTS,EBot_C,0,4,0,4,0,4,
EBot_C_vs_MaltheMCTS,6,LEFT_A,4,11144977918884199613,EBot_C,MaltheMCTS,3,1,0,3,1,4,
EBot_C_vs_MaltheMCTS,6,LEFT_B,4,18354904468265795401,MaltheMCTS,EBot_C,2,2,0,2,2,4,
EBot_C_vs_MaltheMCTS,7,LEFT_A,4,6486265622906761150,EBot_C,MaltheMCTS,3,1,0,3,1,4,
EBot_C_vs_MaltheMCTS,7,LEFT_B,4,9758274094424742463,MaltheMCTS,EBot_C,0,4,0,4,0,4,
EBot_C_vs_MaltheMCTS,8,LEFT_A,4,10366180237471198521,EBot_C,MaltheMCTS,4,0,0,4,0,4,
EBot_C_vs_MaltheMCTS,8,LEFT_B,4,11151297020276723798,MaltheMCTS,EBot_C,0,4,0,4,0,4,
EBot_C_vs_MaltheMCTS,9,LEFT_A,4,8568590860848706377,EBot_C,MaltheMCTS,4,0,0,4,0,4,
EBot_C_vs_MaltheMCTS,9,LEFT_B,4,1266869438356623295,MaltheMCTS,EBot_C,0,4,0,4,0,4,
EBot_C_vs_MaltheMCTS,10,LEFT_A,4,15759317512522832984,EBot_C,MaltheMCTS,4,0,0,4,0,4,
EBot_C_vs_MaltheMCTS,10,LEFT_B,4,9927117037662006191,MaltheMCTS,EBot_C,0,4,0,4,0,4,
EBot_C_vs_MaltheMCTS,11,LEFT_A,4,9473054826352967444,EBot_C,MaltheMCTS,4,0,0,4,0,4,
EBot_C_vs_MaltheMCTS,11,LEFT_B,4,6423600082586407376,MaltheMCTS,EBot_C,1,3,0,3,1,4,
EBot_C_vs_MaltheMCTS,12,LEFT_A,4,340421071555625862,EBot_C,MaltheMCTS,4,0,0,4,0,4,
EBot_C_vs_MaltheMCTS,12,LEFT_B,4,1742153239031317700,MaltheMCTS,EBot_C,1,3,0,3,1,4,
EBot_C_vs_MaltheMCTS,13,LEFT_A,4,7207546307514715081,EBot_C,MaltheMCTS,4,0,0,4,0,4,
EBot_C_vs_MaltheMCTS,13,LEFT_B,4,10511426217895004626,MaltheMCTS,EBot_C,0,4,0,4,0,4,
EBot_C_vs_MaltheMCTS,14,LEFT_A,4,259795641798293303,EBot_C,MaltheMCTS,3,1,0,3,1,4,
EBot_C_vs_MaltheMCTS,14,LEFT_B,4,8804896195237087094,MaltheMCTS,EBot_C,1,3,0,3,1,4,
EBot_C_vs_MaltheMCTS,15,LEFT_A,4,7719056702941775536,EBot_C,MaltheMCTS,4,0,0,4,0,4,
EBot_C_vs_MaltheMCTS,15,LEFT_B,4,9813218643679824654,MaltheMCTS,EBot_C,0,4,0,4,0,4,
EBot_C_vs_MaltheMCTS,16,LEFT_A,4,8450460252008991018,EBot_C,MaltheMCTS,4,0,0,4,0,4,
EBot_C_vs_MaltheMCTS,16,LEFT_B,4,9675182044949844414,MaltheMCTS,EBot_C,1,3,0,3,1,4,
EBot_C_vs_MaltheMCTS,17,LEFT_A,4,6079371945969373926,EBot_C,MaltheMCTS,3,1,0,3,1,4,
EBot_C_vs_MaltheMCTS,17,LEFT_B,4,13880637921146042490,MaltheMCTS,EBot_C,1,3,0,3,1,4,
EBot_C_vs_MaltheMCTS,18,LEFT_A,4,5428448638775547606,EBot_C,MaltheMCTS,4,0,0,4,0,4,
EBot_C_vs_MaltheMCTS,18,LEFT_B,4,17732998150618196900,MaltheMCTS,EBot_C,0,4,0,4,0,4,
EBot_C_vs_MaltheMCTS,19,LEFT_A,4,11486699749770984512,EBot_C,MaltheMCTS,2,2,0,2,2,4,
EBot_C_vs_MaltheMCTS,19,LEFT_B,4,16258053844225657972,MaltheMCTS,EBot_C,2,2,0,2,2,4,
EBot_C_vs_MaltheMCTS,20,LEFT_A,4,13243402153906755588,EBot_C,MaltheMCTS,3,1,0,3,1,4,
EBot_C_vs_MaltheMCTS,20,LEFT_B,4,13238968068725813152,MaltheMCTS,EBot_C,1,3,0,3,1,4,
EBot_C_vs_MaltheMCTS,21,LEFT_A,4,13846003661171803685,EBot_C,MaltheMCTS,4,0,0,4,0,4,
EBot_C_vs_MaltheMCTS,21,LEFT_B,4,7000605958340163203,MaltheMCTS,EBot_C,1,3,0,3,1,4,
EBot_C_vs_MaltheMCTS,22,LEFT_A,4,12105795786867475149,EBot_C,MaltheMCTS,4,0,0,4,0,4,
EBot_C_vs_MaltheMCTS,22,LEFT_B,4,1074868913613786636,MaltheMCTS,EBot_C,1,3,0,3,1,4,
EBot_C_vs_MaltheMCTS,23,LEFT_A,4,18284162037847752898,EBot_C,MaltheMCTS,4,0,0,4,0,4,
EBot_C_vs_MaltheMCTS,23,LEFT_B,4,14809041463841299270,MaltheMCTS,EBot_C,0,4,0,4,0,4,
EBot_C_vs_MaltheMCTS,24,LEFT_A,4,14921137220203916884,EBot_C,MaltheMCTS,3,1,0,3,1,4,
EBot_C_vs_MaltheMCTS,24,LEFT_B,4,6591540664905370886,MaltheMCTS,EBot_C,0,4,0,4,0,4,
EBot_C_vs_MaltheMCTS,25,LEFT_A,4,15142371196297655521,EBot_C,MaltheMCTS,4,0,0,4,0,4,
EBot_C_vs_MaltheMCTS,25,LEFT_B,4,12316285292518889841,MaltheMCTS,EBot_C,1,3,0,3,1,4,
EBot_C_vs_MaltheMCTS,26,LEFT_A,4,9253284142713776861,EBot_C,MaltheMCTS,4,0,0,4,0,4,
EBot_C_vs_MaltheMCTS,26,LEFT_B,4,8593045272166466492,MaltheMCTS,EBot_C,0,4,0,4,0,4,
EBot_C_vs_MaltheMCTS,27,LEFT_A,4,1353693267312269885,EBot_C,MaltheMCTS,4,0,0,4,0,4,
EBot_C_vs_MaltheMCTS,27,LEFT_B,4,9099977999471557032,MaltheMCTS,EBot_C,1,3,0,3,1,4,
EBot_C_vs_MaltheMCTS,28,LEFT_A,4,7574580696211613680,EBot_C,MaltheMCTS,4,0,0,4,0,4,
EBot_C_vs_MaltheMCTS,28,LEFT_B,4,4104840114150825592,MaltheMCTS,EBot_C,2,2,0,2,2,4,
EBot_C_vs_MaltheMCTS,29,LEFT_A,4,7831383016625379179,EBot_C,MaltheMCTS,2,2,0,2,2,4,
EBot_C_vs_MaltheMCTS,29,LEFT_B,4,4045415424138969008,MaltheMCTS,EBot_C,1,3,0,3,1,4,
EBot_C_vs_MaltheMCTS,30,LEFT_A,4,9343068015078195662,EBot_C,MaltheMCTS,4,0,0,4,0,4,
EBot_C_vs_MaltheMCTS,30,LEFT_B,4,727740362165140677,MaltheMCTS,EBot_C,0,4,0,4,0,4,
EBot_C_vs_MaltheMCTS,31,LEFT_A,4,14726613982142409404,EBot_C,MaltheMCTS,4,0,0,4,0,4,
EBot_C_vs_MaltheMCTS,31,LEFT_B,4,826011237659316096,MaltheMCTS,EBot_C,0,4,0,4,0,4,
EBot_C_vs_MaltheMCTS,32,LEFT_A,4,8258976612167158517,EBot_C,MaltheMCTS,3,1,0,3,1,4,
EBot_C_vs_MaltheMCTS,32,LEFT_B,4,16267786719463552559,MaltheMCTS,EBot_C,1,3,0,3,1,4,
EBot_C_vs_MaltheMCTS,33,LEFT_A,4,1580494689199817069,EBot_C,MaltheMCTS,4,0,0,4,0,4,
EBot_C_vs_MaltheMCTS,33,LEFT_B,4,16708800584217459452,MaltheMCTS,EBot_C,0,4,0,4,0,4,
EBot_C_vs_MaltheMCTS,34,LEFT_A,4,10254538425537382354,EBot_C,MaltheMCTS,4,0,0,4,0,4,
EBot_C_vs_MaltheMCTS,34,LEFT_B,4,14428566935638432882,MaltheMCTS,EBot_C,0,4,0,4,0,4,
EBot_C_vs_MaltheMCTS,35,LEFT_A,4,7983373319970119811,EBot_C,MaltheMCTS,4,0,0,4,0,4,
EBot_C_vs_MaltheMCTS,35,LEFT_B,4,3132113837088707653,MaltheMCTS,EBot_C,0,4,0,4,0,4,
