pair_id,round_idx,side,runs,seed,left,right,p1_wins,p2_wins,draws,mapped_a_wins,mapped_b_wins,games,avg_ms
EBot_C_vs_Sakkirina,0,LEFT_A,4,10625653434538683318,EBot_C,Sakkirina,1,3,0,1,3,4,
EBot_C_vs_Sakkirina,0,LEFT_B,4,8516358082370056242,Sakkirina,EBot_C,3,1,0,1,3,4,
EBot_C_vs_Sakkirina,1,LEFT_A,4,17053721677718694946,EBot_C,Sakkirina,2,2,0,2,2,4,
EBot_C_vs_Sakkirina,1,LEFT_B,4,14882868038692399985,Sakkirina,EBot_C,4,0,0,0,4,4,
EBot_C_vs_Sakkirina,2,LEFT_A,4,6967728310502634724,EBot_C,Sakkirina,3,1,0,3,1,4,
EBot_C_vs_Sakkirina,2,LEFT_B,4,14918689722463387394,Sakkirina,EBot_C,4,0,0,0,4,4,
EBot_C_vs_Sakkirina,3,LEFT_A,4,9655503207288828607,EBot_C,Sakkirina,0,4,0,0,4,4,
EBot_C_vs_Sakkirina,3,LEFT_B,4,5554319958154930076,Sakkirina,EBot_C,3,1,0,1,3,4,
EBot_C_vs_Sakkirina,4,LEFT_A,4,11281375563965561551,EBot_C,Sakkirina,3,1,0,3,1,4,
EBot_C_vs_Sakkirina,4,LEFT_B,4,18239308046676156355,Sakkirina,EBot_C,4,0,0,0,4,4,
EBot_C_vs_Sakkirina,5,LEFT_A,4,1376333605027132760,EBot_C,Sakkirina,2,2,0,2,2,4,
EBot_C_vs_Sakkirina,5,LEFT_B,4,4574872495423288210,Sakkirina,EBot_C,3,1,0,1,3,4,
EBot_C_vs_Sakkirina,6,LEFT_A,4,9979973629378588905,EBot_C,Sakkirina,1,3,0,1,3,4,
EBot_C_vs_Sakkirina,6,LEFT_B,4,407608086507391278,Sakkirina,EBot_C,3,1,0,1,3,4,
EBot_C_vs_Sakkirina,7,LEFT_A,4,15502478099313854744,EBot_C,Sakkirina,0,4,0,0,4,4,
EBot_C_vs_Sakkirina,7,LEFT_B,4,17131842434609578259,Sakkirina,EBot_C,3,1,0,1,3,4,
EBot_C_vs_Sakkirina,8,LEFT_A,4,9639718978955400562,EBot_C,Sakkirina,2,2,0,2,2,4,
EBot_C_vs_Sakkirina,8,LEFT_B,4,2621424134349193861,Sakkirina,EBot_C,3,1,0,1,3,4,
EBot_C_vs_Sakkirina,9,LEFT_A,4,6637451362584817794,EBot_C,Sakkirina,3,1,0,3,1,4,
EBot_C_vs_Sakkirina,9,LEFT_B,4,14716384736256175209,Sakkirina,EBot_C,3,1,0,1,3,4,
EBot_C_vs_Sakkirina,10,LEFT_A,4,16232234278973847288,EBot_C,Sakkirina,1,3,0,1,3,4,
EBot_C_vs_Sakkirina,10,LEFT_B,4,6885311289468471934,Sakkirina,EBot_C,3,1,0,1,3,4,
EBot_C_vs_Sakkirina,11,LEFT_A,4,3930884339055437802,EBot_C,Sakkirina,0,4,0,0,4,4,
EBot_C_vs_Sakkirina,11,LEFT_B,4,3897925812358999404,Sakkirina,EBot_C,4,0,0,0,4,4,
EBot_C_vs_Sakkirina,12,LEFT_A,4,2988189451276998149,EBot_C,Sakkirina,2,2,0,2,2,4,
EBot_C_vs_Sakkirina,12,LEFT_B,4,2459011064185461802,Sakkirina,EBot_C,2,2,0,2,2,4,
EBot_C_vs_Sakkirina,13,LEFT_A,4,93277515935917721,EBot_C,Sakkirina,3,1,0,3,1,4,
EBot_C_vs_Sakkirina,13,LEFT_B,4,7125504743635467438,Sakkirina,EBot_C,4,0,0,0,4,4,
EBot_C_vs_Sakkirina,14,LEFT_A,4,8584491430858992303,EBot_C,Sakkirina,2,2,0,2,2,4,
EBot_C_vs_Sakkirina,14,LEFT_B,4,12792043480065587716,Sakkirina,EBot_C,4,0,0,0,4,4,
EBot_C_vs_Sakkirina,15,LEFT_A,4,17648679162834314539,EBot_C,Sakkirina,0,4,0,0,4,4,
EBot_C_vs_Sakkirina,15,LEFT_B,4,3618674897909720518,Sakkirina,EBot_C,4,0,0,0,4,4,
EBot_C_vs_Sakkirina,16,LEFT_A,4,3998766024296836226,EBot_C,Sakkirina,1,3,0,1,3,4,
EBot_C_vs_Sakkirina,16,LEFT_B,4,7853084626379741056,Sakkirina,EBot_C,4,0,0,0,4,4,
EBot_C_vs_Sakkirina,17,LEFT_A,4,9275238022239588922,EBot_C,Sakkirina,2,2,0,2,2,4,
EBot_C_vs_Sakkirina,17,LEFT_B,4,17470690882034036523,Sakkirina,EBot_C,2,2,0,2,2,4,
EBot_C_vs_Sakkirina,18,LEFT_A,4,15935120173886631326,EBot_C,Sakkirina,2,2,0,2,2,4,
EBot_C_vs_Sakkirina,18,LEFT_B,4,15063281369971079306,Sakkirina,EBot_C,3,1,0,1,3,4,
EBot_C_vs_Sakkirina,19,LEFT_A,4,16426298626642556979,EBot_C,Sakkirina,1,3,0,1,3,4,
EBot_C_vs_Sakkirina,19,LEFT_B,4,1796481174096355389,Sakkirina,EBot_C,4,0,0,0,4,4,
EBot_C_vs_Sakkirina,20,LEFT_A,4,7698022775474766199,EBot_C,Sakkirina,2,2,0,2,2,4,
EBot_C_vs_Sakkirina,20,LEFT_B,4,9620223516360209466,Sakkirina,EBot_C,3,1,0,1,3,4,
EBot_C_vs_Sakkirina,21,LEFT_A,4,18233205394304844367,EBot_C,Sakkirina,0,4,0,0,4,4,
EBot_C_vs_Sakkirina,21,LEFT_B,4,15914006059027093620,Sakkirina,EBot_C,2,2,0,2,2,4,
EBot_C_vs_Sakkirina,22,LEFT_A,4,6075110979234525758,EBot_C,Sakkirina,2,2,0,2,2,4,
EBot_C_vs_Sakkirina,22,LEFT_B,4,5676785604827140821,Sakkirina,EBot_C,4,0,0,0,4,4,
EBot_C_vs_Sakkirina,23,LEFT_A,4,12032955090361305692,EBot_C,Sakkirina,2,2,0,2,2,4,
EBot_C_vs_Sakkirina,23,LEFT_B,4,17669923949453744534,Sakkirina,EBot_C,4,0,0,0,4,4,
EBot_C_vs_Sakkirina,24,LEFT_A,4,10573493805993154162,EBot_C,Sakkirina,0,4,0,0,4,4,
EBot_C_vs_Sakkirina,24,LEFT_B,4,1284213890504260521,Sakkirina,EBot_C,4,0,0,0,4,4,
EBot_C_vs_Sakkirina,25,LEFT_A,4,9399480316303432198,EBot_C,Sakkirina,1,3,0,1,3,4,
EBot_C_vs_Sakkirina,25,LEFT_B,4,2387971099782658806,Sakkirina,EBot_C,4,0,0,0,4,4,
EBot_C_vs_Sakkirina,26,LEFT_A,4,16112021311917289861,EBot_C,Sakkirina,4,0,0,4,0,4,
EBot_C_vs_Sakkirina,26,LEFT_B,4,9000045007608847293,Sakkirina,EBot_C,3,1,0,1,3,4,
EBot_C_vs_Sakkirina,27,LEFT_A,4,2514407595966736115,EBot_C,Sakkirina,1,3,0,1,3,4,
EBot_C_vs_Sakkirina,27,LEFT_B,4,16455917655456209694,Sakkirina,EBot_C,4,0,0,0,4,4,
EBot_C_vs_Sakkirina,28,LEFT_A,4,3194999141520783952,EBot_C,Sakkirina,3,1,0,3,1,4,
EBot_C_vs_Sakkirina,28,LEFT_B,4,6009423488549907824,Sakkirina,EBot_C,3,1,0,1,3,4,
EBot_C_vs_Sakkirina,29,LEFT_A,4,6616257275910434574,EBot_C,Sakkirina,1,3,0,1,3,4,
EBot_C_vs_Sakkirina,29,LEFT_B,4,10986409537124626549,Sakkirina,EBot_C,3,1,0,1,3,4,
EBot_C_vs_Sakkirina,30,LEFT_A,4,1229057500015465799,EBot_C,Sakkirina,1,3,0,1,3,4,
EBot_C_vs_Sakkirina,30,LEFT_B,4,7324317051286620697,Sakkirina,EBot_C,4,0,0,0,4,4,
EBot_C_vs_Sakkirina,31,LEFT_A,4,9729222299385044654,EBot_C,Sakkirina,2,2,0,2,2,4,
EBot_C_vs_Sakkirina,31,LEFT_B,4,5069247699532658069,Sakkirina,EBot_C,4,0,0,0,4,4,
EBot_C_vs_Sakkirina,32,LEFT_A,4,10697620819141211298,EBot_C,Sakkirina,2,2,0,2,2,4,
EBot_C_vs_Sakkirina,32,LEFT_B,4,4104546104855560080,Sakkirina,EBot_C,3,1,0,1,3,4,
EBot_C_vs_Sakkirina,33,LEFT_A,4,15020072662279358742,EBot_C,Sakkirina,2,2,0,2,2,4,
EBot_C_vs_Sakkirina,33,LEFT_B,4,14640882454693421072,Sakkirina,EBot_C,4,0,0,0,4,4,
EBot_C_vs_Sakkirina,34,LEFT_A,4,17069884817348912415,EBot_C,Sakkirina,1,3,0,1,3,4,
EBot_C_vs_Sakkirina,34,LEFT_B,4,10512862686810701332,Sakkirina,EBot_C,4,0,0,0,4,4,
