pair_id,round_idx,side,runs,seed,left,right,p1_wins,p2_wins,draws,mapped_a_wins,mapped_b_wins,games,avg_ms
EBot_F_vs_ZMyBot,0,LEFT_A,4,8621818523484711768,EBot_F,grpc:ZMyBot,4,0,0,4,0,4,
EBot_F_vs_ZMyBot,0,LEFT_B,4,12664269404670563504,grpc:ZMyBot,EBot_F,2,2,0,2,2,4,
EBot_F_vs_ZMyBot,1,LEFT_A,4,625620775123979735,EBot_F,grpc:ZMyBot,3,1,0,3,1,4,
EBot_F_vs_ZMyBot,1,LEFT_B,4,16450370675416965052,grpc:ZMyBot,EBot_F,1,3,0,3,1,4,
EBot_F_vs_ZMyBot,2,LEFT_A,4,2178157263762891442,EBot_F,grpc:ZMyBot,3,1,0,3,1,4,
EBot_F_vs_ZMyBot,2,LEFT_B,4,605268055933917383,grpc:ZMyBot,EBot_F,1,3,0,3,1,4,
EBot_F_vs_ZMyBot,3,LEFT_A,4,16100272226170084478,EBot_F,grpc:ZMyBot,3,1,0,3,1,4,
EBot_F_vs_ZMyBot,3,LEFT_B,4,12160669649724829543,grpc:ZMyBot,EBot_F,0,4,0,4,0,4,
EBot_F_vs_ZMyBot,4,LEFT_A,4,6987427117744798634,EBot_F,grpc:ZMyBot,4,0,0,4,0,4,
EBot_F_vs_ZMyBot,4,LEFT_B,4,6914185304514977849,grpc:ZMyBot,EBot_F,1,3,0,3,1,4,
EBot_F_vs_ZMyBot,5,LEFT_A,4,154603622814935437,EBot_F,grpc:ZMyBot,4,0,0,4,0,4,
EBot_F_vs_ZMyBot,5,LEFT_B,4,453001525900243563,grpc:ZMyBot,EBot_F,0,4,0,4,0,4,
EBot_F_vs_ZMyBot,6,LEFT_A,4,13620308660527821695,EBot_F,grpc:ZMyBot,2,2,0,2,2,4,
EBot_F_vs_ZMyBot,6,LEFT_B,4,10920337441096003367,grpc:ZMyBot,EBot_F,0,4,0,4,0,4,
EBot_F_vs_ZMyBot,7,LEFT_A,4,9340581526880215395,EBot_F,grpc:ZMyBot,4,0,0,4,0,4,
EBot_F_vs_ZMyBot,7,LEFT_B,4,5213547132049204347,grpc:ZMyBot,EBot_F,0,4,0,4,0,4,
EBot_F_vs_ZMyBot,8,LEFT_A,4,15699227273896256985,EBot_F,grpc:ZMyBot,4,0,0,4,0,4,
EBot_F_vs_ZMyBot,8,LEFT_B,4,13097697057606331697,grpc:ZMyBot,EBot_F,1,3,0,3,1,4,
EBot_F_vs_ZMyBot,9,LEFT_A,4,3023885145744753236,EBot_F,grpc:ZMyBot,4,0,0,4,0,4,
EBot_F_vs_ZMyBot,9,LEFT_B,4,2913490543619816969,grpc:ZMyBot,EBot_F,1,3,0,3,1,4,
EBot_F_vs_ZMyBot,10,LEFT_A,4,4596143948257781384,EBot_F,grpc:ZMyBot,4,0,0,4,0,4,
EBot_F_vs_ZMyBot,10,LEFT_B,4,13639948790951255489,grpc:ZMyBot,EBot_F,2,2,0,2,2,4,
EBot_F_vs_ZMyBot,11,LEFT_A,4,3218580048757024414,EBot_F,grpc:ZMyBot,4,0,0,4,0,4,
EBot_F_vs_ZMyBot,11,LEFT_B,4,14373973008094013935,grpc:ZMyBot,EBot_F,0,4,0,4,0,4,
EBot_F_vs_ZMyBot,12,LEFT_A,4,16520587118186677566,EBot_F,grpc:ZMyBot,4,0,0,4,0,4,
EBot_F_vs_ZMyBot,12,LEFT_B,4,16619392902993313575,grpc:ZMyBot,EBot_F,2,2,0,2,2,4,
EBot_F_vs_ZMyBot,13,LEFT_A,4,13658338192038326500,EBot_F,grpc:ZMyBot,4,0,0,4,0,4,
EBot_F_vs_ZMyBot,13,LEFT_B,4,13326159776540231732,grpc:ZMyBot,EBot_F,1,3,0,3,1,4,
EBot_F_vs_ZMyBot,14,LEFT_A,4,4501324828453643390,EBot_F,grpc:ZMyBot,4,0,0,4,0,4,
EBot_F_vs_ZMyBot,14,LEFT_B,4,16624822117777670006,grpc:ZMyBot,EBot_F,1,3,0,3,1,4,
EBot_F_vs_ZMyBot,15,LEFT_A,4,1004604012651208406,EBot_F,grpc:ZMyBot,4,0,0,4,0,4,
EBot_F_vs_ZMyBot,15,LEFT_B,4,732860745016009888,grpc:ZMyBot,EBot_F,2,2,0,2,2,4,
EBot_F_vs_ZMyBot,16,LEFT_A,4,10675690161868523591,EBot_F,grpc:ZMyBot,3,1,0,3,1,4,
EBot_F_vs_ZMyBot,16,LEFT_B,4,13647391845849717456,grpc:ZMyBot,EBot_F,1,3,0,3,1,4,
EBot_F_vs_ZMyBot,17,LEFT_A,4,11502542128810043480,EBot_F,grpc:ZMyBot,4,0,0,4,0,4,
EBot_F_vs_ZMyBot,17,LEFT_B,4,811383170462743324,grpc:ZMyBot,EBot_F,2,2,0,2,2,4,
EBot_F_vs_ZMyBot,18,LEFT_A,4,5227598892185579398,EBot_F,grpc:ZMyBot,4,0,0,4,0,4,
EBot_F_vs_ZMyBot,18,LEFT_B,4,5988518866601968266,grpc:ZMyBot,EBot_F,0,4,0,4,0,4,
EBot_F_vs_ZMyBot,19,LEFT_A,4,672754539422579463,EBot_F,grpc:ZMyBot,4,0,0,4,0,4,
EBot_F_vs_ZMyBot,19,LEFT_B,4,623760676312766267,grpc:ZMyBot,EBot_F,2,2,0,2,2,4,
EBot_F_vs_ZMyBot,20,LEFT_A,4,3583605007686676171,EBot_F,grpc:ZMyBot,3,1,0,3,1,4,
EBot_F_vs_ZMyBot,20,LEFT_B,4,14111218121097378106,grpc:ZMyBot,EBot_F,2,2,0,2,2,4,
EBot_F_vs_ZMyBot,21,LEFT_A,4,13934857772273946344,EBot_F,grpc:ZMyBot,4,0,0,4,0,4,
EBot_F_vs_ZMyBot,21,LEFT_B,4,16947745079594885625,grpc:ZMyBot,EBot_F,1,3,0,3,1,4,
EBot_F_vs_ZMyBot,22,LEFT_A,4,16331423205128901735,EBot_F,grpc:ZMyBot,4,0,0,4,0,4,
EBot_F_vs_ZMyBot,22,LEFT_B,4,3567076625163333760,grpc:ZMyBot,EBot_F,1,3,0,3,1,4,
EBot_F_vs_ZMyBot,23,LEFT_A,4,1054126917640708256,EBot_F,grpc:ZMyBot,4,0,0,4,0,4,
EBot_F_vs_ZMyBot,23,LEFT_B,4,12320053320146032594,grpc:ZMyBot,EBot_F,0,4,0,4,0,4,
EBot_F_vs_ZMyBot,24,LEFT_A,4,16637968069194436452,EBot_F,grpc:ZMyBot,4,0,0,4,0,4,
EBot_F_vs_ZMyBot,24,LEFT_B,4,5767992231742103058,grpc:ZMyBot,EBot_F,1,3,0,3,1,4,
EBot_F_vs_ZMyBot,25,LEFT_A,4,1696273614670740193,EBot_F,grpc:ZMyBot,4,0,0,4,0,4,
EBot_F_vs_ZMyBot,25,LEFT_B,4,4395034235164435950,grpc:ZMyBot,EBot_F,0,4,0,4,0,4,
EBot_F_vs_ZMyBot,26,LEFT_A,4,11964036956088099463,EBot_F,grpc:ZMyBot,4,0,0,4,0,4,
EBot_F_vs_ZMyBot,26,LEFT_B,4,2347068622774492658,grpc:ZMyBot,EBot_F,0,4,0,4,0,4,
EBot_F_vs_ZMyBot,27,LEFT_A,4,2215456709691399231,EBot_F,grpc:ZMyBot,4,0,0,4,0,4,
EBot_F_vs_ZMyBot,27,LEFT_B,4,2034436157831703705,grpc:ZMyBot,EBot_F,2,2,0,2,2,4,
EBot_F_vs_ZMyBot,28,LEFT_A,4,15547070495050323503,EBot_F,grpc:ZMyBot,3,1,0,3,1,4,
EBot_F_vs_ZMyBot,28,LEFT_B,4,4086673691740539755,grpc:ZMyBot,EBot_F,0,4,0,4,0,4,
EBot_F_vs_ZMyBot,29,LEFT_A,4,8009188344600336688,EBot_F,grpc:ZMyBot,4,0,0,4,0,4,
EBot_F_vs_ZMyBot,29,LEFT_B,4,8346063802499929512,grpc:ZMyBot,EBot_F,2,2,0,2,2,4,
EBot_F_vs_ZMyBot,30,LEFT_A,4,15075223462867201337,EBot_F,grpc:ZMyBot,4,0,0,4,0,4,
EBot_F_vs_ZMyBot,30,LEFT_B,4,455763060926903714,grpc:ZMyBot,EBot_F,0,4,0,4,0,4,
EBot_F_vs_ZMyBot,31,LEFT_A,4,9003997202743021169,EBot_F,grpc:ZMyBot,4,0,0,4,0,4,
EBot_F_vs_ZMyBot,31,LEFT_B,4,15420562649597620049,grpc:ZMyBot,EBot_F,1,3,0,3,1,4,
EBot_F_vs_ZMyBot,32,LEFT_A,4,15447494004467611223,EBot_F,grpc:ZMyBot,4,0,0,4,0,4,
EBot_F_vs_ZMyBot,32,LEFT_B,4,4313263991297952673,grpc:ZMyBot,EBot_F,0,4,0,4,0,4,
EBot_F_vs_ZMyBot,33,LEFT_A,4,12614652734711895487,EBot_F,grpc:ZMyBot,4,0,0,4,0,4,
EBot_F_vs_ZMyBot,33,LEFT_B,4,13039177417613021660,grpc:ZMyBot,EBot_F,0,4,0,4,0,4,
EBot_F_vs_ZMyBot,34,LEFT_A,4,2222067753551384913,EBot_F,grpc:ZMyBot,4,0,0,4,0,4,
EBot_F_vs_ZMyBot,34,LEFT_B,4,10682529427774837018,grpc:ZMyBot,EBot_F,1,3,0,3,1,4,
