pair_id,round_idx,side,runs,seed,left,right,p1_wins,p2_wins,draws,mapped_a_wins,mapped_b_wins,games,avg_ms
EBot_C_vs_HQL_Plus_BOT,0,LEFT_A,4,11473181812954022078,EBot_C,HQL_Plus_BOT,3,1,0,3,1,4,
EBot_C_vs_HQL_Plus_BOT,0,LEFT_B,4,14830419515248391518,HQL_Plus_BOT,EBot_C,2,2,0,2,2,4,
EBot_C_vs_HQL_Plus_BOT,1,LEFT_A,4,6470164575882829380,EBot_C,HQL_Plus_BOT,4,0,0,4,0,4,
EBot_C_vs_HQL_Plus_BOT,1,LEFT_B,4,13274468901893464090,HQL_Plus_BOT,EBot_C,2,2,0,2,2,4,
EBot_C_vs_HQL_Plus_BOT,2,LEFT_A,4,12149142212134537781,EBot_C,HQL_Plus_BOT,2,2,0,2,2,4,
EBot_C_vs_HQL_Plus_BOT,2,LEFT_B,4,5209478575940533874,HQL_Plus_BOT,EBot_C,3,1,0,1,3,4,
EBot_C_vs_HQL_Plus_BOT,3,LEFT_A,4,16342745621660131157,EBot_C,HQL_Plus_BOT,4,0,0,4,0,4,
EBot_C_vs_HQL_Plus_BOT,3,LEFT_B,4,8224978871391056743,HQL_Plus_BOT,EBot_C,2,2,0,2,2,4,
EBot_C_vs_HQL_Plus_BOT,4,LEFT_A,4,14491651249301925616,EBot_C,HQL_Plus_BOT,3,1,0,3,1,4,
EBot_C_vs_HQL_Plus_BOT,4,LEFT_B,4,12166363365730445371,HQL_Plus_BOT,EBot_C,2,2,0,2,2,4,
EBot_C_vs_HQL_Plus_BOT,5,LEFT_A,4,11477693597522842911,EBot_C,HQL_Plus_BOT,3,1,0,3,1,4,
EBot_C_vs_HQL_Plus_BOT,5,LEFT_B,4,5373942389003995512,HQL_Plus_BOT,EBot_C,2,2,0,2,2,4,
EBot_C_vs_HQL_Plus_BOT,6,LEFT_A,4,3937309738796893632,EBot_C,HQL_Plus_BOT,2,2,0,2,2,4,
EBot_C_vs_HQL_Plus_BOT,6,LEFT_B,4,6360813075863562780,HQL_Plus_BOT,EBot_C,2,2,0,2,2,4,
EBot_C_vs_HQL_Plus_BOT,7,LEFT_A,4,11765264143049690450,EBot_C,HQL_Plus_BOT,2,2,0,2,2,4,
EBot_C_vs_HQL_Plus_BOT,7,LEFT_B,4,12285977498633353785,HQL_Plus_BOT,EBot_C,3,1,0,1,3,4,
EBot_C_vs_HQL_Plus_BOT,8,LEFT_A,4,12023442702000522077,EBot_C,HQL_Plus_BOT,3,1,0,3,1,4,
EBot_C_vs_HQL_Plus_BOT,8,LEFT_B,4,17022236192255066213,HQL_Plus_BOT,EBot_C,3,1,0,1,3,4,
EBot_C_vs_HQL_Plus_BOT,9,LEFT_A,4,2259572939652996695,EBot_C,HQL_Plus_BOT,1,3,0,1,3,4,
EBot_C_vs_HQL_Plus_BOT,9,LEFT_B,4,1716691891475520695,HQL_Plus_BOT,EBot_C,3,1,0,1,3,4,
EBot_C_vs_HQL_Plus_BOT,10,LEFT_A,4,3873525887640386538,EBot_C,HQL_Plus_BOT,4,0,0,4,0,4,
EBot_C_vs_HQL_Plus_BOT,10,LEFT_B,4,9826091344189377296,HQL_Plus_BOT,EBot_C,2,2,0,2,2,4,
EBot_C_vs_HQL_Plus_BOT,11,LEFT_A,4,6542470397173371217,EBot_C,HQL_Plus_BOT,1,3,0,1,3,4,
EBot_C_vs_HQL_Plus_BOT,11,LEFT_B,4,8147834799124432219,HQL_Plus_BOT,EBot_C,3,1,0,1,3,4,
EBot_C_vs_HQL_Plus_BOT,12,LEFT_A,4,18191244473884839012,EBot_C,HQL_Plus_BOT,2,2,0,2,2,4,
EBot_C_vs_HQL_Plus_BOT,12,LEFT_B,4,2552128063276373671,HQL_Plus_BOT,EBot_C,3,1,0,1,3,4,
EBot_C_vs_HQL_Plus_BOT,13,LEFT_A,4,10145761781715784780,EBot_C,HQL_Plus_BOT,3,1,0,3,1,4,
EBot_C_vs_HQL_Plus_BOT,13,LEFT_B,4,18244482559064921065,HQL_Plus_BOT,EBot_C,4,0,0,0,4,4,
EBot_C_vs_HQL_Plus_BOT,14,LEFT_A,4,6783576912046510923,EBot_C,HQL_Plus_BOT,4,0,0,4,0,4,
EBot_C_vs_HQL_Plus_BOT,14,LEFT_B,4,11918790846553426233,HQL_Plus_BOT,EBot_C,3,1,0,1,3,4,
EBot_C_vs_HQL_Plus_BOT,15,LEFT_A,4,16710113649264561810,EBot_C,HQL_Plus_BOT,2,2,0,2,2,4,
EBot_C_vs_HQL_Plus_BOT,15,LEFT_B,4,2114318911618598861,HQL_Plus_BOT,EBot_C,3,1,0,1,3,4,
EBot_C_vs_HQL_Plus_BOT,16,LEFT_A,4,1014418056298102212,EBot_C,HQL_Plus_BOT,3,1,0,3,1,4,
EBot_C_vs_HQL_Plus_BOT,16,LEFT_B,4,12627045358121199517,HQL_Plus_BOT,EBot_C,1,3,0,3,1,4,
EBot_C_vs_HQL_Plus_BOT,17,LEFT_A,4,1342658471092320208,EBot_C,HQL_Plus_BOT,2,2,0,2,2,4,
EBot_C_vs_HQL_Plus_BOT,17,LEFT_B,4,13137327918610442475,HQL_Plus_BOT,EBot_C,1,3,0,3,1,4,
EBot_C_vs_HQL_Plus_BOT,18,LEFT_A,4,9947682047943364096,EBot_C,HQL_Plus_BOT,2,2,0,2,2,4,
EBot_C_vs_HQL_Plus_BOT,18,LEFT_B,4,1998317587219347312,HQL_Plus_BOT,EBot_C,2,2,0,2,2,4,
EBot_C_vs_HQL_Plus_BOT,19,LEFT_A,4,14422055597124136490,EBot_C,HQL_Plus_BOT,4,0,0,4,0,4,
EBot_C_vs_HQL_Plus_BOT,19,LEFT_B,4,10468811972592373266,HQL_Plus_BOT,EBot_C,2,2,0,2,2,4,
EBot_C_vs_HQL_Plus_BOT,20,LEFT_A,4,159174466817795487,EBot_C,HQL_Plus_BOT,3,1,0,3,1,4,
EBot_C_vs_HQL_Plus_BOT,20,LEFT_B,4,7526211626748744774,HQL_Plus_BOT,EBot_C,1,3,0,3,1,4,
EBot_C_vs_HQL_Plus_BOT,21,LEFT_A,4,7815524978133263989,EBot_C,HQL_Plus_BOT,1,3,0,1,3,4,
EBot_C_vs_HQL_Plus_BOT,21,LEFT_B,4,15224544809308796668,HQL_Plus_BOT,EBot_C,1,3,0,3,1,4,
EBot_C_vs_HQL_Plus_BOT,22,LEFT_A,4,1820906069819707371,EBot_C,HQL_Plus_BOT,2,2,0,2,2,4,
EBot_C_vs_HQL_Plus_BOT,22,LEFT_B,4,12599164788556944025,HQL_Plus_BOT,EBot_C,4,0,0,0,4,4,
EBot_C_vs_HQL_Plus_BOT,23,LEFT_A,4,11458818338392579575,EBot_C,HQL_Plus_BOT,1,3,0,1,3,4,
EBot_C_vs_HQL_Plus_BOT,23,LEFT_B,4,15541814364300854509,HQL_Plus_BOT,EBot_C,2,2,0,2,2,4,
EBot_C_vs_HQL_Plus_BOT,24,LEFT_A,4,16597240266474583225,EBot_C,HQL_Plus_BOT,3,1,0,3,1,4,
EBot_C_vs_HQL_Plus_BOT,24,LEFT_B,4,11781811206186003418,HQL_Plus_BOT,EBot_C,2,2,0,2,2,4,
EBot_C_vs_HQL_Plus_BOT,25,LEFT_A,4,3731416075708878851,EBot_C,HQL_Plus_BOT,2,2,0,2,2,4,
EBot_C_vs_HQL_Plus_BOT,25,LEFT_B,4,5522940704374534329,HQL_Plus_BOT,EBot_C,4,0,0,0,4,4,
EBot_C_vs_HQL_Plus_BOT,26,LEFT_A,4,9120265931987737349,EBot_C,HQL_Plus_BOT,2,2,0,2,2,4,
EBot_C_vs_HQL_Plus_BOT,26,LEFT_B,4,4724109351545803191,HQL_Plus_BOT,EBot_C,1,3,0,3,1,4,
EBot_C_vs_HQL_Plus_BOT,27,LEFT_A,4,8289581130782597960,EBot_C,HQL_Plus_BOT,2,2,0,2,2,4,
EBot_C_vs_HQL_Plus_BOT,27,LEFT_B,4,13108730948636966297,HQL_Plus_BOT,EBot_C,2,2,0,2,2,4,
EBot_C_vs_HQL_Plus_BOT,28,LEFT_A,4,11932534828473897806,EBot_C,HQL_Plus_BOT,3,1,0,3,1,4,
EBot_C_vs_HQL_Plus_BOT,28,LEFT_B,4,3125182516563002935,HQL_Plus_BOT,EBot_C,3,1,0,1,3,4,
EBot_C_vs_HQL_Plus_BOT,29,LEFT_A,4,14489827614874939760,EBot_C,HQL_Plus_BOT,3,1,0,3,1,4,
EBot_C_vs_HQL_Plus_BOT,29,LEFT_B,4,11949169932628434609,HQL_Plus_BOT,EBot_C,4,0,0,0,4,4,
EBot_C_vs_HQL_Plus_BOT,30,LEFT_A,4,10782982557077994987,EBot_C,HQL_Plus_BOT,3,1,0,3,1,4,
EBot_C_vs_HQL_Plus_BOT,30,LEFT_B,4,4144175421105684172,HQL_Plus_BOT,EBot_C,3,1,0,1,3,4,
EBot_C_vs_HQL_Plus_BOT,31,LEFT_A,4,3747249445674779229,EBot_C,HQL_Plus_BOT,3,1,0,3,1,4,
EBot_C_vs_HQL_Plus_BOT,31,LEFT_B,4,2995286527181520642,HQL_Plus_BOT,EBot_C,1,3,0,3,1,4,
EBot_C_vs_HQL_Plus_BOT,32,LEFT_A,4,2301406176843203692,EBot_C,HQL_Plus_BOT,2,2,0,2,2,4,
EBot_C_vs_HQL_Plus_BOT,32,LEFT_B,4,5337810197231272450,HQL_Plus_BOT,EBot_C,3,1,0,1,3,4,
EBot_C_vs_HQL_Plus_BOT,33,LEFT_A,4,2134878715697757328,EBot_C,HQL_Plus_BOT,3,1,0,3,1,4,
EBot_C_vs_HQL_Plus_BOT,33,LEFT_B,4,11730974411555959259,HQL_Plus_BOT,EBot_C,0,4,0,4,0,4,
EBot_C_vs_HQL_Plus_BOT,34,LEFT_A,4,14301074316021611991,EBot_C,HQL_Plus_BOT,3,1,0,3,1,4,
EBot_C_vs_HQL_Plus_BOT,34,LEFT_B,4,16516488885596903731,HQL_Plus_BOT,EBot_C,4,0,0,0,4,4,
EBot_C_vs_HQL_Plus_BOT,35,LEFT_A,4,4834698518827738642,EBot_C,HQL_Plus_BOT,4,0,0,4,0,4,
EBot_C_vs_HQL_Plus_BOT,35,LEFT_B,4,3982620979508470806,HQL_Plus_BOT,EBot_C,2,2,0,2,2,4,
