pair_id,round_idx,side,runs,seed,left,right,p1_wins,p2_wins,draws,mapped_a_wins,mapped_b_wins,games,avg_ms
EBot_F_vs_MaltheMCTS,0,LEFT_A,4,16696458829033694766,EBot_F,MaltheMCTS,4,0,0,4,0,4,
EBot_F_vs_MaltheMCTS,0,LEFT_B,4,5578144059880781404,MaltheMCTS,EBot_F,3,1,0,1,3,4,
EBot_F_vs_MaltheMCTS,1,LEFT_A,4,8160778344068705616,EBot_F,MaltheMCTS,4,0,0,4,0,4,
EBot_F_vs_MaltheMCTS,1,LEFT_B,4,3947282224504286616,MaltheMCTS,EBot_F,1,3,0,3,1,4,
EBot_F_vs_MaltheMCTS,2,LEFT_A,4,770946273326426572,EBot_F,MaltheMCTS,3,1,0,3,1,4,
EBot_F_vs_MaltheMCTS,2,LEFT_B,4,17066253954722667107,MaltheMCTS,EBot_F,1,3,0,3,1,4,
EBot_F_vs_MaltheMCTS,3,LEFT_A,4,17822196644851785607,EBot_F,MaltheMCTS,4,0,0,4,0,4,
EBot_F_vs_MaltheMCTS,3,LEFT_B,4,14698717709896349582,MaltheMCTS,EBot_F,1,3,0,3,1,4,
EBot_F_vs_MaltheMCTS,4,LEFT_A,4,7337456785202030578,EBot_F,MaltheMCTS,3,1,0,3,1,4,
EBot_F_vs_MaltheMCTS,4,LEFT_B,4,4821751208438075401,MaltheMCTS,EBot_F,1,3,0,3,1,4,
EBot_F_vs_MaltheMCTS,5,LEFT_A,4,2331244211262184468,EBot_F,MaltheMCTS,4,0,0,4,0,4,
EBot_F_vs_MaltheMCTS,5,LEFT_B,4,8235850400612668388,MaltheMCTS,EBot_F,1,3,0,3,1,4,
EBot_F_vs_MaltheMCTS,6,LEFT_A,4,12531725414670387160,EBot_F,MaltheMCTS,1,3,0,1,3,4,
EBot_F_vs_MaltheMCTS,6,LEFT_B,4,8470613022560448696,MaltheMCTS,EBot_F,3,1,0,1,3,4,
EBot_F_vs_MaltheMCTS,7,LEFT_A,4,641123509174212746,EBot_F,MaltheMCTS,4,0,0,4,0,4,
EBot_F_vs_MaltheMCTS,7,LEFT_B,4,16813097613772786759,MaltheMCTS,EBot_F,1,3,0,3,1,4,
EBot_F_vs_MaltheMCTS,8,LEFT_A,4,3406272294342463852,EBot_F,MaltheMCTS,4,0,0,4,0,4,
EBot_F_vs_MaltheMCTS,8,LEFT_B,4,5548611205460172822,MaltheMCTS,EBot_F,1,3,0,3,1,4,
EBot_F_vs_MaltheMCTS,9,LEFT_A,4,1622735324448725676,EBot_F,MaltheMCTS,3,1,0,3,1,4,
EBot_F_vs_MaltheMCTS,9,LEFT_B,4,861567712412248808,MaltheMCTS,EBot_F,2,2,0,2,2,4,
EBot_F_vs_MaltheMCTS,10,LEFT_A,4,3315663987697472575,EBot_F,MaltheMCTS,4,0,0,4,0,4,
EBot_F_vs_MaltheMCTS,10,LEFT_B,4,16688138191700309539,MaltheMCTS,EBot_F,1,3,0,3,1,4,
EBot_F_vs_MaltheMCTS,11,LEFT_A,4,6593791600926778574,EBot_F,MaltheMCTS,4,0,0,4,0,4,
EBot_F_vs_MaltheMCTS,11,LEFT_B,4,13338897446279933739,MaltheMCTS,EBot_F,0,4,0,4,0,4,
EBot_F_vs_MaltheMCTS,12,LEFT_A,4,1889326708141252603,EBot_F,MaltheMCTS,3,1,0,3,1,4,
EBot_F_vs_MaltheMCTS,12,LEFT_B,4,16365292850572054692,MaltheMCTS,EBot_F,1,3,0,3,1,4,
EBot_F_vs_MaltheMCTS,13,LEFT_A,4,17236806589826629699,EBot_F,MaltheMCTS,4,0,0,4,0,4,
EBot_F_vs_MaltheMCTS,13,LEFT_B,4,4619918210761631442,MaltheMCTS,EBot_F,0,4,0,4,0,4,
EBot_F_vs_MaltheMCTS,14,LEFT_A,4,16607097421524980602,EBot_F,MaltheMCTS,3,1,0,3,1,4,
EBot_F_vs_MaltheMCTS,14,LEFT_B,4,13301597403655448250,MaltheMCTS,EBot_F,2,2,0,2,2,4,
EBot_F_vs_MaltheMCTS,15,LEFT_A,4,3851213918247483917,EBot_F,MaltheMCTS,4,0,0,4,0,4,
EBot_F_vs_MaltheMCTS,15,LEFT_B,4,7900902085207511634,MaltheMCTS,EBot_F,0,4,0,4,0,4,
EBot_F_vs_MaltheMCTS,16,LEFT_A,4,16302889701897537048,EBot_F,MaltheMCTS,4,0,0,4,0,4,
EBot_F_vs_MaltheMCTS,16,LEFT_B,4,2496976756732491966,MaltheMCTS,EBot_F,1,3,0,3,1,4,
EBot_F_vs_MaltheMCTS,17,LEFT_A,4,15635496607473353825,EBot_F,MaltheMCTS,3,1,0,3,1,4,
EBot_F_vs_MaltheMCTS,17,LEFT_B,4,7521854340918082388,MaltheMCTS,EBot_F,2,2,0,2,2,4,
EBot_F_vs_MaltheMCTS,18,LEFT_A,4,18054438963685138326,EBot_F,MaltheMCTS,3,1,0,3,1,4,
EBot_F_vs_MaltheMCTS,18,LEFT_B,4,8927654429473848225,MaltheMCTS,EBot_F,1,3,0,3,1,4,
EBot_F_vs_MaltheMCTS,19,LEFT_A,4,17781457153123487612,EBot_F,MaltheMCTS,4,0,0,4,0,4,
EBot_F_vs_MaltheMCTS,19,LEFT_B,4,2161371342576452771,MaltheMCTS,EBot_F,2,2,0,2,2,4,
EBot_F_vs_MaltheMCTS,20,LEFT_A,4,5368151396652932472,EBot_F,MaltheMCTS,4,0,0,4,0,4,
EBot_F_vs_MaltheMCTS,20,LEFT_B,4,14216089054990326749,MaltheMCTS,EBot_F,0,4,0,4,0,4,
EBot_F_vs_MaltheMCTS,21,LEFT_A,4,8588998713007563505,EBot_F,MaltheMCTS,4,0,0,4,0,4,
EBot_F_vs_MaltheMCTS,21,LEFT_B,4,15085324964824683484,MaltheMCTS,EBot_F,1,3,0,3,1,4,
EBot_F_vs_MaltheMCTS,22,LEFT_A,4,16142903001010295234,EBot_F,MaltheMCTS,4,0,0,4,0,4,
EBot_F_vs_MaltheMCTS,22,LEFT_B,4,17908886201295396890,MaltheMCTS,EBot_F,0,4,0,4,0,4,
EBot_F_vs_MaltheMCTS,23,LEFT_A,4,16523168797401071523,EBot_F,MaltheMCTS,4,0,0,4,0,4,
EBot_F_vs_MaltheMCTS,23,LEFT_B,4,12057084050861287944,MaltheMCTS,EBot_F,1,3,0,3,1,4,
EBot_F_vs_MaltheMCTS,24,LEFT_A,4,10722072217410915796,EBot_F,MaltheMCTS,4,0,0,4,0,4,
EBot_F_vs_MaltheMCTS,24,LEFT_B,4,10765616487293209857,MaltheMCTS,EBot_F,0,4,0,4,0,4,
EBot_F_vs_MaltheMCTS,25,LEFT_A,4,486173940145037627,EBot_F,MaltheMCTS,4,0,0,4,0,4,
EBot_F_vs_MaltheMCTS,25,LEFT_B,4,409864055885673684,MaltheMCTS,EBot_F,0,4,0,4,0,4,
EBot_F_vs_MaltheMCTS,26,LEFT_A,4,3249294865495892306,EBot_F,MaltheMCTS,2,2,0,2,2,4,
EBot_F_vs_MaltheMCTS,26,LEFT_B,4,5265058839617800957,MaltheMCTS,EBot_F,2,2,0,2,2,4,
EBot_F_vs_MaltheMCTS,27,LEFT_A,4,2822679480066316277,EBot_F,MaltheMCTS,1,3,0,1,3,4,
EBot_F_vs_MaltheMCTS,27,LEFT_B,4,13839568064398542984,MaltheMCTS,EBot_F,2,2,0,2,2,4,
EBot_F_vs_MaltheMCTS,28,LEFT_A,4,13376458510786582296,EBot_F,MaltheMCTS,4,0,0,4,0,4,
EBot_F_vs_MaltheMCTS,28,LEFT_B,4,8330677926706172895,MaltheMCTS,EBot_F,0,4,0,4,0,4,
EBot_F_vs_MaltheMCTS,29,LEFT_A,4,12719926022873900344,EBot_F,MaltheMCTS,4,0,0,4,0,4,
EBot_F_vs_MaltheMCTS,29,LEFT_B,4,9928711870431414569,MaltheMCTS,EBot_F,0,4,0,4,0,4,
EBot_F_vs_MaltheMCTS,30,LEFT_A,4,13436208103995600101,EBot_F,MaltheMCTS,4,0,0,4,0,4,
EBot_F_vs_MaltheMCTS,30,LEFT_B,4,7201534751823800880,MaltheMCTS,EBot_F,0,4,0,4,0,4,
EBot_F_vs_MaltheMCTS,31,LEFT_A,4,12308128411990850715,EBot_F,MaltheMCTS,3,1,0,3,1,4,
EBot_F_vs_MaltheMCTS,31,LEFT_B,4,8749941273886892804,MaltheMCTS,EBot_F,0,4,0,4,0,4,
EBot_F_vs_MaltheMCTS,32,LEFT_A,4,16836757245274560109,EBot_F,MaltheMCTS,3,1,0,3,1,4,
EBot_F_vs_MaltheMCTS,32,LEFT_B,4,3820004206330505144,MaltheMCTS,EBot_F,0,4,0,4,0,4,
EBot_F_vs_MaltheMCTS,33,LEFT_A,4,9652066077693485917,EBot_F,MaltheMCTS,3,1,0,3,1,4,
EBot_F_vs_MaltheMCTS,33,LEFT_B,4,12042111954692555520,MaltheMCTS,EBot_F,1,3,0,3,1,4,
EBot_F_vs_MaltheMCTS,34,LEFT_A,4,2025886753671633976,EBot_F,MaltheMCTS,4,0,0,4,0,4,
EBot_F_vs_MaltheMCTS,34,LEFT_B,4,12217676237855057619,MaltheMCTS,EBot_F,1,3,0,3,1,4,
