pair_id,round_idx,side,runs,seed,left,right,p1_wins,p2_wins,draws,mapped_a_wins,mapped_b_wins,games,avg_ms
EBot_C_vs_EBot_F,0,LEFT_A,4,5469593210408503574,EBot_C,EBot_F,2,2,0,2,2,4,
EBot_C_vs_EBot_F,0,LEFT_B,4,9351056971284467915,EBot_F,EBot_C,2,2,0,2,2,4,
EBot_C_vs_EBot_F,1,LEFT_A,4,3569527003184799476,EBot_C,EBot_F,4,0,0,4,0,4,
EBot_C_vs_EBot_F,1,LEFT_B,4,7486691875950420685,EBot_F,EBot_C,4,0,0,0,4,4,
EBot_C_vs_EBot_F,2,LEFT_A,4,9331839692474426679,EBot_C,EBot_F,4,0,0,4,0,4,
EBot_C_vs_EBot_F,2,LEFT_B,4,2116513619134758405,EBot_F,EBot_C,3,1,0,1,3,4,
EBot_C_vs_EBot_F,3,LEFT_A,4,14989549188233762381,EBot_C,EBot_F,3,1,0,3,1,4,
EBot_C_vs_EBot_F,3,LEFT_B,4,17807373484711422460,EBot_F,EBot_C,3,1,0,1,3,4,
EBot_C_vs_EBot_F,4,LEFT_A,4,14226503872883678539,EBot_C,EBot_F,3,1,0,3,1,4,
EBot_C_vs_EBot_F,4,LEFT_B,4,8892372507628093168,EBot_F,EBot_C,2,2,0,2,2,4,
EBot_C_vs_EBot_F,5,LEFT_A,4,1374463715465007526,EBot_C,EBot_F,2,2,0,2,2,4,
EBot_C_vs_EBot_F,5,LEFT_B,4,674539614466909754,EBot_F,EBot_C,2,2,0,2,2,4,
EBot_C_vs_EBot_F,6,LEFT_A,4,2551210594531633736,EBot_C,EBot_F,1,3,0,1,3,4,
EBot_C_vs_EBot_F,6,LEFT_B,4,4302276436059701693,EBot_F,EBot_C,3,1,0,1,3,4,
EBot_C_vs_EBot_F,7,LEFT_A,4,7389775970572046046,EBot_C,EBot_F,3,1,0,3,1,4,
EBot_C_vs_EBot_F,7,LEFT_B,4,12674484055915332866,EBot_F,EBot_C,1,3,0,3,1,4,
EBot_C_vs_EBot_F,8,LEFT_A,4,3490444179993930976,EBot_C,EBot_F,4,0,0,4,0,4,
EBot_C_vs_EBot_F,8,LEFT_B,4,8410360169739328873,EBot_F,EBot_C,4,0,0,0,4,4,
EBot_C_vs_EBot_F,9,LEFT_A,4,2563675039243547168,EBot_C,EBot_F,1,3,0,1,3,4,
EBot_C_vs_EBot_F,9,LEFT_B,4,10844193233406365074,EBot_F,EBot_C,1,3,0,3,1,4,
EBot_C_vs_EBot_F,10,LEFT_A,4,17115522527657161131,EBot_C,EBot_F,3,1,0,3,1,4,
EBot_C_vs_EBot_F,10,LEFT_B,4,15922408869905572239,EBot_F,EBot_C,3,1,0,1,3,4,
EBot_C_vs_EBot_F,11,LEFT_A,4,11982110711203557093,EBot_C,EBot_F,4,0,0,4,0,4,
EBot_C_vs_EBot_F,11,LEFT_B,4,14361854963231447640,EBot_F,EBot_C,2,2,0,2,2,4,
EBot_C_vs_EBot_F,12,LEFT_A,4,14149512093749901545,EBot_C,EBot_F,3,1,0,3,1,4,
EBot_C_vs_EBot_F,12,LEFT_B,4,14811409731722293973,EBot_F,EBot_C,2,2,0,2,2,4,
EBot_C_vs_EBot_F,13,LEFT_A,4,13951302051086224131,EBot_C,EBot_F,2,2,0,2,2,4,
EBot_C_vs_EBot_F,13,LEFT_B,4,1831065289251603734,EBot_F,EBot_C,2,2,0,2,2,4,
EBot_C_vs_EBot_F,14,LEFT_A,4,4747444539381967815,EBot_C,EBot_F,2,2,0,2,2,4,
EBot_C_vs_EBot_F,14,LEFT_B,4,3924422811476470531,EBot_F,EBot_C,3,1,0,1,3,4,
EBot_C_vs_EBot_F,15,LEFT_A,4,13047607293732026741,EBot_C,EBot_F,3,1,0,3,1,4,
EBot_C_vs_EBot_F,15,LEFT_B,4,2640030386351050610,EBot_F,EBot_C,2,2,0,2,2,4,
EBot_C_vs_EBot_F,16,LEFT_A,4,91876132811282204,EBot_C,EBot_F,2,2,0,2,2,4,
EBot_C_vs_EBot_F,16,LEFT_B,4,5536972469691973946,EBot_F,EBot_C,3,1,0,1,3,4,
EBot_C_vs_EBot_F,17,LEFT_A,4,13550455423836313483,EBot_C,EBot_F,3,1,0,3,1,4,
EBot_C_vs_EBot_F,17,LEFT_B,4,1275955341800804719,EBot_F,EBot_C,2,2,0,2,2,4,
EBot_C_vs_EBot_F,18,LEFT_A,4,9396617490649121149,EBot_C,EBot_F,1,3,0,1,3,4,
EBot_C_vs_EBot_F,18,LEFT_B,4,8673294050804306285,EBot_F,EBot_C,3,1,0,1,3,4,
EBot_C_vs_EBot_F,19,LEFT_A,4,3829440537296013025,EBot_C,EBot_F,2,2,0,2,2,4,
EBot_C_vs_EBot_F,19,LEFT_B,4,3376084131477248174,EBot_F,EBot_C,1,3,0,3,1,4,
EBot_C_vs_EBot_F,20,LEFT_A,4,9053782486300406551,EBot_C,EBot_F,2,2,0,2,2,4,
EBot_C_vs_EBot_F,20,LEFT_B,4,2098906248093202505,EBot_F,EBot_C,2,2,0,2,2,4,
EBot_C_vs_EBot_F,21,LEFT_A,4,5458900095252463903,EBot_C,EBot_F,4,0,0,4,0,4,
EBot_C_vs_EBot_F,21,LEFT_B,4,12736891900149209829,EBot_F,EBot_C,4,0,0,0,4,4,
EBot_C_vs_EBot_F,22,LEFT_A,4,16253918313484476008,EBot_C,EBot_F,3,1,0,3,1,4,
EBot_C_vs_EBot_F,22,LEFT_B,4,11253229688456881822,EBot_F,EBot_C,3,1,0,1,3,4,
EBot_C_vs_EBot_F,23,LEFT_A,4,14374484459649932990,EBot_C,EBot_F,1,3,0,1,3,4,
EBot_C_vs_EBot_F,23,LEFT_B,4,10652270856569480981,EBot_F,EBot_C,3,1,0,1,3,4,
EBot_C_vs_EBot_F,24,LEFT_A,4,4335119711056601156,EBot_C,EBot_F,2,2,0,2,2,4,
EBot_C_vs_EBot_F,24,LEFT_B,4,14565351841440745509,EBot_F,EBot_C,2,2,0,2,2,4,
EBot_C_vs_EBot_F,25,LEFT_A,4,6329379100840666257,EBot_C,EBot_F,3,1,0,3,1,4,
EBot_C_vs_EBot_F,25,LEFT_B,4,17551037387083960814,EBot_F,EBot_C,4,0,0,0,4,4,
EBot_C_vs_EBot_F,26,LEFT_A,4,5935423989409369292,EBot_C,EBot_F,3,1,0,3,1,4,
EBot_C_vs_EBot_F,26,LEFT_B,4,8873837495298779223,EBot_F,EBot_C,1,3,0,3,1,4,
EBot_C_vs_EBot_F,27,LEFT_A,4,17131217282241977973,EBot_C,EBot_F,1,3,0,1,3,4,
EBot_C_vs_EBot_F,27,LEFT_B,4,10354830563024365182,EBot_F,EBot_C,3,1,0,1,3,4,
EBot_C_vs_EBot_F,28,LEFT_A,4,13886025198090767899,EBot_C,EBot_F,3,1,0,3,1,4,
EBot_C_vs_EBot_F,28,LEFT_B,4,13215428153639008275,EBot_F,EBot_C,2,2,0,2,2,4,
EBot_C_vs_EBot_F,29,LEFT_A,4,1249128257470640674,EBot_C,EBot_F,2,2,0,2,2,4,
EBot_C_vs_EBot_F,29,LEFT_B,4,18330170938494796587,EBot_F,EBot_C,2,2,0,2,2,4,
EBot_C_vs_EBot_F,30,LEFT_A,4,3758691223652859604,EBot_C,EBot_F,4,0,0,4,0,4,
EBot_C_vs_EBot_F,30,LEFT_B,4,8788521899330942568,EBot_F,EBot_C,3,1,0,1,3,4,
EBot_C_vs_EBot_F,31,LEFT_A,4,9822786154821420983,EBot_C,EBot_F,3,1,0,3,1,4,
EBot_C_vs_EBot_F,31,LEFT_B,4,1278554612049629463,EBot_F,EBot_C,2,2,0,2,2,4,
EBot_C_vs_EBot_F,32,LEFT_A,4,7970893360621748270,EBot_C,EBot_F,2,2,0,2,2,4,
EBot_C_vs_EBot_F,32,LEFT_B,4,15652662314264726577,EBot_F,EBot_C,2,2,0,2,2,4,
EBot_C_vs_EBot_F,33,LEFT_A,4,4819933599293041538,EBot_C,EBot_F,3,1,0,3,1,4,
EBot_C_vs_EBot_F,33,LEFT_B,4,14666705884719613891,EBot_F,EBot_C,2,2,0,2,2,4,
EBot_C_vs_EBot_F,34,LEFT_A,4,15867461406343279649,EBot_C,EBot_F,3,1,0,3,1,4,
EBot_C_vs_EBot_F,34,LEFT_B,4,2910052562548673551,EBot_F,EBot_C,2,2,0,2,2,4,
EBot_C_vs_EBot_F,35,LEFT_A,4,11075201838148654601,EBot_C,EBot_F,3,1,0,3,1,4,
EBot_C_vs_EBot_F,35,LEFT_B,4,4905048503183632294,EBot_F,EBot_C,2,2,0,2,2,4,
