pair_id,round_idx,side,runs,seed,left,right,p1_wins,p2_wins,draws,mapped_a_wins,mapped_b_wins,games,avg_ms
EBot_F_vs_Nangert_submission_v4,0,LEFT_A,4,7484828126268873975,EBot_F,grpc:Nangert_submission_v4,4,0,0,4,0,4,
EBot_F_vs_Nangert_submission_v4,0,LEFT_B,4,323934373036377560,grpc:Nangert_submission_v4,EBot_F,0,4,0,4,0,4,
EBot_F_vs_Nangert_submission_v4,1,LEFT_A,4,16632453246123082081,EBot_F,grpc:Nangert_submission_v4,2,2,0,2,2,4,
EBot_F_vs_Nangert_submission_v4,1,LEFT_B,4,14928863236496263512,grpc:Nangert_submission_v4,EBot_F,2,2,0,2,2,4,
EBot_F_vs_Nangert_submission_v4,2,LEFT_A,4,10726518196360731028,EBot_F,grpc:Nangert_submission_v4,3,1,0,3,1,4,
EBot_F_vs_Nangert_submission_v4,2,LEFT_B,4,3330212676273312732,grpc:Nangert_submission_v4,EBot_F,1,3,0,3,1,4,
EBot_F_vs_Nangert_submission_v4,3,LEFT_A,4,14194625979904392614,EBot_F,grpc:Nangert_submission_v4,3,1,0,3,1,4,
EBot_F_vs_Nangert_submission_v4,3,LEFT_B,4,11618675378880186468,grpc:Nangert_submission_v4,EBot_F,1,3,0,3,1,4,
EBot_F_vs_Nangert_submission_v4,4,LEFT_A,4,12142721732014405150,EBot_F,grpc:Nangert_submission_v4,4,0,0,4,0,4,
EBot_F_vs_Nangert_submission_v4,4,LEFT_B,4,16722216770479764919,grpc:Nangert_submission_v4,EBot_F,2,2,0,2,2,4,
EBot_F_vs_Nangert_submission_v4,5,LEFT_A,4,8225613153936033270,EBot_F,grpc:Nangert_submission_v4,3,1,0,3,1,4,
EBot_F_vs_Nangert_submission_v4,5,LEFT_B,4,15484240509453928224,grpc:Nangert_submission_v4,EBot_F,2,2,0,2,2,4,
EBot_F_vs_Nangert_submission_v4,6,LEFT_A,4,5528871712620083020,EBot_F,grpc:Nangert_submission_v4,3,1,0,3,1,4,
EBot_F_vs_Nangert_submission_v4,6,LEFT_B,4,13102750333512567537,grpc:Nangert_submission_v4,EBot_F,2,2,0,2,2,4,
EBot_F_vs_Nangert_submission_v4,7,LEFT_A,4,6115735302972684025,EBot_F,grpc:Nangert_submission_v4,3,1,0,3,1,4,
EBot_F_vs_Nangert_submission_v4,7,LEFT_B,4,7460864980869113093,grpc:Nangert_submission_v4,EBot_F,3,1,0,1,3,4,
EBot_F_vs_Nangert_submission_v4,8,LEFT_A,4,5957194080965896640,EBot_F,grpc:Nangert_submission_v4,4,0,0,4,0,4,
EBot_F_vs_Nangert_submission_v4,8,LEFT_B,4,17408419515957972495,grpc:Nangert_submission_v4,EBot_F,3,1,0,1,3,4,
EBot_F_vs_Nangert_submission_v4,9,LEFT_A,4,16912836636250476013,EBot_F,grpc:Nangert_submission_v4,3,1,0,3,1,4,
EBot_F_vs_Nangert_submission_v4,9,LEFT_B,4,8466772601603174306,grpc:Nangert_submission_v4,EBot_F,1,3,0,3,1,4,
EBot_F_vs_Nangert_submission_v4,10,LEFT_A,4,4020089474098467862,EBot_F,grpc:Nangert_submission_v4,3,1,0,3,1,4,
EBot_F_vs_Nangert_submission_v4,10,LEFT_B,4,1650460351542996570,grpc:Nangert_submission_v4,EBot_F,2,2,0,2,2,4,
EBot_F_vs_Nangert_submission_v4,11,LEFT_A,4,16962251068822202363,EBot_F,grpc:Nangert_submission_v4,3,1,0,3,1,4,
EBot_F_vs_Nangert_submission_v4,11,LEFT_B,4,15732085000787232946,grpc:Nangert_submission_v4,EBot_F,3,1,0,1,3,4,
EBot_F_vs_Nangert_submission_v4,12,LEFT_A,4,2083974688132138557,EBot_F,grpc:Nangert_submission_v4,3,1,0,3,1,4,
EBot_F_vs_Nangert_submission_v4,12,LEFT_B,4,14605370131128168946,grpc:Nangert_submission_v4,EBot_F,1,3,0,3,1,4,
EBot_F_vs_Nangert_submission_v4,13,LEFT_A,4,17954548611538587885,EBot_F,grpc:Nangert_submission_v4,4,0,0,4,0,4,
EBot_F_vs_Nangert_submission_v4,13,LEFT_B,4,292675731278185962,grpc:Nangert_submission_v4,EBot_F,3,1,0,1,3,4,
EBot_F_vs_Nangert_submission_v4,14,LEFT_A,4,554749752288216145,EBot_F,grpc:Nangert_submission_v4,4,0,0,4,0,4,
EBot_F_vs_Nangert_submission_v4,14,LEFT_B,4,8041386343077133675,grpc:Nangert_submission_v4,EBot_F,3,1,0,1,3,4,
EBot_F_vs_Nangert_submission_v4,15,LEFT_A,4,13315105222863604579,EBot_F,grpc:Nangert_submission_v4,4,0,0,4,0,4,
EBot_F_vs_Nangert_submission_v4,15,LEFT_B,4,14373723367435532579,grpc:Nangert_submission_v4,EBot_F,2,2,0,2,2,4,
EBot_F_vs_Nangert_submission_v4,16,LEFT_A,4,596388356715512165,EBot_F,grpc:Nangert_submission_v4,3,1,0,3,1,4,
EBot_F_vs_Nangert_submission_v4,16,LEFT_B,4,15791485172308268180,grpc:Nangert_submission_v4,EBot_F,1,3,0,3,1,4,
EBot_F_vs_Nangert_submission_v4,17,LEFT_A,4,7645180165967253723,EBot_F,grpc:Nangert_submission_v4,3,1,0,3,1,4,
EBot_F_vs_Nangert_submission_v4,17,LEFT_B,4,17463621272809226662,grpc:Nangert_submission_v4,EBot_F,2,2,0,2,2,4,
EBot_F_vs_Nangert_submission_v4,18,LEFT_A,4,6515404304199235820,EBot_F,grpc:Nangert_submission_v4,4,0,0,4,0,4,
EBot_F_vs_Nangert_submission_v4,18,LEFT_B,4,12379558680334394020,grpc:Nangert_submission_v4,EBot_F,3,1,0,1,3,4,
EBot_F_vs_Nangert_submission_v4,19,LEFT_A,4,3628355392595176173,EBot_F,grpc:Nangert_submission_v4,4,0,0,4,0,4,
EBot_F_vs_Nangert_submission_v4,19,LEFT_B,4,13047945642226672118,grpc:Nangert_submission_v4,EBot_F,2,2,0,2,2,4,
EBot_F_vs_Nangert_submission_v4,20,LEFT_A,4,11890891045140915987,EBot_F,grpc:Nangert_submission_v4,4,0,0,4,0,4,
EBot_F_vs_Nangert_submission_v4,20,LEFT_B,4,10583132028888814225,grpc:Nangert_submission_v4,EBot_F,4,0,0,0,4,4,
EBot_F_vs_Nangert_submission_v4,21,LEFT_A,4,4952233083726696411,EBot_F,grpc:Nangert_submission_v4,4,0,0,4,0,4,
EBot_F_vs_Nangert_submission_v4,21,LEFT_B,4,7346056652988981291,grpc:Nangert_submission_v4,EBot_F,2,2,0,2,2,4,
EBot_F_vs_Nangert_submission_v4,22,LEFT_A,4,17457821064816835905,EBot_F,grpc:Nangert_submission_v4,4,0,0,4,0,4,
EBot_F_vs_Nangert_submission_v4,22,LEFT_B,4,4055717746993562796,grpc:Nangert_submission_v4,EBot_F,1,3,0,3,1,4,
EBot_F_vs_Nangert_submission_v4,23,LEFT_A,4,3819796611611767695,EBot_F,grpc:Nangert_submission_v4,4,0,0,4,0,4,
EBot_F_vs_Nangert_submission_v4,23,LEFT_B,4,13398856824604839919,grpc:Nangert_submission_v4,EBot_F,3,1,0,1,3,4,
EBot_F_vs_Nangert_submission_v4,24,LEFT_A,4,12777109470313340692,EBot_F,grpc:Nangert_submission_v4,4,0,0,4,0,4,
EBot_F_vs_Nangert_submission_v4,24,LEFT_B,4,15410837882968565118,grpc:Nangert_submission_v4,EBot_F,1,3,0,3,1,4,
EBot_F_vs_Nangert_submission_v4,25,LEFT_A,4,9793383582585460544,EBot_F,grpc:Nangert_submission_v4,4,0,0,4,0,4,
EBot_F_vs_Nangert_submission_v4,25,LEFT_B,4,12982926877701915470,grpc:Nangert_submission_v4,EBot_F,3,1,0,1,3,4,
EBot_F_vs_Nangert_submission_v4,26,LEFT_A,4,18359679979545697510,EBot_F,grpc:Nangert_submission_v4,4,0,0,4,0,4,
EBot_F_vs_Nangert_submission_v4,26,LEFT_B,4,12203160540127253120,grpc:Nangert_submission_v4,EBot_F,2,2,0,2,2,4,
EBot_F_vs_Nangert_submission_v4,27,LEFT_A,4,8054766557463064872,EBot_F,grpc:Nangert_submission_v4,4,0,0,4,0,4,
EBot_F_vs_Nangert_submission_v4,27,LEFT_B,4,5735866766763847411,grpc:Nangert_submission_v4,EBot_F,2,2,0,2,2,4,
EBot_F_vs_Nangert_submission_v4,28,LEFT_A,4,3123004729908430617,EBot_F,grpc:Nangert_submission_v4,4,0,0,4,0,4,
EBot_F_vs_Nangert_submission_v4,28,LEFT_B,4,8630997471953046127,grpc:Nangert_submission_v4,EBot_F,2,2,0,2,2,4,
EBot_F_vs_Nangert_submission_v4,29,LEFT_A,4,17023426915871763166,EBot_F,grpc:Nangert_submission_v4,3,1,0,3,1,4,
EBot_F_vs_Nangert_submission_v4,29,LEFT_B,4,3988668409154799131,grpc:Nangert_submission_v4,EBot_F,3,1,0,1,3,4,
EBot_F_vs_Nangert_submission_v4,30,LEFT_A,4,8864597146653958295,EBot_F,grpc:Nangert_submission_v4,2,2,0,2,2,4,
EBot_F_vs_Nangert_submission_v4,30,LEFT_B,4,13194236865054450749,grpc:Nangert_submission_v4,EBot_F,1,3,0,3,1,4,
EBot_F_vs_Nangert_submission_v4,31,LEFT_A,4,1788600610049633038,EBot_F,grpc:Nangert_submission_v4,3,1,0,3,1,4,
EBot_F_vs_Nangert_submission_v4,31,LEFT_B,4,9943484786081274737,grpc:Nangert_submission_v4,EBot_F,1,3,0,3,1,4,
EBot_F_vs_Nangert_submission_v4,32,LEFT_A,4,359814983795519592,EBot_F,grpc:Nangert_submission_v4,4,0,0,4,0,4,
EBot_F_vs_Nangert_submission_v4,32,LEFT_B,4,1605252541269759837,grpc:Nangert_submission_v4,EBot_F,4,0,0,0,4,4,
EBot_F_vs_Nangert_submission_v4,33,LEFT_A,4,8252211697681793884,EBot_F,grpc:Nangert_submission_v4,4,0,0,4,0,4,
EBot_F_vs_Nangert_submission_v4,33,LEFT_B,4,1007038741219391188,grpc:Nangert_submission_v4,EBot_F,3,1,0,1,3,4,
EBot_F_vs_Nangert_submission_v4,34,LEFT_A,4,7139669091288415962,EBot_F,grpc:Nangert_submission_v4,4,0,0,4,0,4,
EBot_F_vs_Nangert_submission_v4,34,LEFT_B,4,17742594191428256665,grpc:Nangert_submission_v4,EBot_F,2,2,0,2,2,4,
