pair_id,round_idx,side,runs,seed,left,right,p1_wins,p2_wins,draws,mapped_a_wins,mapped_b_wins,games,avg_ms
EBot_F_vs_Sakkirina,0,LEFT_A,4,3013210271264314001,EBot_F,Sakkirina,0,4,0,0,4,4,
EBot_F_vs_Sakkirina,0,LEFT_B,4,1078032043992016371,Sakkirina,EBot_F,4,0,0,0,4,4,
EBot_F_vs_Sakkirina,1,LEFT_A,4,14247369042510758456,EBot_F,Sakkirina,1,3,0,1,3,4,
EBot_F_vs_Sakkirina,1,LEFT_B,4,11359945195629501831,Sakkirina,EBot_F,4,0,0,0,4,4,
EBot_F_vs_Sakkirina,2,LEFT_A,4,14928527216105927887,EBot_F,Sakkirina,2,2,0,2,2,4,
EBot_F_vs_Sakkirina,2,LEFT_B,4,6880935192838056244,Sakkirina,EBot_F,3,1,0,1,3,4,
EBot_F_vs_Sakkirina,3,LEFT_A,4,6538746399609979885,EBot_F,Sakkirina,1,3,0,1,3,4,
EBot_F_vs_Sakkirina,3,LEFT_B,4,9773156351332609690,Sakkirina,EBot_F,3,1,0,1,3,4,
EBot_F_vs_Sakkirina,4,LEFT_A,4,3719226494750837013,EBot_F,Sakkirina,1,3,0,1,3,4,
EBot_F_vs_Sakkirina,4,LEFT_B,4,155794109638950954,Sakkirina,EBot_F,4,0,0,0,4,4,
EBot_F_vs_Sakkirina,5,LEFT_A,4,18065255613528859947,EBot_F,Sakkirina,3,1,0,3,1,4,
EBot_F_vs_Sakkirina,5,LEFT_B,4,820392482827694962,Sakkirina,EBot_F,3,1,0,1,3,4,
EBot_F_vs_Sakkirina,6,LEFT_A,4,2725907921009962779,EBot_F,Sakkirina,2,2,0,2,2,4,
EBot_F_vs_Sakkirina,6,LEFT_B,4,15541514211961356993,Sakkirina,EBot_F,3,1,0,1,3,4,
EBot_F_vs_Sakkirina,7,LEFT_A,4,2594715698131582335,EBot_F,Sakkirina,1,3,0,1,3,4,
EBot_F_vs_Sakkirina,7,LEFT_B,4,2744999553260570331,Sakkirina,EBot_F,3,1,0,1,3,4,
EBot_F_vs_Sakkirina,8,LEFT_A,4,8602478073378896781,EBot_F,Sakkirina,1,3,0,1,3,4,
EBot_F_vs_Sakkirina,8,LEFT_B,4,5040192384273113163,Sakkirina,EBot_F,3,1,0,1,3,4,
EBot_F_vs_Sakkirina,9,LEFT_A,4,848975526944444085,EBot_F,Sakkirina,3,1,0,3,1,4,
EBot_F_vs_Sakkirina,9,LEFT_B,4,14027318865550109040,Sakkirina,EBot_F,4,0,0,0,4,4,
EBot_F_vs_Sakkirina,10,LEFT_A,4,12947654949908865724,EBot_F,Sakkirina,2,2,0,2,2,4,
EBot_F_vs_Sakkirina,10,LEFT_B,4,217209151753057873,Sakkirina,EBot_F,4,0,0,0,4,4,
EBot_F_vs_Sakkirina,11,LEFT_A,4,5906399427317109015,EBot_F,Sakkirina,2,2,0,2,2,4,
EBot_F_vs_Sakkirina,11,LEFT_B,4,13621162578163591895,Sakkirina,EBot_F,4,0,0,0,4,4,
EBot_F_vs_Sakkirina,12,LEFT_A,4,15799235100575593138,EBot_F,Sakkirina,2,2,0,2,2,4,
EBot_F_vs_Sakkirina,12,LEFT_B,4,11921126681746912932,Sakkirina,EBot_F,3,1,0,1,3,4,
EBot_F_vs_Sakkirina,13,LEFT_A,4,15222027608241652353,EBot_F,Sakkirina,2,2,0,2,2,4,
EBot_F_vs_Sakkirina,13,LEFT_B,4,8460252091677955346,Sakkirina,EBot_F,4,0,0,0,4,4,
EBot_F_vs_Sakkirina,14,LEFT_A,4,17193887381807489480,EBot_F,Sakkirina,2,2,0,2,2,4,
EBot_F_vs_Sakkirina,14,LEFT_B,4,2528958486626577024,Sakkirina,EBot_F,3,1,0,1,3,4,
EBot_F_vs_Sakkirina,15,LEFT_A,4,1827593509908338611,EBot_F,Sakkirina,1,3,0,1,3,4,
EBot_F_vs_Sakkirina,15,LEFT_B,4,10081639830932385691,Sakkirina,EBot_F,4,0,0,0,4,4,
EBot_F_vs_Sakkirina,16,LEFT_A,4,16602600031242494502,EBot_F,Sakkirina,1,3,0,1,3,4,
EBot_F_vs_Sakkirina,16,LEFT_B,4,13811648058357055705,Sakkirina,EBot_F,4,0,0,0,4,4,
EBot_F_vs_Sakkirina,17,LEFT_A,4,8610797610635500158,EBot_F,Sakkirina,4,0,0,4,0,4,
EBot_F_vs_Sakkirina,17,LEFT_B,4,4221782499770775886,Sakkirina,EBot_F,4,0,0,0,4,4,
EBot_F_vs_Sakkirina,18,LEFT_A,4,1182271775143162990,EBot_F,Sakkirina,3,1,0,3,1,4,
EBot_F_vs_Sakkirina,18,LEFT_B,4,14441540811361381725,Sakkirina,EBot_F,4,0,0,0,4,4,
EBot_F_vs_Sakkirina,19,LEFT_A,4,16562315123078986486,EBot_F,Sakkirina,3,1,0,3,1,4,
EBot_F_vs_Sakkirina,19,LEFT_B,4,11652925470609614015,Sakkirina,EBot_F,3,1,0,1,3,4,
EBot_F_vs_Sakkirina,20,LEFT_A,4,6033104256428726922,EBot_F,Sakkirina,2,2,0,2,2,4,
EBot_F_vs_Sakkirina,20,LEFT_B,4,11847282133691294504,Sakkirina,EBot_F,4,0,0,0,4,4,
EBot_F_vs_Sakkirina,21,LEFT_A,4,1393604766700854870,EBot_F,Sakkirina,3,1,0,3,1,4,
EBot_F_vs_Sakkirina,21,LEFT_B,4,8132651127031471983,Sakkirina,EBot_F,4,0,0,0,4,4,
EBot_F_vs_Sakkirina,22,LEFT_A,4,17575512925264545889,EBot_F,Sakkirina,1,3,0,1,3,4,
EBot_F_vs_Sakkirina,22,LEFT_B,4,3601857386225655892,Sakkirina,EBot_F,4,0,0,0,4,4,
EBot_F_vs_Sakkirina,23,LEFT_A,4,3752981993722600936,EBot_F,Sakkirina,1,3,0,1,3,4,
EBot_F_vs_Sakkirina,23,LEFT_B,4,12834717896255620635,Sakkirina,EBot_F,2,2,0,2,2,4,
EBot_F_vs_Sakkirina,24,LEFT_A,4,15604891772690224951,EBot_F,Sakkirina,2,2,0,2,2,4,
EBot_F_vs_Sakkirina,24,LEFT_B,4,9502698102385150864,Sakkirina,EBot_F,2,2,0,2,2,4,
EBot_F_vs_Sakkirina,25,LEFT_A,4,3204007619896268459,EBot_F,Sakkirina,3,1,0,3,1,4,
EBot_F_vs_Sakkirina,25,LEFT_B,4,7367635842530671027,Sakkirina,EBot_F,4,0,0,0,4,4,
EBot_F_vs_Sakkirina,26,LEFT_A,4,15895039597869121380,EBot_F,Sakkirina,1,3,0,1,3,4,
EBot_F_vs_Sakkirina,26,LEFT_B,4,2781085567811379919,Sakkirina,EBot_F,3,1,0,1,3,4,
EBot_F_vs_Sakkirina,27,LEFT_A,4,9084204807498424229,EBot_F,Sakkirina,2,2,0,2,2,4,
EBot_F_vs_Sakkirina,27,LEFT_B,4,8533422401768572519,Sakkirina,EBot_F,3,1,0,1,3,4,
EBot_F_vs_Sakkirina,28,LEFT_A,4,14536380449433694482,EBot_F,Sakkirina,1,3,0,1,3,4,
EBot_F_vs_Sakkirina,28,LEFT_B,4,16213697611050003388,Sakkirina,EBot_F,3,1,0,1,3,4,
EBot_F_vs_Sakkirina,29,LEFT_A,4,7651873941674469843,EBot_F,Sakkirina,2,2,0,2,2,4,
EBot_F_vs_Sakkirina,29,LEFT_B,4,16204140674961609625,Sakkirina,EBot_F,4,0,0,0,4,4,
EBot_F_vs_Sakkirina,30,LEFT_A,4,15109042919244402159,EBot_F,Sakkirina,1,3,0,1,3,4,
EBot_F_vs_Sakkirina,30,LEFT_B,4,12719903914202699459,Sakkirina,EBot_F,4,0,0,0,4,4,
EBot_F_vs_Sakkirina,31,LEFT_A,4,3463124005361727549,EBot_F,Sakkirina,2,2,0,2,2,4,
EBot_F_vs_Sakkirina,31,LEFT_B,4,17842233701961446604,Sakkirina,EBot_F,3,1,0,1,3,4,
EBot_F_vs_Sakkirina,32,LEFT_A,4,2613745036970340438,EBot_F,Sakkirina,1,3,0,1,3,4,
EBot_F_vs_Sakkirina,32,LEFT_B,4,12182799127294648532,Sakkirina,EBot_F,4,0,0,0,4,4,
EBot_F_vs_Sakkirina,33,LEFT_A,4,2963414020730292531,EBot_F,Sakkirina,2,2,0,2,2,4,
EBot_F_vs_Sakkirina,33,LEFT_B,4,17670618097098876607,Sakkirina,EBot_F,4,0,0,0,4,4,
EBot_F_vs_Sakkirina,34,LEFT_A,4,1719724972799297134,EBot_F,Sakkirina,3,1,0,3,1,4,
EBot_F_vs_Sakkirina,34,LEFT_B,4,14498670631902491058,Sakkirina,EBot_F,4,0,0,0,4,4,
