pair_id,round_idx,side,runs,seed,left,right,p1_wins,p2_wins,draws,mapped_a_wins,mapped_b_wins,games,avg_ms
EBot_C_vs_ZMyBot,0,LEFT_A,4,3511046333898872143,EBot_C,grpc:ZMyBot,4,0,0,4,0,4,
EBot_C_vs_ZMyBot,0,LEFT_B,4,10413050105862575894,grpc:ZMyBot,EBot_C,0,4,0,4,0,4,
EBot_C_vs_ZMyBot,1,LEFT_A,4,1795629707240155089,EBot_C,grpc:ZMyBot,4,0,0,4,0,4,
EBot_C_vs_ZMyBot,1,LEFT_B,4,17006103245333222908,grpc:ZMyBot,EBot_C,0,4,0,4,0,4,
EBot_C_vs_ZMyBot,2,LEFT_A,4,679770345493004390,EBot_C,grpc:ZMyBot,4,0,0,4,0,4,
EBot_C_vs_ZMyBot,2,LEFT_B,4,16471263709907222160,grpc:ZMyBot,EBot_C,1,3,0,3,1,4,
EBot_C_vs_ZMyBot,3,LEFT_A,4,12923156751389304141,EBot_C,grpc:ZMyBot,4,0,0,4,0,4,
EBot_C_vs_ZMyBot,3,LEFT_B,4,13803663484798077990,grpc:ZMyBot,EBot_C,1,3,0,3,1,4,
EBot_C_vs_ZMyBot,4,LEFT_A,4,644042004328708435,EBot_C,grpc:ZMyBot,3,1,0,3,1,4,
EBot_C_vs_ZMyBot,4,LEFT_B,4,13231007697717888100,grpc:ZMyBot,EBot_C,0,4,0,4,0,4,
EBot_C_vs_ZMyBot,5,LEFT_A,4,12124355805986710988,EBot_C,grpc:ZMyBot,3,1,0,3,1,4,
EBot_C_vs_ZMyBot,5,LEFT_B,4,13549855386213902426,grpc:ZMyBot,EBot_C,1,3,0,3,1,4,
EBot_C_vs_ZMyBot,6,LEFT_A,4,10664202422348970900,EBot_C,grpc:ZMyBot,4,0,0,4,0,4,
EBot_C_vs_ZMyBot,6,LEFT_B,4,13071581781814260548,grpc:ZMyBot,EBot_C,2,2,0,2,2,4,
EBot_C_vs_ZMyBot,7,LEFT_A,4,17695704076216580146,EBot_C,grpc:ZMyBot,4,0,0,4,0,4,
EBot_C_vs_ZMyBot,7,LEFT_B,4,5948696329040532162,grpc:ZMyBot,EBot_C,0,4,0,4,0,4,
EBot_C_vs_ZMyBot,8,LEFT_A,4,12182478903696802597,EBot_C,grpc:ZMyBot,4,0,0,4,0,4,
EBot_C_vs_ZMyBot,8,LEFT_B,4,4959885376105836335,grpc:ZMyBot,EBot_C,0,4,0,4,0,4,
EBot_C_vs_ZMyBot,9,LEFT_A,4,12498786855476673044,EBot_C,grpc:ZMyBot,4,0,0,4,0,4,
EBot_C_vs_ZMyBot,9,LEFT_B,4,4931387584949910108,grpc:ZMyBot,EBot_C,0,4,0,4,0,4,
EBot_C_vs_ZMyBot,10,LEFT_A,4,4282541506515491589,EBot_C,grpc:ZMyBot,4,0,0,4,0,4,
EBot_C_vs_ZMyBot,10,LEFT_B,4,3637476451478562485,grpc:ZMyBot,EBot_C,0,4,0,4,0,4,
EBot_C_vs_ZMyBot,11,LEFT_A,4,8104442031138280254,EBot_C,grpc:ZMyBot,4,0,0,4,0,4,
EBot_C_vs_ZMyBot,11,LEFT_B,4,7670845699709459275,grpc:ZMyBot,EBot_C,1,3,0,3,1,4,
EBot_C_vs_ZMyBot,12,LEFT_A,4,17463903275218642207,EBot_C,grpc:ZMyBot,4,0,0,4,0,4,
EBot_C_vs_ZMyBot,12,LEFT_B,4,2920595819189037661,grpc:ZMyBot,EBot_C,0,4,0,4,0,4,
EBot_C_vs_ZMyBot,13,LEFT_A,4,6712323300868603859,EBot_C,grpc:ZMyBot,3,1,0,3,1,4,
EBot_C_vs_ZMyBot,13,LEFT_B,4,16984056915084333065,grpc:ZMyBot,EBot_C,2,2,0,2,2,4,
EBot_C_vs_ZMyBot,14,LEFT_A,4,16632726308670589366,EBot_C,grpc:ZMyBot,4,0,0,4,0,4,
EBot_C_vs_ZMyBot,14,LEFT_B,4,175719052838623294,grpc:ZMyBot,EBot_C,1,3,0,3,1,4,
EBot_C_vs_ZMyBot,15,LEFT_A,4,4727035677516826355,EBot_C,grpc:ZMyBot,4,0,0,4,0,4,
EBot_C_vs_ZMyBot,15,LEFT_B,4,14005228646684900801,grpc:ZMyBot,EBot_C,0,4,0,4,0,4,
EBot_C_vs_ZMyBot,16,LEFT_A,4,3302156006449141481,EBot_C,grpc:ZMyBot,4,0,0,4,0,4,
EBot_C_vs_ZMyBot,16,LEFT_B,4,10993416861051715257,grpc:ZMyBot,EBot_C,2,2,0,2,2,4,
EBot_C_vs_ZMyBot,17,LEFT_A,4,10479360155107628625,EBot_C,grpc:ZMyBot,3,1,0,3,1,4,
EBot_C_vs_ZMyBot,17,LEFT_B,4,7236642860012150162,grpc:ZMyBot,EBot_C,1,3,0,3,1,4,
EBot_C_vs_ZMyBot,18,LEFT_A,4,321877933092205172,EBot_C,grpc:ZMyBot,4,0,0,4,0,4,
EBot_C_vs_ZMyBot,18,LEFT_B,4,4028319609708379227,grpc:ZMyBot,EBot_C,0,4,0,4,0,4,
EBot_C_vs_ZMyBot,19,LEFT_A,4,14860914566221469130,EBot_C,grpc:ZMyBot,4,0,0,4,0,4,
EBot_C_vs_ZMyBot,19,LEFT_B,4,14536850397432699256,grpc:ZMyBot,EBot_C,1,3,0,3,1,4,
EBot_C_vs_ZMyBot,20,LEFT_A,4,9939425556213420779,EBot_C,grpc:ZMyBot,4,0,0,4,0,4,
EBot_C_vs_ZMyBot,20,LEFT_B,4,243924959210206926,grpc:ZMyBot,EBot_C,0,4,0,4,0,4,
EBot_C_vs_ZMyBot,21,LEFT_A,4,4128291932870192135,EBot_C,grpc:ZMyBot,4,0,0,4,0,4,
EBot_C_vs_ZMyBot,21,LEFT_B,4,15616957045382344152,grpc:ZMyBot,EBot_C,1,3,0,3,1,4,
EBot_C_vs_ZMyBot,22,LEFT_A,4,16818437855757854317,EBot_C,grpc:ZMyBot,4,0,0,4,0,4,
EBot_C_vs_ZMyBot,22,LEFT_B,4,6844928827557654762,grpc:ZMyBot,EBot_C,1,3,0,3,1,4,
EBot_C_vs_ZMyBot,23,LEFT_A,4,1620888005022686271,EBot_C,grpc:ZMyBot,3,1,0,3,1,4,
EBot_C_vs_ZMyBot,23,LEFT_B,4,5260145807709401934,grpc:ZMyBot,EBot_C,0,4,0,4,0,4,
EBot_C_vs_ZMyBot,24,LEFT_A,4,9397524544754119453,EBot_C,grpc:ZMyBot,4,0,0,4,0,4,
EBot_C_vs_ZMyBot,24,LEFT_B,4,17820345734605978895,grpc:ZMyBot,EBot_C,1,3,0,3,1,4,
EBot_C_vs_ZMyBot,25,LEFT_A,4,12798428043874229621,EBot_C,grpc:ZMyBot,3,1,0,3,1,4,
EBot_C_vs_ZMyBot,25,LEFT_B,4,3565905409568482838,grpc:ZMyBot,EBot_C,1,3,0,3,1,4,
EBot_C_vs_ZMyBot,26,LEFT_A,4,16962250489455987956,EBot_C,grpc:ZMyBot,4,0,0,4,0,4,
EBot_C_vs_ZMyBot,26,LEFT_B,4,14559564007133189759,grpc:ZMyBot,EBot_C,0,4,0,4,0,4,
EBot_C_vs_ZMyBot,27,LEFT_A,4,2948873087631780623,EBot_C,grpc:ZMyBot,3,1,0,3,1,4,
EBot_C_vs_ZMyBot,27,LEFT_B,4,8880330090454813602,grpc:ZMyBot,EBot_C,0,4,0,4,0,4,
EBot_C_vs_ZMyBot,28,LEFT_A,4,15675414833066869598,EBot_C,grpc:ZMyBot,4,0,0,4,0,4,
EBot_C_vs_ZMyBot,28,LEFT_B,4,17699224057118699403,grpc:ZMyBot,EBot_C,2,2,0,2,2,4,
EBot_C_vs_ZMyBot,29,LEFT_A,4,17881563583263935654,EBot_C,grpc:ZMyBot,4,0,0,4,0,4,
EBot_C_vs_ZMyBot,29,LEFT_B,4,14848742659447136753,grpc:ZMyBot,EBot_C,2,2,0,2,2,4,
EBot_C_vs_ZMyBot,30,LEFT_A,4,14449800659561445423,EBot_C,grpc:ZMyBot,4,0,0,4,0,4,
EBot_C_vs_ZMyBot,30,LEFT_B,4,4778389078590668619,grpc:ZMyBot,EBot_C,1,3,0,3,1,4,
EBot_C_vs_ZMyBot,31,LEFT_A,4,9834166351712518711,EBot_C,grpc:ZMyBot,4,0,0,4,0,4,
EBot_C_vs_ZMyBot,31,LEFT_B,4,16446710756545062911,grpc:ZMyBot,EBot_C,0,4,0,4,0,4,
EBot_C_vs_ZMyBot,32,LEFT_A,4,5709849749846817863,EBot_C,grpc:ZMyBot,4,0,0,4,0,4,
EBot_C_vs_ZMyBot,32,LEFT_B,4,366977936196791292,grpc:ZMyBot,EBot_C,1,3,0,3,1,4,
EBot_C_vs_ZMyBot,33,LEFT_A,4,15162270861834720635,EBot_C,grpc:ZMyBot,3,1,0,3,1,4,
EBot_C_vs_ZMyBot,33,LEFT_B,4,18041416893237573920,grpc:ZMyBot,EBot_C,1,3,0,3,1,4,
EBot_C_vs_ZMyBot,34,LEFT_A,4,3466272523696903338,EBot_C,grpc:ZMyBot,4,0,0,4,0,4,
EBot_C_vs_ZMyBot,34,LEFT_B,4,17848577777799491780,grpc:ZMyBot,EBot_C,0,4,0,4,0,4,
