pair_id,round_idx,side,runs,seed,left,right,p1_wins,p2_wins,draws,mapped_a_wins,mapped_b_wins,games,avg_ms
EBot_F_vs_HQL_Plus_BOT,0,LEFT_A,4,2071380386550311643,EBot_F,HQL_Plus_BOT,2,2,0,2,2,4,
EBot_F_vs_HQL_Plus_BOT,0,LEFT_B,4,1391896422851231586,HQL_Plus_BOT,EBot_F,1,3,0,3,1,4,
EBot_F_vs_HQL_Plus_BOT,1,LEFT_A,4,8752511166275694960,EBot_F,HQL_Plus_BOT,1,3,0,1,3,4,
EBot_F_vs_HQL_Plus_BOT,1,LEFT_B,4,3548671611076162198,HQL_Plus_BOT,EBot_F,4,0,0,0,4,4,
EBot_F_vs_HQL_Plus_BOT,2,LEFT_A,4,15349529988582863622,EBot_F,HQL_Plus_BOT,2,2,0,2,2,4,
EBot_F_vs_HQL_Plus_BOT,2,LEFT_B,4,15473660120733132934,HQL_Plus_BOT,EBot_F,2,2,0,2,2,4,
EBot_F_vs_HQL_Plus_BOT,3,LEFT_A,4,6793683779490379836,EBot_F,HQL_Plus_BOT,0,4,0,0,4,4,
EBot_F_vs_HQL_Plus_BOT,3,LEFT_B,4,2003937849018208097,HQL_Plus_BOT,EBot_F,3,1,0,1,3,4,
EBot_F_vs_HQL_Plus_BOT,4,LEFT_A,4,12472625224884248067,EBot_F,HQL_Plus_BOT,2,2,0,2,2,4,
EBot_F_vs_HQL_Plus_BOT,4,LEFT_B,4,6954684098467917468,HQL_Plus_BOT,EBot_F,4,0,0,0,4,4,
EBot_F_vs_HQL_Plus_BOT,5,LEFT_A,4,9122456023393767016,EBot_F,HQL_Plus_BOT,0,4,0,0,4,4,
EBot_F_vs_HQL_Plus_BOT,5,LEFT_B,4,14496096317003873656,HQL_Plus_BOT,EBot_F,3,1,0,1,3,4,
EBot_F_vs_HQL_Plus_BOT,6,LEFT_A,4,5125079218077954369,EBot_F,HQL_Plus_BOT,2,2,0,2,2,4,
EBot_F_vs_HQL_Plus_BOT,6,LEFT_B,4,4606024280509969533,HQL_Plus_BOT,EBot_F,3,1,0,1,3,4,
EBot_F_vs_HQL_Plus_BOT,7,LEFT_A,4,10543141134812726880,EBot_F,HQL_Plus_BOT,3,1,0,3,1,4,
EBot_F_vs_HQL_Plus_BOT,7,LEFT_B,4,11999961302203693427,HQL_Plus_BOT,EBot_F,2,2,0,2,2,4,
EBot_F_vs_HQL_Plus_BOT,8,LEFT_A,4,3795860467491984053,EBot_F,HQL_Plus_BOT,3,1,0,3,1,4,
EBot_F_vs_HQL_Plus_BOT,8,LEFT_B,4,2724905820891131494,HQL_Plus_BOT,EBot_F,4,0,0,0,4,4,
EBot_F_vs_HQL_Plus_BOT,9,LEFT_A,4,2332141436416146693,EBot_F,HQL_Plus_BOT,2,2,0,2,2,4,
EBot_F_vs_HQL_Plus_BOT,9,LEFT_B,4,8118627012471601929,HQL_Plus_BOT,EBot_F,1,3,0,3,1,4,
EBot_F_vs_HQL_Plus_BOT,10,LEFT_A,4,18300364102121198024,EBot_F,HQL_Plus_BOT,1,3,0,1,3,4,
EBot_F_vs_HQL_Plus_BOT,10,LEFT_B,4,14603506944806354113,HQL_Plus_BOT,EBot_F,2,2,0,2,2,4,
EBot_F_vs_HQL_Plus_BOT,11,LEFT_A,4,4041124862306923010,EBot_F,HQL_Plus_BOT,3,1,0,3,1,4,
EBot_F_vs_HQL_Plus_BOT,11,LEFT_B,4,16610938115339782668,HQL_Plus_BOT,EBot_F,4,0,0,0,4,4,
EBot_F_vs_HQL_Plus_BOT,12,LEFT_A,4,14396543183794836922,EBot_F,HQL_Plus_BOT,2,2,0,2,2,4,
EBot_F_vs_HQL_Plus_BOT,12,LEFT_B,4,14100130153168029278,HQL_Plus_BOT,EBot_F,2,2,0,2,2,4,
EBot_F_vs_HQL_Plus_BOT,13,LEFT_A,4,17888674473725007840,EBot_F,HQL_Plus_BOT,3,1,0,3,1,4,
EBot_F_vs_HQL_Plus_BOT,13,LEFT_B,4,17574495032433742411,HQL_Plus_BOT,EBot_F,3,1,0,1,3,4,
EBot_F_vs_HQL_Plus_BOT,14,LEFT_A,4,16461533084916443903,EBot_F,HQL_Plus_BOT,2,2,0,2,2,4,
EBot_F_vs_HQL_Plus_BOT,14,LEFT_B,4,15278735745269511373,HQL_Plus_BOT,EBot_F,2,2,0,2,2,4,
EBot_F_vs_HQL_Plus_BOT,15,LEFT_A,4,3285476544380280350,EBot_F,HQL_Plus_BOT,0,4,0,0,4,4,
EBot_F_vs_HQL_Plus_BOT,15,LEFT_B,4,1105223513626397373,HQL_Plus_BOT,EBot_F,3,1,0,1,3,4,
EBot_F_vs_HQL_Plus_BOT,16,LEFT_A,4,11323719305161107163,EBot_F,HQL_Plus_BOT,3,1,0,3,1,4,
EBot_F_vs_HQL_Plus_BOT,16,LEFT_B,4,17334957097303983619,HQL_Plus_BOT,EBot_F,4,0,0,0,4,4,
EBot_F_vs_HQL_Plus_BOT,17,LEFT_A,4,6669851818540604612,EBot_F,HQL_Plus_BOT,4,0,0,4,0,4,
EBot_F_vs_HQL_Plus_BOT,17,LEFT_B,4,5612919111579080030,HQL_Plus_BOT,EBot_F,3,1,0,1,3,4,
EBot_F_vs_HQL_Plus_BOT,18,LEFT_A,4,10699525302267169628,EBot_F,HQL_Plus_BOT,3,1,0,3,1,4,
EBot_F_vs_HQL_Plus_BOT,18,LEFT_B,4,9592020932306810450,HQL_Plus_BOT,EBot_F,4,0,0,0,4,4,
EBot_F_vs_HQL_Plus_BOT,19,LEFT_A,4,17109148292600008852,EBot_F,HQL_Plus_BOT,1,3,0,1,3,4,
EBot_F_vs_HQL_Plus_BOT,19,LEFT_B,4,3488977299291694087,HQL_Plus_BOT,EBot_F,3,1,0,1,3,4,
EBot_F_vs_HQL_Plus_BOT,20,LEFT_A,4,1377791858689552006,EBot_F,HQL_Plus_BOT,2,2,0,2,2,4,
EBot_F_vs_HQL_Plus_BOT,20,LEFT_B,4,15109914823833275471,HQL_Plus_BOT,EBot_F,3,1,0,1,3,4,
EBot_F_vs_HQL_Plus_BOT,21,LEFT_A,4,15097717528267227779,EBot_F,HQL_Plus_BOT,2,2,0,2,2,4,
EBot_F_vs_HQL_Plus_BOT,21,LEFT_B,4,5959342562634953052,HQL_Plus_BOT,EBot_F,3,1,0,1,3,4,
EBot_F_vs_HQL_Plus_BOT,22,LEFT_A,4,15901368471159369367,EBot_F,HQL_Plus_BOT,3,1,0,3,1,4,
EBot_F_vs_HQL_Plus_BOT,22,LEFT_B,4,6846009399504271593,HQL_Plus_BOT,EBot_F,2,2,0,2,2,4,
EBot_F_vs_HQL_Plus_BOT,23,LEFT_A,4,1336410710922124817,EBot_F,HQL_Plus_BOT,3,1,0,3,1,4,
EBot_F_vs_HQL_Plus_BOT,23,LEFT_B,4,12831264939452517294,HQL_Plus_BOT,EBot_F,3,1,0,1,3,4,
EBot_F_vs_HQL_Plus_BOT,24,LEFT_A,4,14948549463696423442,EBot_F,HQL_Plus_BOT,1,3,0,1,3,4,
EBot_F_vs_HQL_Plus_BOT,24,LEFT_B,4,7143316423456853957,HQL_Plus_BOT,EBot_F,4,0,0,0,4,4,
EBot_F_vs_HQL_Plus_BOT,25,LEFT_A,4,295262916383339130,EBot_F,HQL_Plus_BOT,1,3,0,1,3,4,
EBot_F_vs_HQL_Plus_BOT,25,LEFT_B,4,5769225444047690777,HQL_Plus_BOT,EBot_F,2,2,0,2,2,4,
EBot_F_vs_HQL_Plus_BOT,26,LEFT_A,4,3524845259936588253,EBot_F,HQL_Plus_BOT,1,3,0,1,3,4,
EBot_F_vs_HQL_Plus_BOT,26,LEFT_B,4,7226412029592933472,HQL_Plus_BOT,EBot_F,1,3,0,3,1,4,
EBot_F_vs_HQL_Plus_BOT,27,LEFT_A,4,11551123814836160039,EBot_F,HQL_Plus_BOT,1,3,0,1,3,4,
EBot_F_vs_HQL_Plus_BOT,27,LEFT_B,4,11003955557304417497,HQL_Plus_BOT,EBot_F,4,0,0,0,4,4,
EBot_F_vs_HQL_Plus_BOT,28,LEFT_A,4,17029284870805919271,EBot_F,HQL_Plus_BOT,3,1,0,3,1,4,
EBot_F_vs_HQL_Plus_BOT,28,LEFT_B,4,3848024548025302125,HQL_Plus_BOT,EBot_F,3,1,0,1,3,4,
EBot_F_vs_HQL_Plus_BOT,29,LEFT_A,4,15828622727898313649,EBot_F,HQL_Plus_BOT,1,3,0,1,3,4,
EBot_F_vs_HQL_Plus_BOT,29,LEFT_B,4,5490118448823325536,HQL_Plus_BOT,EBot_F,2,2,0,2,2,4,
EBot_F_vs_HQL_Plus_BOT,30,LEFT_A,4,17738975495795673492,EBot_F,HQL_Plus_BOT,2,2,0,2,2,4,
EBot_F_vs_HQL_Plus_BOT,30,LEFT_B,4,17132243867241966509,HQL_Plus_BOT,EBot_F,3,1,0,1,3,4,
EBot_F_vs_HQL_Plus_BOT,31,LEFT_A,4,17192990435500582390,EBot_F,HQL_Plus_BOT,2,2,0,2,2,4,
EBot_F_vs_HQL_Plus_BOT,31,LEFT_B,4,9558436688789879672,HQL_Plus_BOT,EBot_F,1,3,0,3,1,4,
EBot_F_vs_HQL_Plus_BOT,32,LEFT_A,4,1908571630605489781,EBot_F,HQL_Plus_BOT,3,1,0,3,1,4,
EBot_F_vs_HQL_Plus_BOT,32,LEFT_B,4,11118077452554287253,HQL_Plus_BOT,EBot_F,3,1,0,1,3,4,
EBot_F_vs_HQL_Plus_BOT,33,LEFT_A,4,9820918756987045752,EBot_F,HQL_Plus_BOT,2,2,0,2,2,4,
EBot_F_vs_HQL_Plus_BOT,33,LEFT_B,4,16621456684284439158,HQL_Plus_BOT,EBot_F,3,1,0,1,3,4,
EBot_F_vs_HQL_Plus_BOT,34,LEFT_A,4,6886070384033320442,EBot_F,HQL_Plus_BOT,1,3,0,1,3,4,
EBot_F_vs_HQL_Plus_BOT,34,LEFT_B,4,6785816204660651113,HQL_Plus_BOT,EBot_F,3,1,0,1,3,4,
