pair_id,round_idx,side,runs,seed,left,right,p1_wins,p2_wins,draws,mapped_a_wins,mapped_b_wins,games,avg_ms
EBot_C_vs_Nangert_submission_v4,0,LEFT_A,4,550669278346888371,EBot_C,grpc:Nangert_submission_v4,4,0,0,4,0,4,
EBot_C_vs_Nangert_submission_v4,0,LEFT_B,4,607648623147196586,grpc:Nangert_submission_v4,EBot_C,1,3,0,3,1,4,
EBot_C_vs_Nangert_submission_v4,1,LEFT_A,4,10833965677695121319,EBot_C,grpc:Nangert_submission_v4,4,0,0,4,0,4,
EBot_C_vs_Nangert_submission_v4,1,LEFT_B,4,13543543208463785623,grpc:Nangert_submission_v4,EBot_C,1,3,0,3,1,4,
EBot_C_vs_Nangert_submission_v4,2,LEFT_A,4,2505507062175126049,EBot_C,grpc:Nangert_submission_v4,4,0,0,4,0,4,
EBot_C_vs_Nangert_submission_v4,2,LEFT_B,4,2135987895961485935,grpc:Nangert_submission_v4,EBot_C,3,1,0,1,3,4,
EBot_C_vs_Nangert_submission_v4,3,LEFT_A,4,10548985597817470651,EBot_C,grpc:Nangert_submission_v4,4,0,0,4,0,4,
EBot_C_vs_Nangert_submission_v4,3,LEFT_B,4,8866305558443763498,grpc:Nangert_submission_v4,EBot_C,3,1,0,1,3,4,
EBot_C_vs_Nangert_submission_v4,4,LEFT_A,4,9877059274716994429,EBot_C,grpc:Nangert_submission_v4,4,0,0,4,0,4,
EBot_C_vs_Nangert_submission_v4,4,LEFT_B,4,11681973778796098100,grpc:Nangert_submission_v4,EBot_C,1,3,0,3,1,4,
EBot_C_vs_Nangert_submission_v4,5,LEFT_A,4,5486822135729383405,EBot_C,grpc:Nangert_submission_v4,4,0,0,4,0,4,
EBot_C_vs_Nangert_submission_v4,5,LEFT_B,4,4711090311535819662,grpc:Nangert_submission_v4,EBot_C,4,0,0,0,4,4,
EBot_C_vs_Nangert_submission_v4,6,LEFT_A,4,2893058858993467748,EBot_C,grpc:Nangert_submission_v4,3,1,0,3,1,4,
EBot_C_vs_Nangert_submission_v4,6,LEFT_B,4,13935375944394984314,grpc:Nangert_submission_v4,EBot_C,2,2,0,2,2,4,
EBot_C_vs_Nangert_submission_v4,7,LEFT_A,4,14626337520313847191,EBot_C,grpc:Nangert_submission_v4,4,0,0,4,0,4,
EBot_C_vs_Nangert_submission_v4,7,LEFT_B,4,1215152411550287120,grpc:Nangert_submission_v4,EBot_C,3,1,0,1,3,4,
EBot_C_vs_Nangert_submission_v4,8,LEFT_A,4,7934500515409261881,EBot_C,grpc:Nangert_submission_v4,4,0,0,4,0,4,
EBot_C_vs_Nangert_submission_v4,8,LEFT_B,4,4614144728447582746,grpc:Nangert_submission_v4,EBot_C,4,0,0,0,4,4,
EBot_C_vs_Nangert_submission_v4,9,LEFT_A,4,17645072871681446445,EBot_C,grpc:Nangert_submission_v4,4,0,0,4,0,4,
EBot_C_vs_Nangert_submission_v4,9,LEFT_B,4,7321430016668287606,grpc:Nangert_submission_v4,EBot_C,4,0,0,0,4,4,
EBot_C_vs_Nangert_submission_v4,10,LEFT_A,4,5389881845181988565,EBot_C,grpc:Nangert_submission_v4,3,1,0,3,1,4,
EBot_C_vs_Nangert_submission_v4,10,LEFT_B,4,13406204944864128261,grpc:Nangert_submission_v4,EBot_C,3,1,0,1,3,4,
EBot_C_vs_Nangert_submission_v4,11,LEFT_A,4,6258835527738235081,EBot_C,grpc:Nangert_submission_v4,2,2,0,2,2,4,
EBot_C_vs_Nangert_submission_v4,11,LEFT_B,4,5387749652381654944,grpc:Nangert_submission_v4,EBot_C,3,1,0,1,3,4,
EBot_C_vs_Nangert_submission_v4,12,LEFT_A,4,5281191830616920046,EBot_C,grpc:Nangert_submission_v4,3,1,0,3,1,4,
EBot_C_vs_Nangert_submission_v4,12,LEFT_B,4,12511539407664863928,grpc:Nangert_submission_v4,EBot_C,2,2,0,2,2,4,
EBot_C_vs_Nangert_submission_v4,13,LEFT_A,4,17904663584974185323,EBot_C,grpc:Nangert_submission_v4,4,0,0,4,0,4,
EBot_C_vs_Nangert_submission_v4,13,LEFT_B,4,6532399525882634556,grpc:Nangert_submission_v4,EBot_C,2,2,0,2,2,4,
EBot_C_vs_Nangert_submission_v4,14,LEFT_A,4,9462657746184512909,EBot_C,grpc:Nangert_submission_v4,4,0,0,4,0,4,
EBot_C_vs_Nangert_submission_v4,14,LEFT_B,4,13310076301163457603,grpc:Nangert_submission_v4,EBot_C,2,2,0,2,2,4,
EBot_C_vs_Nangert_submission_v4,15,LEFT_A,4,1954102604887998183,EBot_C,grpc:Nangert_submission_v4,3,1,0,3,1,4,
EBot_C_vs_Nangert_submission_v4,15,LEFT_B,4,13246039288138890981,grpc:Nangert_submission_v4,EBot_C,3,1,0,1,3,4,
EBot_C_vs_Nangert_submission_v4,16,LEFT_A,4,4281859322499895299,EBot_C,grpc:Nangert_submission_v4,3,1,0,3,1,4,
EBot_C_vs_Nangert_submission_v4,16,LEFT_B,4,4685536338123495830,grpc:Nangert_submission_v4,EBot_C,1,3,0,3,1,4,
EBot_C_vs_Nangert_submission_v4,17,LEFT_A,4,17392172983683082835,EBot_C,grpc:Nangert_submission_v4,3,1,0,3,1,4,
EBot_C_vs_Nangert_submission_v4,17,LEFT_B,4,11990035016627990406,grpc:Nangert_submission_v4,EBot_C,2,2,0,2,2,4,
EBot_C_vs_Nangert_submission_v4,18,LEFT_A,4,3711523096277926607,EBot_C,grpc:Nangert_submission_v4,4,0,0,4,0,4,
EBot_C_vs_Nangert_submission_v4,18,LEFT_B,4,15001634967562663502,grpc:Nangert_submission_v4,EBot_C,2,2,0,2,2,4,
EBot_C_vs_Nangert_submission_v4,19,LEFT_A,4,4541699400573846233,EBot_C,grpc:Nangert_submission_v4,4,0,0,4,0,4,
EBot_C_vs_Nangert_submission_v4,19,LEFT_B,4,5192977103409374470,grpc:Nangert_submission_v4,EBot_C,3,1,0,1,3,4,
EBot_C_vs_Nangert_submission_v4,20,LEFT_A,4,3538955702763551478,EBot_C,grpc:Nangert_submission_v4,4,0,0,4,0,4,
EBot_C_vs_Nangert_submission_v4,20,LEFT_B,4,11616297425495012751,grpc:Nangert_submission_v4,EBot_C,4,0,0,0,4,4,
EBot_C_vs_Nangert_submission_v4,21,LEFT_A,4,15254568344993697081,EBot_C,grpc:Nangert_submission_v4,4,0,0,4,0,4,
EBot_C_vs_Nangert_submission_v4,21,LEFT_B,4,10100656051797733503,grpc:Nangert_submission_v4,EBot_C,2,2,0,2,2,4,
EBot_C_vs_Nangert_submission_v4,22,LEFT_A,4,11689241808021061664,EBot_C,grpc:Nangert_submission_v4,4,0,0,4,0,4,
EBot_C_vs_Nangert_submission_v4,22,LEFT_B,4,10385645655117904666,grpc:Nangert_submission_v4,EBot_C,1,3,0,3,1,4,
EBot_C_vs_Nangert_submission_v4,23,LEFT_A,4,5436855593294513973,EBot_C,grpc:Nangert_submission_v4,4,0,0,4,0,4,
EBot_C_vs_Nangert_submission_v4,23,LEFT_B,4,2554879861965360886,grpc:Nangert_submission_v4,EBot_C,3,1,0,1,3,4,
EBot_C_vs_Nangert_submission_v4,24,LEFT_A,4,14336754045485250102,EBot_C,grpc:Nangert_submission_v4,4,0,0,4,0,4,
EBot_C_vs_Nangert_submission_v4,24,LEFT_B,4,2892740822036499574,grpc:Nangert_submission_v4,EBot_C,4,0,0,0,4,4,
EBot_C_vs_Nangert_submission_v4,25,LEFT_A,4,9395094775423377925,EBot_C,grpc:Nangert_submission_v4,4,0,0,4,0,4,
EBot_C_vs_Nangert_submission_v4,25,LEFT_B,4,464186430278474863,grpc:Nangert_submission_v4,EBot_C,2,2,0,2,2,4,
EBot_C_vs_Nangert_submission_v4,26,LEFT_A,4,7827758751705652639,EBot_C,grpc:Nangert_submission_v4,3,1,0,3,1,4,
EBot_C_vs_Nangert_submission_v4,26,LEFT_B,4,6773536471469094624,grpc:Nangert_submission_v4,EBot_C,1,3,0,3,1,4,
EBot_C_vs_Nangert_submission_v4,27,LEFT_A,4,848557326865435336,EBot_C,grpc:Nangert_submission_v4,2,2,0,2,2,4,
EBot_C_vs_Nangert_submission_v4,27,LEFT_B,4,4685138504993804441,grpc:Nangert_submission_v4,EBot_C,3,1,0,1,3,4,
EBot_C_vs_Nangert_submission_v4,28,LEFT_A,4,9819370760349272549,EBot_C,grpc:Nangert_submission_v4,3,1,0,3,1,4,
EBot_C_vs_Nangert_submission_v4,28,LEFT_B,4,2277912469160355734,grpc:Nangert_submission_v4,EBot_C,3,1,0,1,3,4,
EBot_C_vs_Nangert_submission_v4,29,LEFT_A,4,3861402971733558717,EBot_C,grpc:Nangert_submission_v4,4,0,0,4,0,4,
EBot_C_vs_Nangert_submission_v4,29,LEFT_B,4,7834931192577421336,grpc:Nangert_submission_v4,EBot_C,2,2,0,2,2,4,
EBot_C_vs_Nangert_submission_v4,30,LEFT_A,4,6862182260970057425,EBot_C,grpc:Nangert_submission_v4,3,1,0,3,1,4,
EBot_C_vs_Nangert_submission_v4,30,LEFT_B,4,12395375224991745102,grpc:Nangert_submission_v4,EBot_C,1,3,0,3,1,4,
EBot_C_vs_Nangert_submission_v4,31,LEFT_A,4,3624295552853023663,EBot_C,grpc:Nangert_submission_v4,4,0,0,4,0,4,
EBot_C_vs_Nangert_submission_v4,31,LEFT_B,4,7452456322117048719,grpc:Nangert_submission_v4,EBot_C,2,2,0,2,2,4,
EBot_C_vs_Nangert_submission_v4,32,LEFT_A,4,7225656994493484598,EBot_C,grpc:Nangert_submission_v4,3,1,0,3,1,4,
EBot_C_vs_Nangert_submission_v4,32,LEFT_B,4,14249818775268516315,grpc:Nangert_submission_v4,EBot_C,0,4,0,4,0,4,
EBot_C_vs_Nangert_submission_v4,33,LEFT_A,4,17220206292407413715,EBot_C,grpc:Nangert_submission_v4,4,0,0,4,0,4,
EBot_C_vs_Nangert_submission_v4,33,LEFT_B,4,13597633743660407364,grpc:Nangert_submission_v4,EBot_C,2,2,0,2,2,4,
EBot_C_vs_Nangert_submission_v4,34,LEFT_A,4,4297466788892131381,EBot_C,grpc:Nangert_submission_v4,3,1,0,3,1,4,
EBot_C_vs_Nangert_submission_v4,34,LEFT_B,4,12680590413022826589,grpc:Nangert_submission_v4,EBot_C,3,1,0,1,3,4,
