pair_id,round_idx,side,runs,seed,left,right,p1_wins,p2_wins,draws,mapped_a_wins,mapped_b_wins,games,avg_ms
HQL_Plus_BOT_vs_MaltheMCTS,0,LEFT_A,4,12229057886033471745,HQL_Plus_BOT,MaltheMCTS,3,1,0,3,1,4,
HQL_Plus_BOT_vs_MaltheMCTS,0,LEFT_B,4,14198885348096401679,MaltheMCTS,HQL_Plus_BOT,1,3,0,3,1,4,
HQL_Plus_BOT_vs_MaltheMCTS,1,LEFT_A,4,13832271928368269063,HQL_Plus_BOT,MaltheMCTS,3,1,0,3,1,4,
HQL_Plus_BOT_vs_MaltheMCTS,1,LEFT_B,4,1627398387421040224,MaltheMCTS,HQL_Plus_BOT,0,4,0,4,0,4,
HQL_Plus_BOT_vs_MaltheMCTS,2,LEFT_A,4,9264133000399515854,HQL_Plus_BOT,MaltheMCTS,4,0,0,4,0,4,
HQL_Plus_BOT_vs_MaltheMCTS,2,LEFT_B,4,662198372357537261,MaltheMCTS,HQL_Plus_BOT,0,4,0,4,0,4,
HQL_Plus_BOT_vs_MaltheMCTS,3,LEFT_A,4,15011136468120432928,HQL_Plus_BOT,MaltheMCTS,4,0,0,4,0,4,
HQL_Plus_BOT_vs_MaltheMCTS,3,LEFT_B,4,6629456831453014536,MaltheMCTS,HQL_Plus_BOT,2,2,0,2,2,4,
HQL_Plus_BOT_vs_MaltheMCTS,4,LEFT_A,4,1488542198211972680,HQL_Plus_BOT,MaltheMCTS,2,2,0,2,2,4,
HQL_Plus_BOT_vs_MaltheMCTS,4,LEFT_B,4,3336749271026545618,MaltheMCTS,HQL_Plus_BOT,0,4,0,4,0,4,
HQL_Plus_BOT_vs_MaltheMCTS,5,LEFT_A,4,17202263806780594698,HQL_Plus_BOT,MaltheMCTS,4,0,0,4,0,4,
HQL_Plus_BOT_vs_MaltheMCTS,5,LEFT_B,4,12795674585501102440,MaltheMCTS,HQL_Plus_BOT,0,4,0,4,0,4,
HQL_Plus_BOT_vs_MaltheMCTS,6,LEFT_A,4,4404130747836950267,HQL_Plus_BOT,MaltheMCTS,3,1,0,3,1,4,
HQL_Plus_BOT_vs_MaltheMCTS,6,LEFT_B,4,17740313397064682044,MaltheMCTS,HQL_Plus_BOT,0,4,0,4,0,4,
HQL_Plus_BOT_vs_MaltheMCTS,7,LEFT_A,4,7013370650694441994,HQL_Plus_BOT,MaltheMCTS,4,0,0,4,0,4,
HQL_Plus_BOT_vs_MaltheMCTS,7,LEFT_B,4,9496318298285504160,MaltheMCTS,HQL_Plus_BOT,1,3,0,3,1,4,
HQL_Plus_BOT_vs_MaltheMCTS,8,LEFT_A,4,10264351414473106225,HQL_Plus_BOT,MaltheMCTS,3,1,0,3,1,4,
HQL_Plus_BOT_vs_MaltheMCTS,8,LEFT_B,4,11249380030728258308,MaltheMCTS,HQL_Plus_BOT,0,4,0,4,0,4,
HQL_Plus_BOT_vs_MaltheMCTS,9,LEFT_A,4,16794239043528082300,HQL_Plus_BOT,MaltheMCTS,4,0,0,4,0,4,
HQL_Plus_BOT_vs_MaltheMCTS,9,LEFT_B,4,17697436035748477113,MaltheMCTS,HQL_Plus_BOT,0,4,0,4,0,4,
HQL_Plus_BOT_vs_MaltheMCTS,10,LEFT_A,4,17898585792972545774,HQL_Plus_BOT,MaltheMCTS,4,0,0,4,0,4,
HQL_Plus_BOT_vs_MaltheMCTS,10,LEFT_B,4,8182403869081099823,MaltheMCTS,HQL_Plus_BOT,0,4,0,4,0,4,
HQL_Plus_BOT_vs_MaltheMCTS,11,LEFT_A,4,4107834040029850143,HQL_Plus_BOT,MaltheMCTS,2,2,0,2,2,4,
HQL_Plus_BOT_vs_MaltheMCTS,11,LEFT_B,4,17922809049075114204,MaltheMCTS,HQL_Plus_BOT,0,4,0,4,0,4,
HQL_Plus_BOT_vs_MaltheMCTS,12,LEFT_A,4,16038447606117604630,HQL_Plus_BOT,MaltheMCTS,4,0,0,4,0,4,
HQL_Plus_BOT_vs_MaltheMCTS,12,LEFT_B,4,5239665302305875579,MaltheMCTS,HQL_Plus_BOT,2,2,0,2,2,4,
HQL_Plus_BOT_vs_MaltheMCTS,13,LEFT_A,4,6181513138412680457,HQL_Plus_BOT,MaltheMCTS,3,1,0,3,1,4,
HQL_Plus_BOT_vs_MaltheMCTS,13,LEFT_B,4,2164903123896878960,MaltheMCTS,HQL_Plus_BOT,0,4,0,4,0,4,
HQL_Plus_BOT_vs_MaltheMCTS,14,LEFT_A,4,17663663240310414344,HQL_Plus_BOT,MaltheMCTS,4,0,0,4,0,4,
HQL_Plus_BOT_vs_MaltheMCTS,14,LEFT_B,4,5480132198933742494,MaltheMCTS,HQL_Plus_BOT,0,4,0,4,0,4,
HQL_Plus_BOT_vs_MaltheMCTS,15,LEFT_A,4,6511438486442373079,HQL_Plus_BOT,MaltheMCTS,4,0,0,4,0,4,
HQL_Plus_BOT_vs_MaltheMCTS,15,LEFT_B,4,14906149400916166843,MaltheMCTS,HQL_Plus_BOT,1,3,0,3,1,4,
HQL_Plus_BOT_vs_MaltheMCTS,16,LEFT_A,4,17046790706108464960,HQL_Plus_BOT,MaltheMCTS,4,0,0,4,0,4,
HQL_Plus_BOT_vs_MaltheMCTS,16,LEFT_B,4,3694492548152411760,MaltheMCTS,HQL_Plus_BOT,0,4,0,4,0,4,
HQL_Plus_BOT_vs_MaltheMCTS,17,LEFT_A,4,12014043707001327471,HQL_Plus_BOT,MaltheMCTS,2,2,0,2,2,4,
HQL_Plus_BOT_vs_MaltheMCTS,17,LEFT_B,4,9808830095955021358,MaltheMCTS,HQL_Plus_BOT,2,2,0,2,2,4,
HQL_Plus_BOT_vs_MaltheMCTS,18,LEFT_A,4,15796028799668611389,HQL_Plus_BOT,MaltheMCTS,4,0,0,4,0,4,
HQL_Plus_BOT_vs_MaltheMCTS,18,LEFT_B,4,3929269287643381508,MaltheMCTS,HQL_Plus_BOT,1,3,0,3,1,4,
HQL_Plus_BOT_vs_MaltheMCTS,19,LEFT_A,4,10252270945428784900,HQL_Plus_BOT,MaltheMCTS,3,1,0,3,1,4,
HQL_Plus_BOT_vs_MaltheMCTS,19,LEFT_B,4,781906112395337224,MaltheMCTS,HQL_Plus_BOT,0,4,0,4,0,4,
HQL_Plus_BOT_vs_MaltheMCTS,20,LEFT_A,4,8211267506184756721,HQL_Plus_BOT,MaltheMCTS,3,1,0,3,1,4,
HQL_Plus_BOT_vs_MaltheMCTS,20,LEFT_B,4,9759026916658371100,MaltheMCTS,HQL_Plus_BOT,1,3,0,3,1,4,
HQL_Plus_BOT_vs_MaltheMCTS,21,LEFT_A,4,1391628982845715950,HQL_Plus_BOT,MaltheMCTS,4,0,0,4,0,4,
HQL_Plus_BOT_vs_MaltheMCTS,21,LEFT_B,4,270343012784729201,MaltheMCTS,HQL_Plus_BOT,2,2,0,2,2,4,
HQL_Plus_BOT_vs_MaltheMCTS,22,LEFT_A,4,3402857868648986399,HQL_Plus_BOT,MaltheMCTS,4,0,0,4,0,4,
HQL_Plus_BOT_vs_MaltheMCTS,22,LEFT_B,4,1023546779928468262,MaltheMCTS,HQL_Plus_BOT,0,4,0,4,0,4,
HQL_Plus_BOT_vs_MaltheMCTS,23,LEFT_A,4,15226224675952281801,HQL_Plus_BOT,MaltheMCTS,3,1,0,3,1,4,
HQL_Plus_BOT_vs_MaltheMCTS,23,LEFT_B,4,3906479922320367123,MaltheMCTS,HQL_Plus_BOT,1,3,0,3,1,4,
HQL_Plus_BOT_vs_MaltheMCTS,24,LEFT_A,4,6961597311677036310,HQL_Plus_BOT,MaltheMCTS,4,0,0,4,0,4,
HQL_Plus_BOT_vs_MaltheMCTS,24,LEFT_B,4,13369682435051002202,MaltheMCTS,HQL_Plus_BOT,0,4,0,4,0,4,
HQL_Plus_BOT_vs_MaltheMCTS,25,LEFT_A,4,9799118508986245804,HQL_Plus_BOT,MaltheMCTS,3,1,0,3,1,4,
HQL_Plus_BOT_vs_MaltheMCTS,25,LEFT_B,4,6419475411285351704,MaltheMCTS,HQL_Plus_BOT,2,2,0,2,2,4,
HQL_Plus_BOT_vs_MaltheMCTS,26,LEFT_A,4,1425222016832148436,HQL_Plus_BOT,MaltheMCTS,4,0,0,4,0,4,
HQL_Plus_BOT_vs_MaltheMCTS,26,LEFT_B,4,1957554270605945503,MaltheMCTS,HQL_Plus_BOT,0,4,0,4,0,4,
HQL_Plus_BOT_vs_MaltheMCTS,27,LEFT_A,4,4646351730048532843,HQL_Plus_BOT,MaltheMCTS,3,1,0,3,1,4,
HQL_Plus_BOT_vs_MaltheMCTS,27,LEFT_B,4,3806936164988429357,MaltheMCTS,HQL_Plus_BOT,1,3,0,3,1,4,
HQL_Plus_BOT_vs_MaltheMCTS,28,LEFT_A,4,6297762120682639324,HQL_Plus_BOT,MaltheMCTS,4,0,0,4,0,4,
HQL_Plus_BOT_vs_MaltheMCTS,28,LEFT_B,4,13857874201060661939,MaltheMCTS,HQL_Plus_BOT,0,4,0,4,0,4,
HQL_Plus_BOT_vs_MaltheMCTS,29,LEFT_A,4,8684598851274035640,HQL_Plus_BOT,MaltheMCTS,3,1,0,3,1,4,
HQL_Plus_BOT_vs_MaltheMCTS,29,LEFT_B,4,12062339329062076936,MaltheMCTS,HQL_Plus_BOT,0,4,0,4,0,4,
HQL_Plus_BOT_vs_MaltheMCTS,30,LEFT_A,4,5242708402574190900,HQL_Plus_BOT,MaltheMCTS,4,0,0,4,0,4,
HQL_Plus_BOT_vs_MaltheMCTS,30,LEFT_B,4,3951696191519314494,MaltheMCTS,HQL_Plus_BOT,1,3,0,3,1,4,
HQL_Plus_BOT_vs_MaltheMCTS,31,LEFT_A,4,6694003250638941549,HQL_Plus_BOT,MaltheMCTS,4,0,0,4,0,4,
HQL_Plus_BOT_vs_MaltheMCTS,31,LEFT_B,4,17922031852901998853,MaltheMCTS,HQL_Plus_BOT,0,4,0,4,0,4,
HQL_Plus_BOT_vs_MaltheMCTS,32,LEFT_A,4,16285152778007422691,HQL_Plus_BOT,MaltheMCTS,3,1,0,3,1,4,
HQL_Plus_BOT_vs_MaltheMCTS,32,LEFT_B,4,9414806965236155131,MaltheMCTS,HQL_Plus_BOT,1,3,0,3,1,4,
HQL_Plus_BOT_vs_MaltheMCTS,33,LEFT_A,4,9284422566667453598,HQL_Plus_BOT,MaltheMCTS,3,1,0,3,1,4,
HQL_Plus_BOT_vs_MaltheMCTS,33,LEFT_B,4,12389307944042438578,MaltheMCTS,HQL_Plus_BOT,1,3,0,3,1,4,
HQL_Plus_BOT_vs_MaltheMCTS,34,LEFT_A,4,3811388177894817811,HQL_Plus_BOT,MaltheMCTS,4,0,0,4,0,4,
HQL_Plus_BOT_vs_MaltheMCTS,34,LEFT_B,4,15497103617987256068,MaltheMCTS,HQL_Plus_BOT,0,4,0,4,0,4,
