pair_id,round_idx,side,runs,seed,left,right,p1_wins,p2_wins,draws,mapped_a_wins,mapped_b_wins,games,avg_ms
HQL_Plus_BOT_vs_ZMyBot,0,LEFT_A,4,12839786300410431666,HQL_Plus_BOT,grpc:ZMyBot,4,0,0,4,0,4,
HQL_Plus_BOT_vs_ZMyBot,0,LEFT_B,4,8306392386667586453,grpc:ZMyBot,HQL_Plus_BOT,0,4,0,4,0,4,
HQL_Plus_BOT_vs_ZMyBot,1,LEFT_A,4,17059219426105512418,HQL_Plus_BOT,grpc:ZMyBot,4,0,0,4,0,4,
HQL_Plus_BOT_vs_ZMyBot,1,LEFT_B,4,9649409975243991273,grpc:ZMyBot,HQL_Plus_BOT,0,4,0,4,0,4,
HQL_Plus_BOT_vs_ZMyBot,2,LEFT_A,4,1991396998162856852,HQL_Plus_BOT,grpc:ZMyBot,4,0,0,4,0,4,
HQL_Plus_BOT_vs_ZMyBot,2,LEFT_B,4,15344125624381664340,grpc:ZMyBot,HQL_Plus_BOT,0,4,0,4,0,4,
HQL_Plus_BOT_vs_ZMyBot,3,LEFT_A,4,5518456036170247248,HQL_Plus_BOT,grpc:ZMyBot,4,0,0,4,0,4,
HQL_Plus_BOT_vs_ZMyBot,3,LEFT_B,4,12827169968366598191,grpc:ZMyBot,HQL_Plus_BOT,1,3,0,3,1,4,
HQL_Plus_BOT_vs_ZMyBot,4,LEFT_A,4,16410935786650466205,HQL_Plus_BOT,grpc:ZMyBot,4,0,0,4,0,4,
HQL_Plus_BOT_vs_ZMyBot,4,LEFT_B,4,6535033985056155749,grpc:ZMyBot,HQL_Plus_BOT,0,4,0,4,0,4,
HQL_Plus_BOT_vs_ZMyBot,5,LEFT_A,4,14262059038912245859,HQL_Plus_BOT,grpc:ZMyBot,4,0,0,4,0,4,
HQL_Plus_BOT_vs_ZMyBot,5,LEFT_B,4,8239088137771387292,grpc:ZMyBot,HQL_Plus_BOT,0,4,0,4,0,4,
HQL_Plus_BOT_vs_ZMyBot,6,LEFT_A,4,18356482323169141480,HQL_Plus_BOT,grpc:ZMyBot,4,0,0,4,0,4,
HQL_Plus_BOT_vs_ZMyBot,6,LEFT_B,4,1218876920512223093,grpc:ZMyBot,HQL_Plus_BOT,0,4,0,4,0,4,
HQL_Plus_BOT_vs_ZMyBot,7,LEFT_A,4,17438767712545176017,HQL_Plus_BOT,grpc:ZMyBot,4,0,0,4,0,4,
HQL_Plus_BOT_vs_ZMyBot,7,LEFT_B,4,10025693187153391399,grpc:ZMyBot,HQL_Plus_BOT,0,4,0,4,0,4,
HQL_Plus_BOT_vs_ZMyBot,8,LEFT_A,4,13918572564360490058,HQL_Plus_BOT,grpc:ZMyBot,4,0,0,4,0,4,
HQL_Plus_BOT_vs_ZMyBot,8,LEFT_B,4,6225416574807547426,grpc:ZMyBot,HQL_Plus_BOT,0,4,0,4,0,4,
HQL_Plus_BOT_vs_ZMyBot,9,LEFT_A,4,12807104763493611517,HQL_Plus_BOT,grpc:ZMyBot,4,0,0,4,0,4,
HQL_Plus_BOT_vs_ZMyBot,9,LEFT_B,4,9374843147292054375,grpc:ZMyBot,HQL_Plus_BOT,1,3,0,3,1,4,
HQL_Plus_BOT_vs_ZMyBot,10,LEFT_A,4,7534665592499677366,HQL_Plus_BOT,grpc:ZMyBot,4,0,0,4,0,4,
HQL_Plus_BOT_vs_ZMyBot,10,LEFT_B,4,3868659095653627457,grpc:ZMyBot,HQL_Plus_BOT,0,4,0,4,0,4,
HQL_Plus_BOT_vs_ZMyBot,11,LEFT_A,4,10168961784798855802,HQL_Plus_BOT,grpc:ZMyBot,4,0,0,4,0,4,
HQL_Plus_BOT_vs_ZMyBot,11,LEFT_B,4,449223855578990814,grpc:ZMyBot,HQL_Plus_BOT,0,4,0,4,0,4,
HQL_Plus_BOT_vs_ZMyBot,12,LEFT_A,4,4142368857289777929,HQL_Plus_BOT,grpc:ZMyBot,4,0,0,4,0,4,
HQL_Plus_BOT_vs_ZMyBot,12,LEFT_B,4,11378342002817386621,grpc:ZMyBot,HQL_Plus_BOT,0,4,0,4,0,4,
HQL_Plus_BOT_vs_ZMyBot,13,LEFT_A,4,15342922566301624705,HQL_Plus_BOT,grpc:ZMyBot,4,0,0,4,0,4,
HQL_Plus_BOT_vs_ZMyBot,13,LEFT_B,4,12409018450803070271,grpc:ZMyBot,HQL_Plus_BOT,0,4,0,4,0,4,
HQL_Plus_BOT_vs_ZMyBot,14,LEFT_A,4,15640621615456471847,HQL_Plus_BOT,grpc:ZMyBot,4,0,0,4,0,4,
HQL_Plus_BOT_vs_ZMyBot,14,LEFT_B,4,15221375373997479171,grpc:ZMyBot,HQL_Plus_BOT,0,4,0,4,0,4,
HQL_Plus_BOT_vs_ZMyBot,15,LEFT_A,4,206292293288268559,HQL_Plus_BOT,grpc:ZMyBot,4,0,0,4,0,4,
HQL_Plus_BOT_vs_ZMyBot,15,LEFT_B,4,9161738482163264201,grpc:ZMyBot,HQL_Plus_BOT,0,4,0,4,0,4,
HQL_Plus_BOT_vs_ZMyBot,16,LEFT_A,4,14874301647710005275,HQL_Plus_BOT,grpc:ZMyBot,4,0,0,4,0,4,
HQL_Plus_BOT_vs_ZMyBot,16,LEFT_B,4,3912142361144963395,grpc:ZMyBot,HQL_Plus_BOT,0,4,0,4,0,4,
HQL_Plus_BOT_vs_ZMyBot,17,LEFT_A,4,5973238541008511721,HQL_Plus_BOT,grpc:ZMyBot,4,0,0,4,0,4,
HQL_Plus_BOT_vs_ZMyBot,17,LEFT_B,4,1803881581503549351,grpc:ZMyBot,HQL_Plus_BOT,0,4,0,4,0,4,
HQL_Plus_BOT_vs_ZMyBot,18,LEFT_A,4,3194365443858682849,HQL_Plus_BOT,grpc:ZMyBot,4,0,0,4,0,4,
HQL_Plus_BOT_vs_ZMyBot,18,LEFT_B,4,8179968761910776062,grpc:ZMyBot,HQL_Plus_BOT,0,4,0,4,0,4,
HQL_Plus_BOT_vs_ZMyBot,19,LEFT_A,4,1743370317101519799,HQL_Plus_BOT,grpc:ZMyBot,3,1,0,3,1,4,
HQL_Plus_BOT_vs_ZMyBot,19,LEFT_B,4,5176549216529282506,grpc:ZMyBot,HQL_Plus_BOT,1,3,0,3,1,4,
HQL_Plus_BOT_vs_ZMyBot,20,LEFT_A,4,17358612899689491979,HQL_Plus_BOT,grpc:ZMyBot,4,0,0,4,0,4,
HQL_Plus_BOT_vs_ZMyBot,20,LEFT_B,4,12489509099980138285,grpc:ZMyBot,HQL_Plus_BOT,0,4,0,4,0,4,
HQL_Plus_BOT_vs_ZMyBot,21,LEFT_A,4,10778406749384821718,HQL_Plus_BOT,grpc:ZMyBot,4,0,0,4,0,4,
HQL_Plus_BOT_vs_ZMyBot,21,LEFT_B,4,14827929851970699120,grpc:ZMyBot,HQL_Plus_BOT,0,4,0,4,0,4,
HQL_Plus_BOT_vs_ZMyBot,22,LEFT_A,4,5100409488333374716,HQL_Plus_BOT,grpc:ZMyBot,4,0,0,4,0,4,
HQL_Plus_BOT_vs_ZMyBot,22,LEFT_B,4,11549171005078023681,grpc:ZMyBot,HQL_Plus_BOT,0,4,0,4,0,4,
HQL_Plus_BOT_vs_ZMyBot,23,LEFT_A,4,12556289685504939485,HQL_Plus_BOT,grpc:ZMyBot,4,0,0,4,0,4,
HQL_Plus_BOT_vs_ZMyBot,23,LEFT_B,4,15052718896771210497,grpc:ZMyBot,HQL_Plus_BOT,0,4,0,4,0,4,
HQL_Plus_BOT_vs_ZMyBot,24,LEFT_A,4,13968669088353914700,HQL_Plus_BOT,grpc:ZMyBot,2,2,0,2,2,4,
HQL_Plus_BOT_vs_ZMyBot,24,LEFT_B,4,17156349831887310806,grpc:ZMyBot,HQL_Plus_BOT,0,4,0,4,0,4,
HQL_Plus_BOT_vs_ZMyBot,25,LEFT_A,4,5193580800605112898,HQL_Plus_BOT,grpc:ZMyBot,3,1,0,3,1,4,
HQL_Plus_BOT_vs_ZMyBot,25,LEFT_B,4,3942222310815825658,grpc:ZMyBot,HQL_Plus_BOT,0,4,0,4,0,4,
HQL_Plus_BOT_vs_ZMyBot,26,LEFT_A,4,8369763386757983970,HQL_Plus_BOT,grpc:ZMyBot,4,0,0,4,0,4,
HQL_Plus_BOT_vs_ZMyBot,26,LEFT_B,4,657034364392012743,grpc:ZMyBot,HQL_Plus_BOT,0,4,0,4,0,4,
HQL_Plus_BOT_vs_ZMyBot,27,LEFT_A,4,6787519436660470378,HQL_Plus_BOT,grpc:ZMyBot,4,0,0,4,0,4,
HQL_Plus_BOT_vs_ZMyBot,27,LEFT_B,4,11388853874538509187,grpc:ZMyBot,HQL_Plus_BOT,0,4,0,4,0,4,
HQL_Plus_BOT_vs_ZMyBot,28,LEFT_A,4,12980963911500957741,HQL_Plus_BOT,grpc:ZMyBot,4,0,0,4,0,4,
HQL_Plus_BOT_vs_ZMyBot,28,LEFT_B,4,14497576369804785395,grpc:ZMyBot,HQL_Plus_BOT,0,4,0,4,0,4,
HQL_Plus_BOT_vs_ZMyBot,29,LEFT_A,4,13505097420577515143,HQL_Plus_BOT,grpc:ZMyBot,4,0,0,4,0,4,
HQL_Plus_BOT_vs_ZMyBot,29,LEFT_B,4,2100510234870753341,grpc:ZMyBot,HQL_Plus_BOT,0,4,0,4,0,4,
HQL_Plus_BOT_vs_ZMyBot,30,LEFT_A,4,10128091902599087318,HQL_Plus_BOT,grpc:ZMyBot,4,0,0,4,0,4,
HQL_Plus_BOT_vs_ZMyBot,30,LEFT_B,4,8436163313445949635,grpc:ZMyBot,HQL_Plus_BOT,0,4,0,4,0,4,
HQL_Plus_BOT_vs_ZMyBot,31,LEFT_A,4,1339179296020047258,HQL_Plus_BOT,grpc:ZMyBot,3,1,0,3,1,4,
HQL_Plus_BOT_vs_ZMyBot,31,LEFT_B,4,5659180758521203862,grpc:ZMyBot,HQL_Plus_BOT,0,4,0,4,0,4,
HQL_Plus_BOT_vs_ZMyBot,32,LEFT_A,4,17320405740365199408,HQL_Plus_BOT,grpc:ZMyBot,3,1,0,3,1,4,
HQL_Plus_BOT_vs_ZMyBot,32,LEFT_B,4,5532507665939541485,grpc:ZMyBot,HQL_Plus_BOT,0,4,0,4,0,4,
HQL_Plus_BOT_vs_ZMyBot,33,LEFT_A,4,2138985746073197577,HQL_Plus_BOT,grpc:ZMyBot,4,0,0,4,0,4,
HQL_Plus_BOT_vs_ZMyBot,33,LEFT_B,4,16547897146934587892,grpc:ZMyBot,HQL_Plus_BOT,0,4,0,4,0,4,
HQL_Plus_BOT_vs_ZMyBot,34,LEFT_A,4,4767413739318409132,HQL_Plus_BOT,grpc:ZMyBot,4,0,0,4,0,4,
HQL_Plus_BOT_vs_ZMyBot,34,LEFT_B,4,5705272030554782899,grpc:ZMyBot,HQL_Plus_BOT,0,4,0,4,0,4,
