pair_id,round_idx,side,runs,seed,left,right,p1_wins,p2_wins,draws,mapped_a_wins,mapped_b_wins,games,avg_ms
HQL_Plus_BOT_vs_SakkirinaSolo,0,LEFT_A,4,4079140986736353526,HQL_Plus_BOT,SakkirinaSolo,3,1,0,3,1,4,
HQL_Plus_BOT_vs_SakkirinaSolo,0,LEFT_B,4,10604093201529436786,SakkirinaSolo,HQL_Plus_BOT,2,2,0,2,2,4,
HQL_Plus_BOT_vs_SakkirinaSolo,1,LEFT_A,4,4965454546288544872,HQL_Plus_BOT,SakkirinaSolo,2,2,0,2,2,4,
HQL_Plus_BOT_vs_SakkirinaSolo,1,LEFT_B,4,10490731920135992885,SakkirinaSolo,HQL_Plus_BOT,2,2,0,2,2,4,
HQL_Plus_BOT_vs_SakkirinaSolo,2,LEFT_A,4,6947951229892595454,HQL_Plus_BOT,SakkirinaSolo,3,1,0,3,1,4,
HQL_Plus_BOT_vs_SakkirinaSolo,2,LEFT_B,4,17422488473197024191,SakkirinaSolo,HQL_Plus_BOT,2,2,0,2,2,4,
HQL_Plus_BOT_vs_SakkirinaSolo,3,LEFT_A,4,4085833411642400035,HQL_Plus_BOT,SakkirinaSolo,2,2,0,2,2,4,
HQL_Plus_BOT_vs_SakkirinaSolo,3,LEFT_B,4,5934303212660700781,SakkirinaSolo,HQL_Plus_BOT,1,3,0,3,1,4,
HQL_Plus_BOT_vs_SakkirinaSolo,4,LEFT_A,4,4241556138838531130,HQL_Plus_BOT,SakkirinaSolo,3,1,0,3,1,4,
HQL_Plus_BOT_vs_SakkirinaSolo,4,LEFT_B,4,12567289180151997124,SakkirinaSolo,HQL_Plus_BOT,3,1,0,1,3,4,
HQL_Plus_BOT_vs_SakkirinaSolo,5,LEFT_A,4,13458401131888950043,HQL_Plus_BOT,SakkirinaSolo,3,1,0,3,1,4,
HQL_Plus_BOT_vs_SakkirinaSolo,5,LEFT_B,4,12853333658915119693,SakkirinaSolo,HQL_Plus_BOT,4,0,0,0,4,4,
HQL_Plus_BOT_vs_SakkirinaSolo,6,LEFT_A,4,17257510051503146261,HQL_Plus_BOT,SakkirinaSolo,2,2,0,2,2,4,
HQL_Plus_BOT_vs_SakkirinaSolo,6,LEFT_B,4,17245201823521484237,SakkirinaSolo,HQL_Plus_BOT,3,1,0,1,3,4,
HQL_Plus_BOT_vs_SakkirinaSolo,7,LEFT_A,4,946902489531571005,HQL_Plus_BOT,SakkirinaSolo,2,2,0,2,2,4,
HQL_Plus_BOT_vs_SakkirinaSolo,7,LEFT_B,4,16782647021478206495,SakkirinaSolo,HQL_Plus_BOT,2,2,0,2,2,4,
HQL_Plus_BOT_vs_SakkirinaSolo,8,LEFT_A,4,10766782554594892450,HQL_Plus_BOT,SakkirinaSolo,4,0,0,4,0,4,
HQL_Plus_BOT_vs_SakkirinaSolo,8,LEFT_B,4,11817817313661372512,SakkirinaSolo,HQL_Plus_BOT,2,2,0,2,2,4,
HQL_Plus_BOT_vs_SakkirinaSolo,9,LEFT_A,4,597414194629576306,HQL_Plus_BOT,SakkirinaSolo,3,1,0,3,1,4,
HQL_Plus_BOT_vs_SakkirinaSolo,9,LEFT_B,4,16384832105140028469,SakkirinaSolo,HQL_Plus_BOT,1,3,0,3,1,4,
HQL_Plus_BOT_vs_SakkirinaSolo,10,LEFT_A,4,6058985528084359499,HQL_Plus_BOT,SakkirinaSolo,3,1,0,3,1,4,
HQL_Plus_BOT_vs_SakkirinaSolo,10,LEFT_B,4,4835775910487803744,SakkirinaSolo,HQL_Plus_BOT,0,4,0,4,0,4,
HQL_Plus_BOT_vs_SakkirinaSolo,11,LEFT_A,4,6410978251740802899,HQL_Plus_BOT,SakkirinaSolo,1,3,0,1,3,4,
HQL_Plus_BOT_vs_SakkirinaSolo,11,LEFT_B,4,17039347348945909115,SakkirinaSolo,HQL_Plus_BOT,3,1,0,1,3,4,
HQL_Plus_BOT_vs_SakkirinaSolo,12,LEFT_A,4,9161071865452795925,HQL_Plus_BOT,SakkirinaSolo,4,0,0,4,0,4,
HQL_Plus_BOT_vs_SakkirinaSolo,12,LEFT_B,4,4850354763885762193,SakkirinaSolo,HQL_Plus_BOT,2,2,0,2,2,4,
HQL_Plus_BOT_vs_SakkirinaSolo,13,LEFT_A,4,7984608705514353923,HQL_Plus_BOT,SakkirinaSolo,4,0,0,4,0,4,
HQL_Plus_BOT_vs_SakkirinaSolo,13,LEFT_B,4,5322842541174996018,SakkirinaSolo,HQL_Plus_BOT,3,1,0,1,3,4,
HQL_Plus_BOT_vs_SakkirinaSolo,14,LEFT_A,4,4016471426518006931,HQL_Plus_BOT,SakkirinaSolo,3,1,0,3,1,4,
HQL_Plus_BOT_vs_SakkirinaSolo,14,LEFT_B,4,18103105577541801167,SakkirinaSolo,HQL_Plus_BOT,3,1,0,1,3,4,
HQL_Plus_BOT_vs_SakkirinaSolo,15,LEFT_A,4,7873496536082681704,HQL_Plus_BOT,SakkirinaSolo,3,1,0,3,1,4,
HQL_Plus_BOT_vs_SakkirinaSolo,15,LEFT_B,4,3289748768703324213,SakkirinaSolo,HQL_Plus_BOT,4,0,0,0,4,4,
HQL_Plus_BOT_vs_SakkirinaSolo,16,LEFT_A,4,7459071887195470463,HQL_Plus_BOT,SakkirinaSolo,2,2,0,2,2,4,
HQL_Plus_BOT_vs_SakkirinaSolo,16,LEFT_B,4,15185186885843211106,SakkirinaSolo,HQL_Plus_BOT,3,1,0,1,3,4,
HQL_Plus_BOT_vs_SakkirinaSolo,17,LEFT_A,4,16110474523800061153,HQL_Plus_BOT,SakkirinaSolo,0,4,0,0,4,4,
HQL_Plus_BOT_vs_SakkirinaSolo,17,LEFT_B,4,11140999601986658734,SakkirinaSolo,HQL_Plus_BOT,0,4,0,4,0,4,
HQL_Plus_BOT_vs_SakkirinaSolo,18,LEFT_A,4,5663127309871266970,HQL_Plus_BOT,SakkirinaSolo,3,1,0,3,1,4,
HQL_Plus_BOT_vs_SakkirinaSolo,18,LEFT_B,4,12109643284146873087,SakkirinaSolo,HQL_Plus_BOT,3,1,0,1,3,4,
HQL_Plus_BOT_vs_SakkirinaSolo,19,LEFT_A,4,7811272879471348211,HQL_Plus_BOT,SakkirinaSolo,3,1,0,3,1,4,
HQL_Plus_BOT_vs_SakkirinaSolo,19,LEFT_B,4,4322796233718017974,SakkirinaSolo,HQL_Plus_BOT,3,1,0,1,3,4,
HQL_Plus_BOT_vs_SakkirinaSolo,20,LEFT_A,4,3188648443811896370,HQL_Plus_BOT,SakkirinaSolo,2,2,0,2,2,4,
HQL_Plus_BOT_vs_SakkirinaSolo,20,LEFT_B,4,8193614500540625889,SakkirinaSolo,HQL_Plus_BOT,3,1,0,1,3,4,
HQL_Plus_BOT_vs_SakkirinaSolo,21,LEFT_A,4,10314090444812744676,HQL_Plus_BOT,SakkirinaSolo,3,1,0,3,1,4,
HQL_Plus_BOT_vs_SakkirinaSolo,21,LEFT_B,4,10007383810553842698,SakkirinaSolo,HQL_Plus_BOT,2,2,0,2,2,4,
HQL_Plus_BOT_vs_SakkirinaSolo,22,LEFT_A,4,12564798659226133718,HQL_Plus_BOT,SakkirinaSolo,2,2,0,2,2,4,
HQL_Plus_BOT_vs_SakkirinaSolo,22,LEFT_B,4,13566094062674129339,SakkirinaSolo,HQL_Plus_BOT,2,2,0,2,2,4,
HQL_Plus_BOT_vs_SakkirinaSolo,23,LEFT_A,4,13326554646459172219,HQL_Plus_BOT,SakkirinaSolo,3,1,0,3,1,4,
HQL_Plus_BOT_vs_SakkirinaSolo,23,LEFT_B,4,16605644588200563416,SakkirinaSolo,HQL_Plus_BOT,3,1,0,1,3,4,
HQL_Plus_BOT_vs_SakkirinaSolo,24,LEFT_A,4,6632352230869757963,HQL_Plus_BOT,SakkirinaSolo,2,2,0,2,2,4,
HQL_Plus_BOT_vs_SakkirinaSolo,24,LEFT_B,4,2542380275715164242,SakkirinaSolo,HQL_Plus_BOT,1,3,0,3,1,4,
HQL_Plus_BOT_vs_SakkirinaSolo,25,LEFT_A,4,13235549746330852999,HQL_Plus_BOT,SakkirinaSolo,1,3,0,1,3,4,
HQL_Plus_BOT_vs_SakkirinaSolo,25,LEFT_B,4,16902229511910762664,SakkirinaSolo,HQL_Plus_BOT,2,2,0,2,2,4,
HQL_Plus_BOT_vs_SakkirinaSolo,26,LEFT_A,4,13413567646541720766,HQL_Plus_BOT,SakkirinaSolo,2,2,0,2,2,4,
HQL_Plus_BOT_vs_SakkirinaSolo,26,LEFT_B,4,13781449249646870257,SakkirinaSolo,HQL_Plus_BOT,3,1,0,1,3,4,
HQL_Plus_BOT_vs_SakkirinaSolo,27,LEFT_A,4,8465684496622448419,HQL_Plus_BOT,SakkirinaSolo,2,2,0,2,2,4,
HQL_Plus_BOT_vs_SakkirinaSolo,27,LEFT_B,4,5608308115646104624,SakkirinaSolo,HQL_Plus_BOT,4,0,0,0,4,4,
HQL_Plus_BOT_vs_SakkirinaSolo,28,LEFT_A,4,17023504682149269989,HQL_Plus_BOT,SakkirinaSolo,4,0,0,4,0,4,
HQL_Plus_BOT_vs_SakkirinaSolo,28,LEFT_B,4,11197771947680309940,SakkirinaSolo,HQL_Plus_BOT,2,2,0,2,2,4,
HQL_Plus_BOT_vs_SakkirinaSolo,29,LEFT_A,4,9049858615524950296,HQL_Plus_BOT,SakkirinaSolo,2,2,0,2,2,4,
HQL_Plus_BOT_vs_SakkirinaSolo,29,LEFT_B,4,9163636863077830719,SakkirinaSolo,HQL_Plus_BOT,0,4,0,4,0,4,
HQL_Plus_BOT_vs_SakkirinaSolo,30,LEFT_A,4,16801549466744943611,HQL_Plus_BOT,SakkirinaSolo,3,1,0,3,1,4,
HQL_Plus_BOT_vs_SakkirinaSolo,30,LEFT_B,4,14810242897832651081,SakkirinaSolo,HQL_Plus_BOT,2,2,0,2,2,4,
HQL_Plus_BOT_vs_SakkirinaSolo,31,LEFT_A,4,7296438318515569883,HQL_Plus_BOT,SakkirinaSolo,3,1,0,3,1,4,
HQL_Plus_BOT_vs_SakkirinaSolo,31,LEFT_B,4,13600229763547112520,SakkirinaSolo,HQL_Plus_BOT,3,1,0,1,3,4,
HQL_Plus_BOT_vs_SakkirinaSolo,32,LEFT_A,4,13278875552470382369,HQL_Plus_BOT,SakkirinaSolo,1,3,0,1,3,4,
HQL_Plus_BOT_vs_SakkirinaSolo,32,LEFT_B,4,14805526861680653205,SakkirinaSolo,HQL_Plus_BOT,1,3,0,3,1,4,
HQL_Plus_BOT_vs_SakkirinaSolo,33,LEFT_A,4,13259032777971350318,HQL_Plus_BOT,SakkirinaSolo,3,1,0,3,1,4,
HQL_Plus_BOT_vs_SakkirinaSolo,33,LEFT_B,4,1068069999548660061,SakkirinaSolo,HQL_Plus_BOT,3,1,0,1,3,4,
HQL_Plus_BOT_vs_SakkirinaSolo,34,LEFT_A,4,14198025007834374046,HQL_Plus_BOT,SakkirinaSolo,3,1,0,3,1,4,
HQL_Plus_BOT_vs_SakkirinaSolo,34,LEFT_B,4,18055609824820676114,SakkirinaSolo,HQL_Plus_BOT,2,2,0,2,2,4,
