pair_id,round_idx,side,runs,seed,left,right,p1_wins,p2_wins,draws,mapped_a_wins,mapped_b_wins,games,avg_ms
HQL_Plus_BOT_vs_Sakkirina,0,LEFT_A,4,2213096910058330694,HQL_Plus_BOT,Sakkirina,2,2,0,2,2,4,
HQL_Plus_BOT_vs_Sakkirina,0,LEFT_B,4,7109870093460088595,Sakkirina,HQL_Plus_BOT,3,1,0,1,3,4,
HQL_Plus_BOT_vs_Sakkirina,1,LEFT_A,4,14019838029978548843,HQL_Plus_BOT,Sakkirina,2,2,0,2,2,4,
HQL_Plus_BOT_vs_Sakkirina,1,LEFT_B,4,7584092984214464992,Sakkirina,HQL_Plus_BOT,4,0,0,0,4,4,
HQL_Plus_BOT_vs_Sakkirina,2,LEFT_A,4,1007180889424827371,HQL_Plus_BOT,Sakkirina,1,3,0,1,3,4,
HQL_Plus_BOT_vs_Sakkirina,2,LEFT_B,4,3379887079034528682,Sakkirina,HQL_Plus_BOT,1,3,0,3,1,4,
HQL_Plus_BOT_vs_Sakkirina,3,LEFT_A,4,18059395083727838331,HQL_Plus_BOT,Sakkirina,2,2,0,2,2,4,
HQL_Plus_BOT_vs_Sakkirina,3,LEFT_B,4,8901997884554330133,Sakkirina,HQL_Plus_BOT,1,3,0,3,1,4,
HQL_Plus_BOT_vs_Sakkirina,4,LEFT_A,4,8886399610238694718,HQL_Plus_BOT,Sakkirina,1,3,0,1,3,4,
HQL_Plus_BOT_vs_Sakkirina,4,LEFT_B,4,4719416460726069615,Sakkirina,HQL_Plus_BOT,2,2,0,2,2,4,
HQL_Plus_BOT_vs_Sakkirina,5,LEFT_A,4,8870423064556162687,HQL_Plus_BOT,Sakkirina,1,3,0,1,3,4,
HQL_Plus_BOT_vs_Sakkirina,5,LEFT_B,4,16640023535005222709,Sakkirina,HQL_Plus_BOT,2,2,0,2,2,4,
HQL_Plus_BOT_vs_Sakkirina,6,LEFT_A,4,6399181645684532939,HQL_Plus_BOT,Sakkirina,3,1,0,3,1,4,
HQL_Plus_BOT_vs_Sakkirina,6,LEFT_B,4,8262589804898827346,Sakkirina,HQL_Plus_BOT,2,2,0,2,2,4,
HQL_Plus_BOT_vs_Sakkirina,7,LEFT_A,4,13860129629643827046,HQL_Plus_BOT,Sakkirina,3,1,0,3,1,4,
HQL_Plus_BOT_vs_Sakkirina,7,LEFT_B,4,18378659713046931147,Sakkirina,HQL_Plus_BOT,2,2,0,2,2,4,
HQL_Plus_BOT_vs_Sakkirina,8,LEFT_A,4,3276996096452023840,HQL_Plus_BOT,Sakkirina,4,0,0,4,0,4,
HQL_Plus_BOT_vs_Sakkirina,8,LEFT_B,4,16462546585068699266,Sakkirina,HQL_Plus_BOT,1,3,0,3,1,4,
HQL_Plus_BOT_vs_Sakkirina,9,LEFT_A,4,1882901398529554282,HQL_Plus_BOT,Sakkirina,0,4,0,0,4,4,
HQL_Plus_BOT_vs_Sakkirina,9,LEFT_B,4,25721037436441254,Sakkirina,HQL_Plus_BOT,1,3,0,3,1,4,
HQL_Plus_BOT_vs_Sakkirina,10,LEFT_A,4,12421001979557001501,HQL_Plus_BOT,Sakkirina,3,1,0,3,1,4,
HQL_Plus_BOT_vs_Sakkirina,10,LEFT_B,4,6485495701693791314,Sakkirina,HQL_Plus_BOT,0,4,0,4,0,4,
HQL_Plus_BOT_vs_Sakkirina,11,LEFT_A,4,2804541392800475367,HQL_Plus_BOT,Sakkirina,2,2,0,2,2,4,
HQL_Plus_BOT_vs_Sakkirina,11,LEFT_B,4,5111795896165343351,Sakkirina,HQL_Plus_BOT,2,2,0,2,2,4,
HQL_Plus_BOT_vs_Sakkirina,12,LEFT_A,4,15271835180861698546,HQL_Plus_BOT,Sakkirina,3,1,0,3,1,4,
HQL_Plus_BOT_vs_Sakkirina,12,LEFT_B,4,4232711588345614682,Sakkirina,HQL_Plus_BOT,3,1,0,1,3,4,
HQL_Plus_BOT_vs_Sakkirina,13,LEFT_A,4,14651723297620952234,HQL_Plus_BOT,Sakkirina,2,2,0,2,2,4,
HQL_Plus_BOT_vs_Sakkirina,13,LEFT_B,4,6548203750840827446,Sakkirina,HQL_Plus_BOT,4,0,0,0,4,4,
HQL_Plus_BOT_vs_Sakkirina,14,LEFT_A,4,7895799041802450408,HQL_Plus_BOT,Sakkirina,1,3,0,1,3,4,
HQL_Plus_BOT_vs_Sakkirina,14,LEFT_B,4,10760094748185576669,Sakkirina,HQL_Plus_BOT,2,2,0,2,2,4,
HQL_Plus_BOT_vs_Sakkirina,15,LEFT_A,4,11481133428676896721,HQL_Plus_BOT,Sakkirina,2,2,0,2,2,4,
HQL_Plus_BOT_vs_Sakkirina,15,LEFT_B,4,422494849124419711,Sakkirina,HQL_Plus_BOT,3,1,0,1,3,4,
HQL_Plus_BOT_vs_Sakkirina,16,LEFT_A,4,2026403115619373631,HQL_Plus_BOT,Sakkirina,3,1,0,3,1,4,
HQL_Plus_BOT_vs_Sakkirina,16,LEFT_B,4,4735416442789732717,Sakkirina,HQL_Plus_BOT,1,3,0,3,1,4,
HQL_Plus_BOT_vs_Sakkirina,17,LEFT_A,4,4163385523044699195,HQL_Plus_BOT,Sakkirina,3,1,0,3,1,4,
HQL_Plus_BOT_vs_Sakkirina,17,LEFT_B,4,18191701171618965773,Sakkirina,HQL_Plus_BOT,2,2,0,2,2,4,
HQL_Plus_BOT_vs_Sakkirina,18,LEFT_A,4,1791919659430119609,HQL_Plus_BOT,Sakkirina,2,2,0,2,2,4,
HQL_Plus_BOT_vs_Sakkirina,18,LEFT_B,4,6829239800234703389,Sakkirina,HQL_Plus_BOT,3,1,0,1,3,4,
HQL_Plus_BOT_vs_Sakkirina,19,LEFT_A,4,5610444088461102204,HQL_Plus_BOT,Sakkirina,3,1,0,3,1,4,
HQL_Plus_BOT_vs_Sakkirina,19,LEFT_B,4,4299332120854649263,Sakkirina,HQL_Plus_BOT,3,1,0,1,3,4,
HQL_Plus_BOT_vs_Sakkirina,20,LEFT_A,4,15146602383916834358,HQL_Plus_BOT,Sakkirina,1,3,0,1,3,4,
HQL_Plus_BOT_vs_Sakkirina,20,LEFT_B,4,2202263628474339739,Sakkirina,HQL_Plus_BOT,3,1,0,1,3,4,
HQL_Plus_BOT_vs_Sakkirina,21,LEFT_A,4,252011148646916918,HQL_Plus_BOT,Sakkirina,2,2,0,2,2,4,
HQL_Plus_BOT_vs_Sakkirina,21,LEFT_B,4,9457937895515354287,Sakkirina,HQL_Plus_BOT,4,0,0,0,4,4,
HQL_Plus_BOT_vs_Sakkirina,22,LEFT_A,4,1631106323736294697,HQL_Plus_BOT,Sakkirina,1,3,0,1,3,4,
HQL_Plus_BOT_vs_Sakkirina,22,LEFT_B,4,17094952483947244947,Sakkirina,HQL_Plus_BOT,2,2,0,2,2,4,
HQL_Plus_BOT_vs_Sakkirina,23,LEFT_A,4,15929446166738763645,HQL_Plus_BOT,Sakkirina,2,2,0,2,2,4,
HQL_Plus_BOT_vs_Sakkirina,23,LEFT_B,4,17061602394687620219,Sakkirina,HQL_Plus_BOT,3,1,0,1,3,4,
HQL_Plus_BOT_vs_Sakkirina,24,LEFT_A,4,12118264733744143186,HQL_Plus_BOT,Sakkirina,2,2,0,2,2,4,
HQL_Plus_BOT_vs_Sakkirina,24,LEFT_B,4,16142187743708004610,Sakkirina,HQL_Plus_BOT,0,4,0,4,0,4,
HQL_Plus_BOT_vs_Sakkirina,25,LEFT_A,4,7440320794790757299,HQL_Plus_BOT,Sakkirina,2,2,0,2,2,4,
HQL_Plus_BOT_vs_Sakkirina,25,LEFT_B,4,13848092453253111702,Sakkirina,HQL_Plus_BOT,2,2,0,2,2,4,
HQL_Plus_BOT_vs_Sakkirina,26,LEFT_A,4,2154371997721512768,HQL_Plus_BOT,Sakkirina,3,1,0,3,1,4,
HQL_Plus_BOT_vs_Sakkirina,26,LEFT_B,4,5820412168230223709,Sakkirina,HQL_Plus_BOT,0,4,0,4,0,4,
HQL_Plus_BOT_vs_Sakkirina,27,LEFT_A,4,6503405831678659590,HQL_Plus_BOT,Sakkirina,3,1,0,3,1,4,
HQL_Plus_BOT_vs_Sakkirina,27,LEFT_B,4,15593711772010522398,Sakkirina,HQL_Plus_BOT,2,2,0,2,2,4,
HQL_Plus_BOT_vs_Sakkirina,28,LEFT_A,4,5695557893369533260,HQL_Plus_BOT,Sakkirina,3,1,0,3,1,4,
HQL_Plus_BOT_vs_Sakkirina,28,LEFT_B,4,16827575966783187113,Sakkirina,HQL_Plus_BOT,2,2,0,2,2,4,
HQL_Plus_BOT_vs_Sakkirina,29,LEFT_A,4,12000793213622317018,HQL_Plus_BOT,Sakkirina,2,2,0,2,2,4,
HQL_Plus_BOT_vs_Sakkirina,29,LEFT_B,4,17458829898280960048,Sakkirina,HQL_Plus_BOT,3,1,0,1,3,4,
HQL_Plus_BOT_vs_Sakkirina,30,LEFT_A,4,4529362310592912650,HQL_Plus_BOT,Sakkirina,3,1,0,3,1,4,
HQL_Plus_BOT_vs_Sakkirina,30,LEFT_B,4,6269974501890596087,Sakkirina,HQL_Plus_BOT,2,2,0,2,2,4,
HQL_Plus_BOT_vs_Sakkirina,31,LEFT_A,4,18319657557260684369,HQL_Plus_BOT,Sakkirina,3,1,0,3,1,4,
HQL_Plus_BOT_vs_Sakkirina,31,LEFT_B,4,1204143372649521942,Sakkirina,HQL_Plus_BOT,4,0,0,0,4,4,
HQL_Plus_BOT_vs_Sakkirina,32,LEFT_A,4,14255374681982888220,HQL_Plus_BOT,Sakkirina,3,1,0,3,1,4,
HQL_Plus_BOT_vs_Sakkirina,32,LEFT_B,4,13952358769134424005,Sakkirina,HQL_Plus_BOT,1,3,0,3,1,4,
HQL_Plus_BOT_vs_Sakkirina,33,LEFT_A,4,11692325460628841232,HQL_Plus_BOT,Sakkirina,4,0,0,4,0,4,
HQL_Plus_BOT_vs_Sakkirina,33,LEFT_B,4,1015195982784167175,Sakkirina,HQL_Plus_BOT,2,2,0,2,2,4,
HQL_Plus_BOT_vs_Sakkirina,34,LEFT_A,4,3319451059200237906,HQL_Plus_BOT,Sakkirina,4,0,0,4,0,4,
HQL_Plus_BOT_vs_Sakkirina,34,LEFT_B,4,1649038296733256583,Sakkirina,HQL_Plus_BOT,2,2,0,2,2,4,
