pair_id,round_idx,side,runs,seed,left,right,p1_wins,p2_wins,draws,mapped_a_wins,mapped_b_wins,games,avg_ms
HQL_Plus_BOT_vs_Nangert_submission_v4,0,LEFT_A,4,12731563118437429608,HQL_Plus_BOT,grpc:Nangert_submission_v4,3,1,0,3,1,4,
HQL_Plus_BOT_vs_Nangert_submission_v4,0,LEFT_B,4,16183992527327498068,grpc:Nangert_submission_v4,HQL_Plus_BOT,3,1,0,1,3,4,
HQL_Plus_BOT_vs_Nangert_submission_v4,1,LEFT_A,4,3590011258790231352,HQL_Plus_BOT,grpc:Nangert_submission_v4,4,0,0,4,0,4,
HQL_Plus_BOT_vs_Nangert_submission_v4,1,LEFT_B,4,2154408463760381976,grpc:Nangert_submission_v4,HQL_Plus_BOT,4,0,0,0,4,4,
HQL_Plus_BOT_vs_Nangert_submission_v4,2,LEFT_A,4,9395949784983793811,HQL_Plus_BOT,grpc:Nangert_submission_v4,2,2,0,2,2,4,
HQL_Plus_BOT_vs_Nangert_submission_v4,2,LEFT_B,4,14463377694665781118,grpc:Nangert_submission_v4,HQL_Plus_BOT,2,2,0,2,2,4,
HQL_Plus_BOT_vs_Nangert_submission_v4,3,LEFT_A,4,6619727265932385122,HQL_Plus_BOT,grpc:Nangert_submission_v4,3,1,0,3,1,4,
HQL_Plus_BOT_vs_Nangert_submission_v4,3,LEFT_B,4,11682994571407437302,grpc:Nangert_submission_v4,HQL_Plus_BOT,3,1,0,1,3,4,
HQL_Plus_BOT_vs_Nangert_submission_v4,4,LEFT_A,4,10469964073486620545,HQL_Plus_BOT,grpc:Nangert_submission_v4,4,0,0,4,0,4,
HQL_Plus_BOT_vs_Nangert_submission_v4,4,LEFT_B,4,8975607889813782175,grpc:Nangert_submission_v4,HQL_Plus_BOT,4,0,0,0,4,4,
HQL_Plus_BOT_vs_Nangert_submission_v4,5,LEFT_A,4,17568877629231674766,HQL_Plus_BOT,grpc:Nangert_submission_v4,3,1,0,3,1,4,
HQL_Plus_BOT_vs_Nangert_submission_v4,5,LEFT_B,4,17036544325715225201,grpc:Nangert_submission_v4,HQL_Plus_BOT,2,2,0,2,2,4,
HQL_Plus_BOT_vs_Nangert_submission_v4,6,LEFT_A,4,10539548496412438525,HQL_Plus_BOT,grpc:Nangert_submission_v4,3,1,0,3,1,4,
HQL_Plus_BOT_vs_Nangert_submission_v4,6,LEFT_B,4,10057527187842747502,grpc:Nangert_submission_v4,HQL_Plus_BOT,2,2,0,2,2,4,
HQL_Plus_BOT_vs_Nangert_submission_v4,7,LEFT_A,4,3485348764322201054,HQL_Plus_BOT,grpc:Nangert_submission_v4,3,1,0,3,1,4,
HQL_Plus_BOT_vs_Nangert_submission_v4,7,LEFT_B,4,9329352541153942579,grpc:Nangert_submission_v4,HQL_Plus_BOT,4,0,0,0,4,4,
HQL_Plus_BOT_vs_Nangert_submission_v4,8,LEFT_A,4,9234849050041657039,HQL_Plus_BOT,grpc:Nangert_submission_v4,2,2,0,2,2,4,
HQL_Plus_BOT_vs_Nangert_submission_v4,8,LEFT_B,4,2556176351858578866,grpc:Nangert_submission_v4,HQL_Plus_BOT,4,0,0,0,4,4,
HQL_Plus_BOT_vs_Nangert_submission_v4,9,LEFT_A,4,4914358926029719037,HQL_Plus_BOT,grpc:Nangert_submission_v4,4,0,0,4,0,4,
HQL_Plus_BOT_vs_Nangert_submission_v4,9,LEFT_B,4,7812879025503316258,grpc:Nangert_submission_v4,HQL_Plus_BOT,3,1,0,1,3,4,
HQL_Plus_BOT_vs_Nangert_submission_v4,10,LEFT_A,4,2096051833157081451,HQL_Plus_BOT,grpc:Nangert_submission_v4,4,0,0,4,0,4,
HQL_Plus_BOT_vs_Nangert_submission_v4,10,LEFT_B,4,18135645644185500961,grpc:Nangert_submission_v4,HQL_Plus_BOT,2,2,0,2,2,4,
HQL_Plus_BOT_vs_Nangert_submission_v4,11,LEFT_A,4,17857756913597839053,HQL_Plus_BOT,grpc:Nangert_submission_v4,4,0,0,4,0,4,
HQL_Plus_BOT_vs_Nangert_submission_v4,11,LEFT_B,4,1406925605469191763,grpc:Nangert_submission_v4,HQL_Plus_BOT,3,1,0,1,3,4,
HQL_Plus_BOT_vs_Nangert_submission_v4,12,LEFT_A,4,1819846735601000547,HQL_Plus_BOT,grpc:Nangert_submission_v4,4,0,0,4,0,4,
HQL_Plus_BOT_vs_Nangert_submission_v4,12,LEFT_B,4,8086547517737982119,grpc:Nangert_submission_v4,HQL_Plus_BOT,4,0,0,0,4,4,
HQL_Plus_BOT_vs_Nangert_submission_v4,13,LEFT_A,4,13181537088760606252,HQL_Plus_BOT,grpc:Nangert_submission_v4,4,0,0,4,0,4,
HQL_Plus_BOT_vs_Nangert_submission_v4,13,LEFT_B,4,15256313926665140890,grpc:Nangert_submission_v4,HQL_Plus_BOT,2,2,0,2,2,4,
HQL_Plus_BOT_vs_Nangert_submission_v4,14,LEFT_A,4,4669620963970049315,HQL_Plus_BOT,grpc:Nangert_submission_v4,4,0,0,4,0,4,
HQL_Plus_BOT_vs_Nangert_submission_v4,14,LEFT_B,4,3963305607730963191,grpc:Nangert_submission_v4,HQL_Plus_BOT,4,0,0,0,4,4,
HQL_Plus_BOT_vs_Nangert_submission_v4,15,LEFT_A,4,14039474932095930094,HQL_Plus_BOT,grpc:Nangert_submission_v4,3,1,0,3,1,4,
HQL_Plus_BOT_vs_Nangert_submission_v4,15,LEFT_B,4,8370321361503089729,grpc:Nangert_submission_v4,HQL_Plus_BOT,3,1,0,1,3,4,
HQL_Plus_BOT_vs_Nangert_submission_v4,16,LEFT_A,4,14913159933391333374,HQL_Plus_BOT,grpc:Nangert_submission_v4,4,0,0,4,0,4,
HQL_Plus_BOT_vs_Nangert_submission_v4,16,LEFT_B,4,8074436560228025945,grpc:Nangert_submission_v4,HQL_Plus_BOT,3,1,0,1,3,4,
HQL_Plus_BOT_vs_Nangert_submission_v4,17,LEFT_A,4,16037877375409431739,HQL_Plus_BOT,grpc:Nangert_submission_v4,4,0,0,4,0,4,
HQL_Plus_BOT_vs_Nangert_submission_v4,17,LEFT_B,4,10022843551052988781,grpc:Nangert_submission_v4,HQL_Plus_BOT,3,1,0,1,3,4,
HQL_Plus_BOT_vs_Nangert_submission_v4,18,LEFT_A,4,1434128032957500103,HQL_Plus_BOT,grpc:Nangert_submission_v4,4,0,0,4,0,4,
HQL_Plus_BOT_vs_Nangert_submission_v4,18,LEFT_B,4,12395256432441129982,grpc:Nangert_submission_v4,HQL_Plus_BOT,3,1,0,1,3,4,
HQL_Plus_BOT_vs_Nangert_submission_v4,19,LEFT_A,4,18273421993926426215,HQL_Plus_BOT,grpc:Nangert_submission_v4,4,0,0,4,0,4,
HQL_Plus_BOT_vs_Nangert_submission_v4,19,LEFT_B,4,16445694497574023997,grpc:Nangert_submission_v4,HQL_Plus_BOT,3,1,0,1,3,4,
HQL_Plus_BOT_vs_Nangert_submission_v4,20,LEFT_A,4,5067980792585482139,HQL_Plus_BOT,grpc:Nangert_submission_v4,3,1,0,3,1,4,
HQL_Plus_BOT_vs_Nangert_submission_v4,20,LEFT_B,4,10272668540445197376,grpc:Nangert_submission_v4,HQL_Plus_BOT,2,2,0,2,2,4,
HQL_Plus_BOT_vs_Nangert_submission_v4,21,LEFT_A,4,12225310111320866729,HQL_Plus_BOT,grpc:Nangert_submission_v4,4,0,0,4,0,4,
HQL_Plus_BOT_vs_Nangert_submission_v4,21,LEFT_B,4,17279085902819097187,grpc:Nangert_submission_v4,HQL_Plus_BOT,4,0,0,0,4,4,
HQL_Plus_BOT_vs_Nangert_submission_v4,22,LEFT_A,4,17751527431005100970,HQL_Plus_BOT,grpc:Nangert_submission_v4,3,1,0,3,1,4,
HQL_Plus_BOT_vs_Nangert_submission_v4,22,LEFT_B,4,7150823684891277344,grpc:Nangert_submission_v4,HQL_Plus_BOT,3,1,0,1,3,4,
HQL_Plus_BOT_vs_Nangert_submission_v4,23,LEFT_A,4,2446777588691855558,HQL_Plus_BOT,grpc:Nangert_submission_v4,4,0,0,4,0,4,
HQL_Plus_BOT_vs_Nangert_submission_v4,23,LEFT_B,4,3865057953415433056,grpc:Nangert_submission_v4,HQL_Plus_BOT,3,1,0,1,3,4,
HQL_Plus_BOT_vs_Nangert_submission_v4,24,LEFT_A,4,9573467468649210659,HQL_Plus_BOT,grpc:Nangert_submission_v4,3,1,0,3,1,4,
HQL_Plus_BOT_vs_Nangert_submission_v4,24,LEFT_B,4,1719230846879704344,grpc:Nangert_submission_v4,HQL_Plus_BOT,4,0,0,0,4,4,
HQL_Plus_BOT_vs_Nangert_submission_v4,25,LEFT_A,4,9308257044266662054,HQL_Plus_BOT,grpc:Nangert_submission_v4,4,0,0,4,0,4,
HQL_Plus_BOT_vs_Nangert_submission_v4,25,LEFT_B,4,8279650638586282284,grpc:Nangert_submission_v4,HQL_Plus_BOT,3,1,0,1,3,4,
HQL_Plus_BOT_vs_Nangert_submission_v4,26,LEFT_A,4,5166888922021276895,HQL_Plus_BOT,grpc:Nangert_submission_v4,3,1,0,3,1,4,
HQL_Plus_BOT_vs_Nangert_submission_v4,26,LEFT_B,4,5886202970377631317,grpc:Nangert_submission_v4,HQL_Plus_BOT,2,2,0,2,2,4,
HQL_Plus_BOT_vs_Nangert_submission_v4,27,LEFT_A,4,17590387100442410001,HQL_Plus_BOT,grpc:Nangert_submission_v4,2,2,0,2,2,4,
HQL_Plus_BOT_vs_Nangert_submission_v4,27,LEFT_B,4,10904701256786008108,grpc:Nangert_submission_v4,HQL_Plus_BOT,3,1,0,1,3,4,
HQL_Plus_BOT_vs_Nangert_submission_v4,28,LEFT_A,4,11989874908706317839,HQL_Plus_BOT,grpc:Nangert_submission_v4,3,1,0,3,1,4,
HQL_Plus_BOT_vs_Nangert_submission_v4,28,LEFT_B,4,13185871570312326413,grpc:Nangert_submission_v4,HQL_Plus_BOT,3,1,0,1,3,4,
HQL_Plus_BOT_vs_Nangert_submission_v4,29,LEFT_A,4,10806783438367743922,HQL_Plus_BOT,grpc:Nangert_submission_v4,3,1,0,3,1,4,
HQL_Plus_BOT_vs_Nangert_submission_v4,29,LEFT_B,4,11489702161176714879,grpc:Nangert_submission_v4,HQL_Plus_BOT,3,1,0,1,3,4,
HQL_Plus_BOT_vs_Nangert_submission_v4,30,LEFT_A,4,16982458465341039026,HQL_Plus_BOT,grpc:Nangert_submission_v4,3,1,0,3,1,4,
HQL_Plus_BOT_vs_Nangert_submission_v4,30,LEFT_B,4,9151362551861721922,grpc:Nangert_submission_v4,HQL_Plus_BOT,4,0,0,0,4,4,
HQL_Plus_BOT_vs_Nangert_submission_v4,31,LEFT_A,4,96728821561563322,HQL_Plus_BOT,grpc:Nangert_submission_v4,1,3,0,1,3,4,
HQL_Plus_BOT_vs_Nangert_submission_v4,31,LEFT_B,4,5815316250639767336,grpc:Nangert_submission_v4,HQL_Plus_BOT,2,2,0,2,2,4,
HQL_Plus_BOT_vs_Nangert_submission_v4,32,LEFT_A,4,14008672291517135414,HQL_Plus_BOT,grpc:Nangert_submission_v4,4,0,0,4,0,4,
HQL_Plus_BOT_vs_Nangert_submission_v4,32,LEFT_B,4,17396929791362625304,grpc:Nangert_submission_v4,HQL_Plus_BOT,3,1,0,1,3,4,
HQL_Plus_BOT_vs_Nangert_submission_v4,33,LEFT_A,4,9665465598640560095,HQL_Plus_BOT,grpc:Nangert_submission_v4,2,2,0,2,2,4,
HQL_Plus_BOT_vs_Nangert_submission_v4,33,LEFT_B,4,16914393031118560331,grpc:Nangert_submission_v4,HQL_Plus_BOT,3,1,0,1,3,4,
HQL_Plus_BOT_vs_Nangert_submission_v4,34,LEFT_A,4,1313900109278920672,HQL_Plus_BOT,grpc:Nangert_submission_v4,3,1,0,3,1,4,
HQL_Plus_BOT_vs_Nangert_submission_v4,34,LEFT_B,4,10238161724918661207,grpc:Nangert_submission_v4,HQL_Plus_BOT,3,1,0,1,3,4,
