pair_id,round_idx,side,runs,seed,left,right,p1_wins,p2_wins,draws,mapped_a_wins,mapped_b_wins,games,avg_ms
MaltheMCTS_vs_Nangert_submission_v4,0,LEFT_A,4,16576493753916012231,MaltheMCTS,grpc:Nangert_submission_v4,0,4,0,0,4,4,
MaltheMCTS_vs_Nangert_submission_v4,0,LEFT_B,4,3325912136486709492,grpc:Nangert_submission_v4,MaltheMCTS,4,0,0,0,4,4,
MaltheMCTS_vs_Nangert_submission_v4,1,LEFT_A,4,5397374253908388854,MaltheMCTS,grpc:Nangert_submission_v4,0,4,0,0,4,4,
MaltheMCTS_vs_Nangert_submission_v4,1,LEFT_B,4,18414260599941197385,grpc:Nangert_submission_v4,MaltheMCTS,4,0,0,0,4,4,
MaltheMCTS_vs_Nangert_submission_v4,2,LEFT_A,4,14666406367878110713,MaltheMCTS,grpc:Nangert_submission_v4,0,4,0,0,4,4,
MaltheMCTS_vs_Nangert_submission_v4,2,LEFT_B,4,2720089565292341156,grpc:Nangert_submission_v4,MaltheMCTS,4,0,0,0,4,4,
MaltheMCTS_vs_Nangert_submission_v4,3,LEFT_A,4,15709266941323724054,MaltheMCTS,grpc:Nangert_submission_v4,1,3,0,1,3,4,
MaltheMCTS_vs_Nangert_submission_v4,3,LEFT_B,4,13380466022314197640,grpc:Nangert_submission_v4,MaltheMCTS,4,0,0,0,4,4,
MaltheMCTS_vs_Nangert_submission_v4,4,LEFT_A,4,473758275677857933,MaltheMCTS,grpc:Nangert_submission_v4,0,4,0,0,4,4,
MaltheMCTS_vs_Nangert_submission_v4,4,LEFT_B,4,14711341458968938659,grpc:Nangert_submission_v4,MaltheMCTS,4,0,0,0,4,4,
MaltheMCTS_vs_Nangert_submission_v4,5,LEFT_A,4,1090520992622956174,MaltheMCTS,grpc:Nangert_submission_v4,0,4,0,0,4,4,
MaltheMCTS_vs_Nangert_submission_v4,5,LEFT_B,4,7464752716149615176,grpc:Nangert_submission_v4,MaltheMCTS,4,0,0,0,4,4,
MaltheMCTS_vs_Nangert_submission_v4,6,LEFT_A,4,11094126180918968285,MaltheMCTS,grpc:Nangert_submission_v4,1,3,0,1,3,4,
MaltheMCTS_vs_Nangert_submission_v4,6,LEFT_B,4,3610637846097888343,grpc:Nangert_submission_v4,MaltheMCTS,4,0,0,0,4,4,
MaltheMCTS_vs_Nangert_submission_v4,7,LEFT_A,4,4468749346975172316,MaltheMCTS,grpc:Nangert_submission_v4,0,4,0,0,4,4,
MaltheMCTS_vs_Nangert_submission_v4,7,LEFT_B,4,12050938434244196834,grpc:Nangert_submission_v4,MaltheMCTS,4,0,0,0,4,4,
MaltheMCTS_vs_Nangert_submission_v4,8,LEFT_A,4,17221335325244281630,MaltheMCTS,grpc:Nangert_submission_v4,0,4,0,0,4,4,
MaltheMCTS_vs_Nangert_submission_v4,8,LEFT_B,4,2964419598250177150,grpc:Nangert_submission_v4,MaltheMCTS,4,0,0,0,4,4,
MaltheMCTS_vs_Nangert_submission_v4,9,LEFT_A,4,13995480448932465478,MaltheMCTS,grpc:Nangert_submission_v4,0,4,0,0,4,4,
MaltheMCTS_vs_Nangert_submission_v4,9,LEFT_B,4,35778762978149064,grpc:Nangert_submission_v4,MaltheMCTS,4,0,0,0,4,4,
MaltheMCTS_vs_Nangert_submission_v4,10,LEFT_A,4,4734404243463599700,MaltheMCTS,grpc:Nangert_submission_v4,0,4,0,0,4,4,
MaltheMCTS_vs_Nangert_submission_v4,10,LEFT_B,4,6800148065472059048,grpc:Nangert_submission_v4,MaltheMCTS,4,0,0,0,4,4,
MaltheMCTS_vs_Nangert_submission_v4,11,LEFT_A,4,10044564950039849059,MaltheMCTS,grpc:Nangert_submission_v4,0,4,0,0,4,4,
MaltheMCTS_vs_Nangert_submission_v4,11,LEFT_B,4,16100321565730436413,grpc:Nangert_submission_v4,MaltheMCTS,4,0,0,0,4,4,
MaltheMCTS_vs_Nangert_submission_v4,12,LEFT_A,4,7604123404977711243,MaltheMCTS,grpc:Nangert_submission_v4,0,4,0,0,4,4,
MaltheMCTS_vs_Nangert_submission_v4,12,LEFT_B,4,8505384059664679141,grpc:Nangert_submission_v4,MaltheMCTS,4,0,0,0,4,4,
MaltheMCTS_vs_Nangert_submission_v4,13,LEFT_A,4,562359544126630147,MaltheMCTS,grpc:Nangert_submission_v4,1,3,0,1,3,4,
MaltheMCTS_vs_Nangert_submission_v4,13,LEFT_B,4,7896086214621431740,grpc:Nangert_submission_v4,MaltheMCTS,4,0,0,0,4,4,
MaltheMCTS_vs_Nangert_submission_v4,14,LEFT_A,4,8545716599162496343,MaltheMCTS,grpc:Nangert_submission_v4,0,4,0,0,4,4,
MaltheMCTS_vs_Nangert_submission_v4,14,LEFT_B,4,3137915913767911895,grpc:Nangert_submission_v4,MaltheMCTS,4,0,0,0,4,4,
MaltheMCTS_vs_Nangert_submission_v4,15,LEFT_A,4,17552203822791114592,MaltheMCTS,grpc:Nangert_submission_v4,0,4,0,0,4,4,
MaltheMCTS_vs_Nangert_submission_v4,15,LEFT_B,4,94732665420869246,grpc:Nangert_submission_v4,MaltheMCTS,4,0,0,0,4,4,
MaltheMCTS_vs_Nangert_submission_v4,16,LEFT_A,4,1168950738431946988,MaltheMCTS,grpc:Nangert_submission_v4,0,4,0,0,4,4,
MaltheMCTS_vs_Nangert_submission_v4,16,LEFT_B,4,1823885036984314720,grpc:Nangert_submission_v4,MaltheMCTS,3,1,0,1,3,4,
MaltheMCTS_vs_Nangert_submission_v4,17,LEFT_A,4,9772449270118798387,MaltheMCTS,grpc:Nangert_submission_v4,0,4,0,0,4,4,
MaltheMCTS_vs_Nangert_submission_v4,17,LEFT_B,4,7098122185215988141,grpc:Nangert_submission_v4,MaltheMCTS,4,0,0,0,4,4,
MaltheMCTS_vs_Nangert_submission_v4,18,LEFT_A,4,1088016261184864258,MaltheMCTS,grpc:Nangert_submission_v4,0,4,0,0,4,4,
MaltheMCTS_vs_Nangert_submission_v4,18,LEFT_B,4,15568282126142067810,grpc:Nangert_submission_v4,MaltheMCTS,4,0,0,0,4,4,
MaltheMCTS_vs_Nangert_submission_v4,19,LEFT_A,4,7040654190793179895,MaltheMCTS,grpc:Nangert_submission_v4,0,4,0,0,4,4,
MaltheMCTS_vs_Nangert_submission_v4,19,LEFT_B,4,7972738095348142060,grpc:Nangert_submission_v4,MaltheMCTS,4,0,0,0,4,4,
MaltheMCTS_vs_Nangert_submission_v4,20,LEFT_A,4,10837297031370524977,MaltheMCTS,grpc:Nangert_submission_v4,0,4,0,0,4,4,
MaltheMCTS_vs_Nangert_submission_v4,20,LEFT_B,4,4015080762863337033,grpc:Nangert_submission_v4,MaltheMCTS,3,1,0,1,3,4,
MaltheMCTS_vs_Nangert_submission_v4,21,LEFT_A,4,12115715282537067162,MaltheMCTS,grpc:Nangert_submission_v4,0,4,0,0,4,4,
MaltheMCTS_vs_Nangert_submission_v4,21,LEFT_B,4,823205640050353757,grpc:Nangert_submission_v4,MaltheMCTS,4,0,0,0,4,4,
MaltheMCTS_vs_Nangert_submission_v4,22,LEFT_A,4,10886333764050899390,MaltheMCTS,grpc:Nangert_submission_v4,0,4,0,0,4,4,
MaltheMCTS_vs_Nangert_submission_v4,22,LEFT_B,4,18416647077024146003,grpc:Nangert_submission_v4,MaltheMCTS,4,0,0,0,4,4,
MaltheMCTS_vs_Nangert_submission_v4,23,LEFT_A,4,11543593628601358970,MaltheMCTS,grpc:Nangert_submission_v4,0,4,0,0,4,4,
MaltheMCTS_vs_Nangert_submission_v4,23,LEFT_B,4,6183308593355395470,grpc:Nangert_submission_v4,MaltheMCTS,4,0,0,0,4,4,
MaltheMCTS_vs_Nangert_submission_v4,24,LEFT_A,4,14748072004000462885,MaltheMCTS,grpc:Nangert_submission_v4,0,4,0,0,4,4,
MaltheMCTS_vs_Nangert_submission_v4,24,LEFT_B,4,14811461829044571275,grpc:Nangert_submission_v4,MaltheMCTS,4,0,0,0,4,4,
MaltheMCTS_vs_Nangert_submission_v4,25,LEFT_A,4,8737729557178831231,MaltheMCTS,grpc:Nangert_submission_v4,0,4,0,0,4,4,
MaltheMCTS_vs_Nangert_submission_v4,25,LEFT_B,4,4221817662170187326,grpc:Nangert_submission_v4,MaltheMCTS,4,0,0,0,4,4,
MaltheMCTS_vs_Nangert_submission_v4,26,LEFT_A,4,11165257087136701417,MaltheMCTS,grpc:Nangert_submission_v4,0,4,0,0,4,4,
MaltheMCTS_vs_Nangert_submission_v4,26,LEFT_B,4,2620027549909143334,grpc:Nangert_submission_v4,MaltheMCTS,4,0,0,0,4,4,
MaltheMCTS_vs_Nangert_submission_v4,27,LEFT_A,4,6230739521173069994,MaltheMCTS,grpc:Nangert_submission_v4,0,4,0,0,4,4,
MaltheMCTS_vs_Nangert_submission_v4,27,LEFT_B,4,9815366972878476864,grpc:Nangert_submission_v4,MaltheMCTS,4,0,0,0,4,4,
MaltheMCTS_vs_Nangert_submission_v4,28,LEFT_A,4,17188902667995912981,MaltheMCTS,grpc:Nangert_submission_v4,0,4,0,0,4,4,
MaltheMCTS_vs_Nangert_submission_v4,28,LEFT_B,4,3240662927414976767,grpc:Nangert_submission_v4,MaltheMCTS,4,0,0,0,4,4,
MaltheMCTS_vs_Nangert_submission_v4,29,LEFT_A,4,6253887597486490963,MaltheMCTS,grpc:Nangert_submission_v4,0,4,0,0,4,4,
MaltheMCTS_vs_Nangert_submission_v4,29,LEFT_B,4,17752470813509200483,grpc:Nangert_submission_v4,MaltheMCTS,4,0,0,0,4,4,
MaltheMCTS_vs_Nangert_submission_v4,30,LEFT_A,4,13587450344784064697,MaltheMCTS,grpc:Nangert_submission_v4,0,4,0,0,4,4,
MaltheMCTS_vs_Nangert_submission_v4,30,LEFT_B,4,63503950467237338,grpc:Nangert_submission_v4,MaltheMCTS,4,0,0,0,4,4,
MaltheMCTS_vs_Nangert_submission_v4,31,LEFT_A,4,5879358031508380654,MaltheMCTS,grpc:Nangert_submission_v4,0,4,0,0,4,4,
MaltheMCTS_vs_Nangert_submission_v4,31,LEFT_B,4,5694551350631121126,grpc:Nangert_submission_v4,MaltheMCTS,4,0,0,0,4,4,
MaltheMCTS_vs_Nangert_submission_v4,32,LEFT_A,4,9305978353546600613,MaltheMCTS,grpc:Nangert_submission_v4,0,4,0,0,4,4,
MaltheMCTS_vs_Nangert_submission_v4,32,LEFT_B,4,1605178468141550866,grpc:Nangert_submission_v4,MaltheMCTS,4,0,0,0,4,4,
MaltheMCTS_vs_Nangert_submission_v4,33,LEFT_A,4,14753945439530257823,MaltheMCTS,grpc:Nangert_submission_v4,0,4,0,0,4,4,
MaltheMCTS_vs_Nangert_submission_v4,33,LEFT_B,4,10758630995355612669,grpc:Nangert_submission_v4,MaltheMCTS,4,0,0,0,4,4,
MaltheMCTS_vs_Nangert_submission_v4,34,LEFT_A,4,12459211420706651170,MaltheMCTS,grpc:Nangert_submission_v4,0,4,0,0,4,4,
MaltheMCTS_vs_Nangert_submission_v4,34,LEFT_B,4,14489753605043166233,grpc:Nangert_submission_v4,MaltheMCTS,4,0,0,0,4,4,
