pair_id,round_idx,side,runs,seed,left,right,p1_wins,p2_wins,draws,mapped_a_wins,mapped_b_wins,games,avg_ms
MaltheMCTS_vs_ZMyBot,0,LEFT_A,4,1270326849305974534,MaltheMCTS,grpc:ZMyBot,2,2,0,2,2,4,
MaltheMCTS_vs_ZMyBot,0,LEFT_B,4,12049646306915061497,grpc:ZMyBot,MaltheMCTS,0,4,0,4,0,4,
MaltheMCTS_vs_ZMyBot,1,LEFT_A,4,12338385870981154983,MaltheMCTS,grpc:ZMyBot,3,1,0,3,1,4,
MaltheMCTS_vs_ZMyBot,1,LEFT_B,4,9448381264510237121,grpc:ZMyBot,MaltheMCTS,0,4,0,4,0,4,
MaltheMCTS_vs_ZMyBot,2,LEFT_A,4,11090918279251562511,MaltheMCTS,grpc:ZMyBot,3,1,0,3,1,4,
MaltheMCTS_vs_ZMyBot,2,LEFT_B,4,9923542251572660805,grpc:ZMyBot,MaltheMCTS,0,4,0,4,0,4,
MaltheMCTS_vs_ZMyBot,3,LEFT_A,4,3471770094185768449,MaltheMCTS,grpc:ZMyBot,3,1,0,3,1,4,
MaltheMCTS_vs_ZMyBot,3,LEFT_B,4,9466709450624751627,grpc:ZMyBot,MaltheMCTS,1,3,0,3,1,4,
MaltheMCTS_vs_ZMyBot,4,LEFT_A,4,3919763812326028469,MaltheMCTS,grpc:ZMyBot,4,0,0,4,0,4,
MaltheMCTS_vs_ZMyBot,4,LEFT_B,4,18131725020283828596,grpc:ZMyBot,MaltheMCTS,2,2,0,2,2,4,
MaltheMCTS_vs_ZMyBot,5,LEFT_A,4,10708609658788329169,MaltheMCTS,grpc:ZMyBot,3,1,0,3,1,4,
MaltheMCTS_vs_ZMyBot,5,LEFT_B,4,4491772728551320142,grpc:ZMyBot,MaltheMCTS,1,3,0,3,1,4,
MaltheMCTS_vs_ZMyBot,6,LEFT_A,4,6733355563477929686,MaltheMCTS,grpc:ZMyBot,3,1,0,3,1,4,
MaltheMCTS_vs_ZMyBot,6,LEFT_B,4,6217372203705507788,grpc:ZMyBot,MaltheMCTS,0,4,0,4,0,4,
MaltheMCTS_vs_ZMyBot,7,LEFT_A,4,7429318116386847459,MaltheMCTS,grpc:ZMyBot,0,4,0,0,4,4,
MaltheMCTS_vs_ZMyBot,7,LEFT_B,4,4932145144881333549,grpc:ZMyBot,MaltheMCTS,2,2,0,2,2,4,
MaltheMCTS_vs_ZMyBot,8,LEFT_A,4,3943379125520947214,MaltheMCTS,grpc:ZMyBot,3,1,0,3,1,4,
MaltheMCTS_vs_ZMyBot,8,LEFT_B,4,9006047431765943359,grpc:ZMyBot,MaltheMCTS,1,3,0,3,1,4,
MaltheMCTS_vs_ZMyBot,9,LEFT_A,4,7634169015443955761,MaltheMCTS,grpc:ZMyBot,3,1,0,3,1,4,
MaltheMCTS_vs_ZMyBot,9,LEFT_B,4,14419644085966147741,grpc:ZMyBot,MaltheMCTS,0,4,0,4,0,4,
MaltheMCTS_vs_ZMyBot,10,LEFT_A,4,12957303900776188705,MaltheMCTS,grpc:ZMyBot,3,1,0,3,1,4,
MaltheMCTS_vs_ZMyBot,10,LEFT_B,4,7359963418092530487,grpc:ZMyBot,MaltheMCTS,1,3,0,3,1,4,
MaltheMCTS_vs_ZMyBot,11,LEFT_A,4,3516193526713566994,MaltheMCTS,grpc:ZMyBot,4,0,0,4,0,4,
MaltheMCTS_vs_ZMyBot,11,LEFT_B,4,9908868104110158745,grpc:ZMyBot,MaltheMCTS,1,3,0,3,1,4,
MaltheMCTS_vs_ZMyBot,12,LEFT_A,4,10914402500435742954,MaltheMCTS,grpc:ZMyBot,3,1,0,3,1,4,
MaltheMCTS_vs_ZMyBot,12,LEFT_B,4,3785328600568513212,grpc:ZMyBot,MaltheMCTS,1,3,0,3,1,4,
MaltheMCTS_vs_ZMyBot,13,LEFT_A,4,17861547537411401777,MaltheMCTS,grpc:ZMyBot,3,1,0,3,1,4,
MaltheMCTS_vs_ZMyBot,13,LEFT_B,4,14852238742726350055,grpc:ZMyBot,MaltheMCTS,0,4,0,4,0,4,
MaltheMCTS_vs_ZMyBot,14,LEFT_A,4,4274019169767378833,MaltheMCTS,grpc:ZMyBot,2,2,0,2,2,4,
MaltheMCTS_vs_ZMyBot,14,LEFT_B,4,5663656512259281646,grpc:ZMyBot,MaltheMCTS,3,1,0,1,3,4,
MaltheMCTS_vs_ZMyBot,15,LEFT_A,4,12003661171544344040,MaltheMCTS,grpc:ZMyBot,1,3,0,1,3,4,
MaltheMCTS_vs_ZMyBot,15,LEFT_B,4,18161119903144113252,grpc:ZMyBot,MaltheMCTS,2,2,0,2,2,4,
MaltheMCTS_vs_ZMyBot,16,LEFT_A,4,6881815024068774251,MaltheMCTS,grpc:ZMyBot,0,4,0,0,4,4,
MaltheMCTS_vs_ZMyBot,16,LEFT_B,4,2598204504818864682,grpc:ZMyBot,MaltheMCTS,0,4,0,4,0,4,
MaltheMCTS_vs_ZMyBot,17,LEFT_A,4,16447752433244301963,MaltheMCTS,grpc:ZMyBot,1,3,0,1,3,4,
MaltheMCTS_vs_ZMyBot,17,LEFT_B,4,7536805551835678588,grpc:ZMyBot,MaltheMCTS,2,2,0,2,2,4,
MaltheMCTS_vs_ZMyBot,18,LEFT_A,4,10913453733557790658,MaltheMCTS,grpc:ZMyBot,0,4,0,0,4,4,
MaltheMCTS_vs_ZMyBot,18,LEFT_B,4,12268343163244951912,grpc:ZMyBot,MaltheMCTS,2,2,0,2,2,4,
MaltheMCTS_vs_ZMyBot,19,LEFT_A,4,6240331750644943097,MaltheMCTS,grpc:ZMyBot,3,1,0,3,1,4,
MaltheMCTS_vs_ZMyBot,19,LEFT_B,4,1781229852023776438,grpc:ZMyBot,MaltheMCTS,2,2,0,2,2,4,
MaltheMCTS_vs_ZMyBot,20,LEFT_A,4,10185302031498924202,MaltheMCTS,grpc:ZMyBot,2,2,0,2,2,4,
MaltheMCTS_vs_ZMyBot,20,LEFT_B,4,3872177012964755051,grpc:ZMyBot,MaltheMCTS,1,3,0,3,1,4,
MaltheMCTS_vs_ZMyBot,21,LEFT_A,4,15455011877196062881,MaltheMCTS,grpc:ZMyBot,2,2,0,2,2,4,
MaltheMCTS_vs_ZMyBot,21,LEFT_B,4,16128792552281996187,grpc:ZMyBot,MaltheMCTS,1,3,0,3,1,4,
MaltheMCTS_vs_ZMyBot,22,LEFT_A,4,13894835372118852052,MaltheMCTS,grpc:ZMyBot,1,3,0,1,3,4,
MaltheMCTS_vs_ZMyBot,22,LEFT_B,4,12281502446753687743,grpc:ZMyBot,MaltheMCTS,2,2,0,2,2,4,
MaltheMCTS_vs_ZMyBot,23,LEFT_A,4,13625092630015072110,MaltheMCTS,grpc:ZMyBot,3,1,0,3,1,4,
MaltheMCTS_vs_ZMyBot,23,LEFT_B,4,12996363609619898619,grpc:ZMyBot,MaltheMCTS,1,3,0,3,1,4,
MaltheMCTS_vs_ZMyBot,24,LEFT_A,4,5844922026473090973,MaltheMCTS,grpc:ZMyBot,3,1,0,3,1,4,
MaltheMCTS_vs_ZMyBot,24,LEFT_B,4,5746568912168508687,grpc:ZMyBot,MaltheMCTS,1,3,0,3,1,4,
MaltheMCTS_vs_ZMyBot,25,LEFT_A,4,3557367739175354905,MaltheMCTS,grpc:ZMyBot,1,3,0,1,3,4,
MaltheMCTS_vs_ZMyBot,25,LEFT_B,4,1632598057651324387,grpc:ZMyBot,MaltheMCTS,1,3,0,3,1,4,
MaltheMCTS_vs_ZMyBot,26,LEFT_A,4,5782623694627947029,MaltheMCTS,grpc:ZMyBot,2,2,0,2,2,4,
MaltheMCTS_vs_ZMyBot,26,LEFT_B,4,13757261620990099432,grpc:ZMyBot,MaltheMCTS,1,3,0,3,1,4,
MaltheMCTS_vs_ZMyBot,27,LEFT_A,4,4159774552716423526,MaltheMCTS,grpc:ZMyBot,3,1,0,3,1,4,
MaltheMCTS_vs_ZMyBot,27,LEFT_B,4,10045400358826256016,grpc:ZMyBot,MaltheMCTS,2,2,0,2,2,4,
MaltheMCTS_vs_ZMyBot,28,LEFT_A,4,12296926958538423528,MaltheMCTS,grpc:ZMyBot,0,4,0,0,4,4,
MaltheMCTS_vs_ZMyBot,28,LEFT_B,4,4785582345363737267,grpc:ZMyBot,MaltheMCTS,1,3,0,3,1,4,
MaltheMCTS_vs_ZMyBot,29,LEFT_A,4,17617736519274578679,MaltheMCTS,grpc:ZMyBot,2,2,0,2,2,4,
MaltheMCTS_vs_ZMyBot,29,LEFT_B,4,13475115078350715641,grpc:ZMyBot,MaltheMCTS,1,3,0,3,1,4,
MaltheMCTS_vs_ZMyBot,30,LEFT_A,4,5939653746337831933,MaltheMCTS,grpc:ZMyBot,2,2,0,2,2,4,
MaltheMCTS_vs_ZMyBot,30,LEFT_B,4,15622329333771644477,grpc:ZMyBot,MaltheMCTS,1,3,0,3,1,4,
MaltheMCTS_vs_ZMyBot,31,LEFT_A,4,14483100027652886098,MaltheMCTS,grpc:ZMyBot,2,2,0,2,2,4,
MaltheMCTS_vs_ZMyBot,31,LEFT_B,4,6106359354148799687,grpc:ZMyBot,MaltheMCTS,2,2,0,2,2,4,
MaltheMCTS_vs_ZMyBot,32,LEFT_A,4,11115605038034116832,MaltheMCTS,grpc:ZMyBot,3,1,0,3,1,4,
MaltheMCTS_vs_ZMyBot,32,LEFT_B,4,14423256116975303307,grpc:ZMyBot,MaltheMCTS,1,3,0,3,1,4,
MaltheMCTS_vs_ZMyBot,33,LEFT_A,4,8762847628504284743,MaltheMCTS,grpc:ZMyBot,4,0,0,4,0,4,
MaltheMCTS_vs_ZMyBot,33,LEFT_B,4,3278328113200509965,grpc:ZMyBot,MaltheMCTS,3,1,0,1,3,4,
MaltheMCTS_vs_ZMyBot,34,LEFT_A,4,12539416891664685168,MaltheMCTS,grpc:ZMyBot,1,3,0,1,3,4,
MaltheMCTS_vs_ZMyBot,34,LEFT_B,4,10330009066858995212,grpc:ZMyBot,MaltheMCTS,2,2,0,2,2,4,
