pair_id,round_idx,side,runs,seed,left,right,p1_wins,p2_wins,draws,mapped_a_wins,mapped_b_wins,games,avg_ms
MaltheMCTS_vs_SakkirinaSolo,0,LEFT_A,4,12281635785548977691,MaltheMCTS,SakkirinaSolo,0,4,0,0,4,4,
MaltheMCTS_vs_SakkirinaSolo,0,LEFT_B,4,13104339136846344883,SakkirinaSolo,MaltheMCTS,4,0,0,0,4,4,
MaltheMCTS_vs_SakkirinaSolo,1,LEFT_A,4,10819260066385839498,MaltheMCTS,SakkirinaSolo,0,4,0,0,4,4,
MaltheMCTS_vs_SakkirinaSolo,1,LEFT_B,4,16490875988404784284,SakkirinaSolo,MaltheMCTS,4,0,0,0,4,4,
MaltheMCTS_vs_SakkirinaSolo,2,LEFT_A,4,6123018682087495212,MaltheMCTS,SakkirinaSolo,0,4,0,0,4,4,
MaltheMCTS_vs_SakkirinaSolo,2,LEFT_B,4,18088383044631129979,SakkirinaSolo,MaltheMCTS,4,0,0,0,4,4,
MaltheMCTS_vs_SakkirinaSolo,3,LEFT_A,4,6672775957093468861,MaltheMCTS,SakkirinaSolo,0,4,0,0,4,4,
MaltheMCTS_vs_SakkirinaSolo,3,LEFT_B,4,17667387608275978077,SakkirinaSolo,MaltheMCTS,3,1,0,1,3,4,
MaltheMCTS_vs_SakkirinaSolo,4,LEFT_A,4,6931916741910364827,MaltheMCTS,SakkirinaSolo,0,4,0,0,4,4,
MaltheMCTS_vs_SakkirinaSolo,4,LEFT_B,4,4014782973366051438,SakkirinaSolo,MaltheMCTS,4,0,0,0,4,4,
MaltheMCTS_vs_SakkirinaSolo,5,LEFT_A,4,7837609191872976792,MaltheMCTS,SakkirinaSolo,0,4,0,0,4,4,
MaltheMCTS_vs_SakkirinaSolo,5,LEFT_B,4,5103809424979368142,SakkirinaSolo,MaltheMCTS,4,0,0,0,4,4,
MaltheMCTS_vs_SakkirinaSolo,6,LEFT_A,4,14917735227461057747,MaltheMCTS,SakkirinaSolo,0,4,0,0,4,4,
MaltheMCTS_vs_SakkirinaSolo,6,LEFT_B,4,16775762475777073747,SakkirinaSolo,MaltheMCTS,4,0,0,0,4,4,
MaltheMCTS_vs_SakkirinaSolo,7,LEFT_A,4,1558498385608812370,MaltheMCTS,SakkirinaSolo,0,4,0,0,4,4,
MaltheMCTS_vs_SakkirinaSolo,7,LEFT_B,4,12976743433551527456,SakkirinaSolo,MaltheMCTS,4,0,0,0,4,4,
MaltheMCTS_vs_SakkirinaSolo,8,LEFT_A,4,4195803171346347956,MaltheMCTS,SakkirinaSolo,0,4,0,0,4,4,
MaltheMCTS_vs_SakkirinaSolo,8,LEFT_B,4,4818522136628973337,SakkirinaSolo,MaltheMCTS,4,0,0,0,4,4,
MaltheMCTS_vs_SakkirinaSolo,9,LEFT_A,4,625425288975478487,MaltheMCTS,SakkirinaSolo,0,4,0,0,4,4,
MaltheMCTS_vs_SakkirinaSolo,9,LEFT_B,4,9453019151432488630,SakkirinaSolo,MaltheMCTS,4,0,0,0,4,4,
MaltheMCTS_vs_SakkirinaSolo,10,LEFT_A,4,17958157179296425091,MaltheMCTS,SakkirinaSolo,1,3,0,1,3,4,
MaltheMCTS_vs_SakkirinaSolo,10,LEFT_B,4,8850777666050273964,SakkirinaSolo,MaltheMCTS,4,0,0,0,4,4,
MaltheMCTS_vs_SakkirinaSolo,11,LEFT_A,4,2990999119682882763,MaltheMCTS,SakkirinaSolo,0,4,0,0,4,4,
MaltheMCTS_vs_SakkirinaSolo,11,LEFT_B,4,17960285314257827867,SakkirinaSolo,MaltheMCTS,4,0,0,0,4,4,
MaltheMCTS_vs_SakkirinaSolo,12,LEFT_A,4,7436761098878198559,MaltheMCTS,SakkirinaSolo,0,4,0,0,4,4,
MaltheMCTS_vs_SakkirinaSolo,12,LEFT_B,4,5607558400249521543,SakkirinaSolo,MaltheMCTS,4,0,0,0,4,4,
MaltheMCTS_vs_SakkirinaSolo,13,LEFT_A,4,17209125802646523805,MaltheMCTS,SakkirinaSolo,0,4,0,0,4,4,
MaltheMCTS_vs_SakkirinaSolo,13,LEFT_B,4,15797658782126936398,SakkirinaSolo,MaltheMCTS,3,1,0,1,3,4,
MaltheMCTS_vs_SakkirinaSolo,14,LEFT_A,4,1275256752511913160,MaltheMCTS,SakkirinaSolo,0,4,0,0,4,4,
MaltheMCTS_vs_SakkirinaSolo,14,LEFT_B,4,2813837212436563130,SakkirinaSolo,MaltheMCTS,4,0,0,0,4,4,
MaltheMCTS_vs_SakkirinaSolo,15,LEFT_A,4,12200974185706250246,MaltheMCTS,SakkirinaSolo,0,4,0,0,4,4,
MaltheMCTS_vs_SakkirinaSolo,15,LEFT_B,4,2923606988750794634,SakkirinaSolo,MaltheMCTS,4,0,0,0,4,4,
MaltheMCTS_vs_SakkirinaSolo,16,LEFT_A,4,18228132554001543402,MaltheMCTS,SakkirinaSolo,0,4,0,0,4,4,
MaltheMCTS_vs_SakkirinaSolo,16,LEFT_B,4,17174979033918926372,SakkirinaSolo,MaltheMCTS,4,0,0,0,4,4,
MaltheMCTS_vs_SakkirinaSolo,17,LEFT_A,4,9235747032769761495,MaltheMCTS,SakkirinaSolo,0,4,0,0,4,4,
MaltheMCTS_vs_SakkirinaSolo,17,LEFT_B,4,871715310061166687,SakkirinaSolo,MaltheMCTS,3,1,0,1,3,4,
MaltheMCTS_vs_SakkirinaSolo,18,LEFT_A,4,16781099961651440888,MaltheMCTS,SakkirinaSolo,1,3,0,1,3,4,
MaltheMCTS_vs_SakkirinaSolo,18,LEFT_B,4,5334848615867051349,SakkirinaSolo,MaltheMCTS,4,0,0,0,4,4,
MaltheMCTS_vs_SakkirinaSolo,19,LEFT_A,4,8248260211832639409,MaltheMCTS,SakkirinaSolo,0,4,0,0,4,4,
MaltheMCTS_vs_SakkirinaSolo,19,LEFT_B,4,1661458231616231422,SakkirinaSolo,MaltheMCTS,4,0,0,0,4,4,
MaltheMCTS_vs_SakkirinaSolo,20,LEFT_A,4,13282943381231645375,MaltheMCTS,SakkirinaSolo,0,4,0,0,4,4,
MaltheMCTS_vs_SakkirinaSolo,20,LEFT_B,4,2188858976660582773,SakkirinaSolo,MaltheMCTS,4,0,0,0,4,4,
MaltheMCTS_vs_SakkirinaSolo,21,LEFT_A,4,2463596381778220394,MaltheMCTS,SakkirinaSolo,0,4,0,0,4,4,
MaltheMCTS_vs_SakkirinaSolo,21,LEFT_B,4,3391948991613664409,SakkirinaSolo,MaltheMCTS,4,0,0,0,4,4,
MaltheMCTS_vs_SakkirinaSolo,22,LEFT_A,4,16917509873071579241,MaltheMCTS,SakkirinaSolo,0,4,0,0,4,4,
MaltheMCTS_vs_SakkirinaSolo,22,LEFT_B,4,17884352438109150910,SakkirinaSolo,MaltheMCTS,4,0,0,0,4,4,
MaltheMCTS_vs_SakkirinaSolo,23,LEFT_A,4,15817088503621073687,MaltheMCTS,SakkirinaSolo,0,4,0,0,4,4,
MaltheMCTS_vs_SakkirinaSolo,23,LEFT_B,4,11854677651186984628,SakkirinaSolo,MaltheMCTS,4,0,0,0,4,4,
MaltheMCTS_vs_SakkirinaSolo,24,LEFT_A,4,15309197228181813901,MaltheMCTS,SakkirinaSolo,0,4,0,0,4,4,
MaltheMCTS_vs_SakkirinaSolo,24,LEFT_B,4,139575169199880356,SakkirinaSolo,MaltheMCTS,4,0,0,0,4,4,
MaltheMCTS_vs_SakkirinaSolo,25,LEFT_A,4,16136355695994547113,MaltheMCTS,SakkirinaSolo,0,4,0,0,4,4,
MaltheMCTS_vs_SakkirinaSolo,25,LEFT_B,4,13029703090288817105,SakkirinaSolo,MaltheMCTS,3,1,0,1,3,4,
MaltheMCTS_vs_SakkirinaSolo,26,LEFT_A,4,9771142013060693806,MaltheMCTS,SakkirinaSolo,0,4,0,0,4,4,
MaltheMCTS_vs_SakkirinaSolo,26,LEFT_B,4,10164094141157127867,SakkirinaSolo,MaltheMCTS,4,0,0,0,4,4,
MaltheMCTS_vs_SakkirinaSolo,27,LEFT_A,4,1437400151777683068,MaltheMCTS,SakkirinaSolo,1,3,0,1,3,4,
MaltheMCTS_vs_SakkirinaSolo,27,LEFT_B,4,2043495449946398058,SakkirinaSolo,MaltheMCTS,4,0,0,0,4,4,
MaltheMCTS_vs_SakkirinaSolo,28,LEFT_A,4,12920749288510894599,MaltheMCTS,SakkirinaSolo,0,4,0,0,4,4,
MaltheMCTS_vs_SakkirinaSolo,28,LEFT_B,4,12300514157928203987,SakkirinaSolo,MaltheMCTS,4,0,0,0,4,4,
MaltheMCTS_vs_SakkirinaSolo,29,LEFT_A,4,13703343298311313098,MaltheMCTS,SakkirinaSolo,0,4,0,0,4,4,
MaltheMCTS_vs_SakkirinaSolo,29,LEFT_B,4,4091983538258819338,SakkirinaSolo,MaltheMCTS,4,0,0,0,4,4,
MaltheMCTS_vs_SakkirinaSolo,30,LEFT_A,4,5670202771311016627,MaltheMCTS,SakkirinaSolo,1,3,0,1,3,4,
MaltheMCTS_vs_SakkirinaSolo,30,LEFT_B,4,15225254211617349563,SakkirinaSolo,MaltheMCTS,4,0,0,0,4,4,
MaltheMCTS_vs_SakkirinaSolo,31,LEFT_A,4,7425033351949684276,MaltheMCTS,SakkirinaSolo,0,4,0,0,4,4,
MaltheMCTS_vs_SakkirinaSolo,31,LEFT_B,4,14777876497701690345,SakkirinaSolo,MaltheMCTS,4,0,0,0,4,4,
MaltheMCTS_vs_SakkirinaSolo,32,LEFT_A,4,14138271248262561514,MaltheMCTS,SakkirinaSolo,0,4,0,0,4,4,
MaltheMCTS_vs_SakkirinaSolo,32,LEFT_B,4,12932409885783126884,SakkirinaSolo,MaltheMCTS,4,0,0,0,4,4,
MaltheMCTS_vs_SakkirinaSolo,33,LEFT_A,4,12637344002538817694,MaltheMCTS,SakkirinaSolo,0,4,0,0,4,4,
MaltheMCTS_vs_SakkirinaSolo,33,LEFT_B,4,8677671175789502971,SakkirinaSolo,MaltheMCTS,4,0,0,0,4,4,
MaltheMCTS_vs_SakkirinaSolo,34,LEFT_A,4,3339267001070526260,MaltheMCTS,SakkirinaSolo,0,4,0,0,4,4,
MaltheMCTS_vs_SakkirinaSolo,34,LEFT_B,4,3428111242396899546,SakkirinaSolo,MaltheMCTS,4,0,0,0,4,4,
