pair_id,round_idx,side,runs,seed,left,right,p1_wins,p2_wins,draws,mapped_a_wins,mapped_b_wins,games,avg_ms
MaltheMCTS_vs_Sakkirina,0,LEFT_A,4,8743476590203510940,MaltheMCTS,Sakkirina,0,4,0,0,4,4,
MaltheMCTS_vs_Sakkirina,0,LEFT_B,4,7039354855856691649,Sakkirina,MaltheMCTS,4,0,0,0,4,4,
MaltheMCTS_vs_Sakkirina,1,LEFT_A,4,5576313986884196995,MaltheMCTS,Sakkirina,0,4,0,0,4,4,
MaltheMCTS_vs_Sakkirina,1,LEFT_B,4,7557441184624126516,Sakkirina,MaltheMCTS,4,0,0,0,4,4,
MaltheMCTS_vs_Sakkirina,2,LEFT_A,4,16621649289125189624,MaltheMCTS,Sakkirina,0,4,0,0,4,4,
MaltheMCTS_vs_Sakkirina,2,LEFT_B,4,7175888785075814911,Sakkirina,MaltheMCTS,4,0,0,0,4,4,
MaltheMCTS_vs_Sakkirina,3,LEFT_A,4,13889827081959228534,MaltheMCTS,Sakkirina,0,4,0,0,4,4,
MaltheMCTS_vs_Sakkirina,3,LEFT_B,4,4350062530453683482,Sakkirina,MaltheMCTS,4,0,0,0,4,4,
MaltheMCTS_vs_Sakkirina,4,LEFT_A,4,16016076945993895770,MaltheMCTS,Sakkirina,0,4,0,0,4,4,
MaltheMCTS_vs_Sakkirina,4,LEFT_B,4,16505444530551449346,Sakkirina,MaltheMCTS,4,0,0,0,4,4,
MaltheMCTS_vs_Sakkirina,5,LEFT_A,4,17426041477199085209,MaltheMCTS,Sakkirina,0,4,0,0,4,4,
MaltheMCTS_vs_Sakkirina,5,LEFT_B,4,7864514495251643509,Sakkirina,MaltheMCTS,4,0,0,0,4,4,
MaltheMCTS_vs_Sakkirina,6,LEFT_A,4,7936629718134999398,MaltheMCTS,Sakkirina,0,4,0,0,4,4,
MaltheMCTS_vs_Sakkirina,6,LEFT_B,4,4575719185314310769,Sakkirina,MaltheMCTS,3,1,0,1,3,4,
MaltheMCTS_vs_Sakkirina,7,LEFT_A,4,7274661413549625937,MaltheMCTS,Sakkirina,0,4,0,0,4,4,
MaltheMCTS_vs_Sakkirina,7,LEFT_B,4,5128574699484774911,Sakkirina,MaltheMCTS,4,0,0,0,4,4,
MaltheMCTS_vs_Sakkirina,8,LEFT_A,4,15359904017844605221,MaltheMCTS,Sakkirina,0,4,0,0,4,4,
MaltheMCTS_vs_Sakkirina,8,LEFT_B,4,17525962862628330159,Sakkirina,MaltheMCTS,4,0,0,0,4,4,
MaltheMCTS_vs_Sakkirina,9,LEFT_A,4,9847259869771292226,MaltheMCTS,Sakkirina,1,3,0,1,3,4,
MaltheMCTS_vs_Sakkirina,9,LEFT_B,4,62500083015616985,Sakkirina,MaltheMCTS,4,0,0,0,4,4,
MaltheMCTS_vs_Sakkirina,10,LEFT_A,4,11862436362745087872,MaltheMCTS,Sakkirina,0,4,0,0,4,4,
MaltheMCTS_vs_Sakkirina,10,LEFT_B,4,7805244137983981839,Sakkirina,MaltheMCTS,4,0,0,0,4,4,
MaltheMCTS_vs_Sakkirina,11,LEFT_A,4,4352097859031235658,MaltheMCTS,Sakkirina,0,4,0,0,4,4,
MaltheMCTS_vs_Sakkirina,11,LEFT_B,4,7705149915796778092,Sakkirina,MaltheMCTS,4,0,0,0,4,4,
MaltheMCTS_vs_Sakkirina,12,LEFT_A,4,18318817824767811165,MaltheMCTS,Sakkirina,0,4,0,0,4,4,
MaltheMCTS_vs_Sakkirina,12,LEFT_B,4,16948005474460387264,Sakkirina,MaltheMCTS,4,0,0,0,4,4,
MaltheMCTS_vs_Sakkirina,13,LEFT_A,4,408553158681225685,MaltheMCTS,Sakkirina,0,4,0,0,4,4,
MaltheMCTS_vs_Sakkirina,13,LEFT_B,4,17172464466577112708,Sakkirina,MaltheMCTS,4,0,0,0,4,4,
MaltheMCTS_vs_Sakkirina,14,LEFT_A,4,10788579267901564409,MaltheMCTS,Sakkirina,0,4,0,0,4,4,
MaltheMCTS_vs_Sakkirina,14,LEFT_B,4,5697666120046214093,Sakkirina,MaltheMCTS,4,0,0,0,4,4,
MaltheMCTS_vs_Sakkirina,15,LEFT_A,4,5483410148511279617,MaltheMCTS,Sakkirina,0,4,0,0,4,4,
MaltheMCTS_vs_Sakkirina,15,LEFT_B,4,15377998058424462477,Sakkirina,MaltheMCTS,4,0,0,0,4,4,
MaltheMCTS_vs_Sakkirina,16,LEFT_A,4,14580692593434511689,MaltheMCTS,Sakkirina,0,4,0,0,4,4,
MaltheMCTS_vs_Sakkirina,16,LEFT_B,4,6210176929674735600,Sakkirina,MaltheMCTS,4,0,0,0,4,4,
MaltheMCTS_vs_Sakkirina,17,LEFT_A,4,6624078404402529469,MaltheMCTS,Sakkirina,0,4,0,0,4,4,
MaltheMCTS_vs_Sakkirina,17,LEFT_B,4,15635626629017432947,Sakkirina,MaltheMCTS,4,0,0,0,4,4,
MaltheMCTS_vs_Sakkirina,18,LEFT_A,4,12462450021056885653,MaltheMCTS,Sakkirina,0,4,0,0,4,4,
MaltheMCTS_vs_Sakkirina,18,LEFT_B,4,3599189634927375191,Sakkirina,MaltheMCTS,4,0,0,0,4,4,
MaltheMCTS_vs_Sakkirina,19,LEFT_A,4,964511283592205558,MaltheMCTS,Sakkirina,0,4,0,0,4,4,
MaltheMCTS_vs_Sakkirina,19,LEFT_B,4,3315729871513862783,Sakkirina,MaltheMCTS,4,0,0,0,4,4,
MaltheMCTS_vs_Sakkirina,20,LEFT_A,4,13907285148420225182,MaltheMCTS,Sakkirina,0,4,0,0,4,4,
MaltheMCTS_vs_Sakkirina,20,LEFT_B,4,13665378655421679857,Sakkirina,MaltheMCTS,4,0,0,0,4,4,
MaltheMCTS_vs_Sakkirina,21,LEFT_A,4,876950682454899095,MaltheMCTS,Sakkirina,1,3,0,1,3,4,
MaltheMCTS_vs_Sakkirina,21,LEFT_B,4,2898587886955773518,Sakkirina,MaltheMCTS,4,0,0,0,4,4,
MaltheMCTS_vs_Sakkirina,22,LEFT_A,4,16243650184215184472,MaltheMCTS,Sakkirina,0,4,0,0,4,4,
MaltheMCTS_vs_Sakkirina,22,LEFT_B,4,9992775124405654635,Sakkirina,MaltheMCTS,4,0,0,0,4,4,
MaltheMCTS_vs_Sakkirina,23,LEFT_A,4,8965547636441837592,MaltheMCTS,Sakkirina,0,4,0,0,4,4,
MaltheMCTS_vs_Sakkirina,23,LEFT_B,4,18174749912678793122,Sakkirina,MaltheMCTS,4,0,0,0,4,4,
MaltheMCTS_vs_Sakkirina,24,LEFT_A,4,15847396294767424636,MaltheMCTS,Sakkirina,0,4,0,0,4,4,
MaltheMCTS_vs_Sakkirina,24,LEFT_B,4,17618230982529752991,Sakkirina,MaltheMCTS,4,0,0,0,4,4,
MaltheMCTS_vs_Sakkirina,25,LEFT_A,4,3064099695063941928,MaltheMCTS,Sakkirina,0,4,0,0,4,4,
MaltheMCTS_vs_Sakkirina,25,LEFT_B,4,213649675257922570,Sakkirina,MaltheMCTS,4,0,0,0,4,4,
MaltheMCTS_vs_Sakkirina,26,LEFT_A,4,4271956378998002113,MaltheMCTS,Sakkirina,0,4,0,0,4,4,
MaltheMCTS_vs_Sakkirina,26,LEFT_B,4,2246926744309679935,Sakkirina,MaltheMCTS,4,0,0,0,4,4,
MaltheMCTS_vs_Sakkirina,27,LEFT_A,4,13578209031388029136,MaltheMCTS,Sakkirina,0,4,0,0,4,4,
MaltheMCTS_vs_Sakkirina,27,LEFT_B,4,16247545718301008067,Sakkirina,MaltheMCTS,4,0,0,0,4,4,
MaltheMCTS_vs_Sakkirina,28,LEFT_A,4,2813852849937535578,MaltheMCTS,Sakkirina,0,4,0,0,4,4,
MaltheMCTS_vs_Sakkirina,28,LEFT_B,4,12842112404005665998,Sakkirina,MaltheMCTS,3,1,0,1,3,4,
MaltheMCTS_vs_Sakkirina,29,LEFT_A,4,3997846295670402874,MaltheMCTS,Sakkirina,0,4,0,0,4,4,
MaltheMCTS_vs_Sakkirina,29,LEFT_B,4,1191182408239204166,Sakkirina,MaltheMCTS,3,1,0,1,3,4,
MaltheMCTS_vs_Sakkirina,30,LEFT_A,4,17844360407924195258,MaltheMCTS,Sakkirina,0,4,0,0,4,4,
MaltheMCTS_vs_Sakkirina,30,LEFT_B,4,5025631897330419127,Sakkirina,MaltheMCTS,4,0,0,0,4,4,
MaltheMCTS_vs_Sakkirina,31,LEFT_A,4,1443696402466851457,MaltheMCTS,Sakkirina,0,4,0,0,4,4,
MaltheMCTS_vs_Sakkirina,31,LEFT_B,4,6943795240869849741,Sakkirina,MaltheMCTS,4,0,0,0,4,4,
MaltheMCTS_vs_Sakkirina,32,LEFT_A,4,16063157224904491887,MaltheMCTS,Sakkirina,0,4,0,0,4,4,
MaltheMCTS_vs_Sakkirina,32,LEFT_B,4,18093320863135116267,Sakkirina,MaltheMCTS,4,0,0,0,4,4,
MaltheMCTS_vs_Sakkirina,33,LEFT_A,4,11683181807182969196,MaltheMCTS,Sakkirina,0,4,0,0,4,4,
MaltheMCTS_vs_Sakkirina,33,LEFT_B,4,487744082347503264,Sakkirina,MaltheMCTS,4,0,0,0,4,4,
MaltheMCTS_vs_Sakkirina,34,LEFT_A,4,17956949273245301344,MaltheMCTS,Sakkirina,0,4,0,0,4,4,
MaltheMCTS_vs_Sakkirina,34,LEFT_B,4,3470148465532331287,Sakkirina,MaltheMCTS,4,0,0,0,4,4,
