pair_id,round_idx,side,runs,seed,left,right,p1_wins,p2_wins,draws,mapped_a_wins,mapped_b_wins,games,avg_ms
Nangert_submission_v4_vs_Sakkirina,0,LEFT_A,4,8986012291271825704,grpc:Nangert_submission_v4,Sakkirina,1,3,0,1,3,4,
Nangert_submission_v4_vs_Sakkirina,0,LEFT_B,4,15876233115058928930,Sakkirina,grpc:Nangert_submission_v4,2,2,0,2,2,4,
Nangert_submission_v4_vs_Sakkirina,1,LEFT_A,4,4096904519489775454,grpc:Nangert_submission_v4,Sakkirina,2,2,0,2,2,4,
Nangert_submission_v4_vs_Sakkirina,1,LEFT_B,4,12155519385499202186,Sakkirina,grpc:Nangert_submission_v4,3,1,0,1,3,4,
Nangert_submission_v4_vs_Sakkirina,2,LEFT_A,4,10894324175425973592,grpc:Nangert_submission_v4,Sakkirina,2,2,0,2,2,4,
Nangert_submission_v4_vs_Sakkirina,2,LEFT_B,4,5207016620044190268,Sakkirina,grpc:Nangert_submission_v4,2,2,0,2,2,4,
Nangert_submission_v4_vs_Sakkirina,3,LEFT_A,4,7499150194492701132,grpc:Nangert_submission_v4,Sakkirina,2,2,0,2,2,4,
Nangert_submission_v4_vs_Sakkirina,3,LEFT_B,4,12999205916142336660,Sakkirina,grpc:Nangert_submission_v4,2,2,0,2,2,4,
Nangert_submission_v4_vs_Sakkirina,4,LEFT_A,4,14936972750843620352,grpc:Nangert_submission_v4,Sakkirina,2,2,0,2,2,4,
Nangert_submission_v4_vs_Sakkirina,4,LEFT_B,4,11726390475308154079,Sakkirina,grpc:Nangert_submission_v4,3,1,0,1,3,4,
Nangert_submission_v4_vs_Sakkirina,5,LEFT_A,4,2005345216095573285,grpc:Nangert_submission_v4,Sakkirina,1,3,0,1,3,4,
Nangert_submission_v4_vs_Sakkirina,5,LEFT_B,4,10450141862505034442,Sakkirina,grpc:Nangert_submission_v4,1,3,0,3,1,4,
Nangert_submission_v4_vs_Sakkirina,6,LEFT_A,4,6270902712397576145,grpc:Nangert_submission_v4,Sakkirina,2,2,0,2,2,4,
Nangert_submission_v4_vs_Sakkirina,6,LEFT_B,4,17052628312319329661,Sakkirina,grpc:Nangert_submission_v4,3,1,0,1,3,4,
Nangert_submission_v4_vs_Sakkirina,7,LEFT_A,4,8275412261491571367,grpc:Nangert_submission_v4,Sakkirina,2,2,0,2,2,4,
Nangert_submission_v4_vs_Sakkirina,7,LEFT_B,4,15970709830351802176,Sakkirina,grpc:Nangert_submission_v4,2,2,0,2,2,4,
Nangert_submission_v4_vs_Sakkirina,8,LEFT_A,4,14374631698071673250,grpc:Nangert_submission_v4,Sakkirina,0,4,0,0,4,4,
Nangert_submission_v4_vs_Sakkirina,8,LEFT_B,4,17781398935548065369,Sakkirina,grpc:Nangert_submission_v4,1,3,0,3,1,4,
Nangert_submission_v4_vs_Sakkirina,9,LEFT_A,4,12654264536559407713,grpc:Nangert_submission_v4,Sakkirina,1,3,0,1,3,4,
Nangert_submission_v4_vs_Sakkirina,9,LEFT_B,4,13213308710146006747,Sakkirina,grpc:Nangert_submission_v4,3,1,0,1,3,4,
Nangert_submission_v4_vs_Sakkirina,10,LEFT_A,4,8076138312733127023,grpc:Nangert_submission_v4,Sakkirina,2,2,0,2,2,4,
Nangert_submission_v4_vs_Sakkirina,10,LEFT_B,4,2952581223656392837,Sakkirina,grpc:Nangert_submission_v4,4,0,0,0,4,4,
Nangert_submission_v4_vs_Sakkirina,11,LEFT_A,4,4313418645211164370,grpc:Nangert_submission_v4,Sakkirina,1,3,0,1,3,4,
Nangert_submission_v4_vs_Sakkirina,11,LEFT_B,4,81814977339555057,Sakkirina,grpc:Nangert_submission_v4,2,2,0,2,2,4,
Nangert_submission_v4_vs_Sakkirina,12,LEFT_A,4,886449484291634183,grpc:Nangert_submission_v4,Sakkirina,2,2,0,2,2,4,
Nangert_submission_v4_vs_Sakkirina,12,LEFT_B,4,5845857679796859897,Sakkirina,grpc:Nangert_submission_v4,2,2,0,2,2,4,
Nangert_submission_v4_vs_Sakkirina,13,LEFT_A,4,11714940081297545358,grpc:Nangert_submission_v4,Sakkirina,1,3,0,1,3,4,
Nangert_submission_v4_vs_Sakkirina,13,LEFT_B,4,6496578201927073548,Sakkirina,grpc:Nangert_submission_v4,2,2,0,2,2,4,
Nangert_submission_v4_vs_Sakkirina,14,LEFT_A,4,6326380732957211343,grpc:Nangert_submission_v4,Sakkirina,3,1,0,3,1,4,
Nangert_submission_v4_vs_Sakkirina,14,LEFT_B,4,11504842020043472903,Sakkirina,grpc:Nangert_submission_v4,3,1,0,1,3,4,
Nangert_submission_v4_vs_Sakkirina,15,LEFT_A,4,7664307014394719880,grpc:Nangert_submission_v4,Sakkirina,0,4,0,0,4,4,
Nangert_submission_v4_vs_Sakkirina,15,LEFT_B,4,16044364586831715961,Sakkirina,grpc:Nangert_submission_v4,3,1,0,1,3,4,
Nangert_submission_v4_vs_Sakkirina,16,LEFT_A,4,3644373287534359201,grpc:Nangert_submission_v4,Sakkirina,2,2,0,2,2,4,
Nangert_submission_v4_vs_Sakkirina,16,LEFT_B,4,2036614658966188806,Sakkirina,grpc:Nangert_submission_v4,2,2,0,2,2,4,
Nangert_submission_v4_vs_Sakkirina,17,LEFT_A,4,1581479400563722628,grpc:Nangert_submission_v4,Sakkirina,1,3,0,1,3,4,
Nangert_submission_v4_vs_Sakkirina,17,LEFT_B,4,12140850070776055500,Sakkirina,grpc:Nangert_submission_v4,1,3,0,3,1,4,
Nangert_submission_v4_vs_Sakkirina,18,LEFT_A,4,6101336133040694898,grpc:Nangert_submission_v4,Sakkirina,1,3,0,1,3,4,
Nangert_submission_v4_vs_Sakkirina,18,LEFT_B,4,17676506543796971675,Sakkirina,grpc:Nangert_submission_v4,2,2,0,2,2,4,
Nangert_submission_v4_vs_Sakkirina,19,LEFT_A,4,235628487042363076,grpc:Nangert_submission_v4,Sakkirina,1,3,0,1,3,4,
Nangert_submission_v4_vs_Sakkirina,19,LEFT_B,4,11766244806505392023,Sakkirina,grpc:Nangert_submission_v4,2,2,0,2,2,4,
Nangert_submission_v4_vs_Sakkirina,20,LEFT_A,4,11133111607142601754,grpc:Nangert_submission_v4,Sakkirina,3,1,0,3,1,4,
Nangert_submission_v4_vs_Sakkirina,20,LEFT_B,4,12662818748130152907,Sakkirina,grpc:Nangert_submission_v4,4,0,0,0,4,4,
Nangert_submission_v4_vs_Sakkirina,21,LEFT_A,4,2987093622388709886,grpc:Nangert_submission_v4,Sakkirina,4,0,0,4,0,4,
Nangert_submission_v4_vs_Sakkirina,21,LEFT_B,4,6239222699537805131,Sakkirina,grpc:Nangert_submission_v4,3,1,0,1,3,4,
Nangert_submission_v4_vs_Sakkirina,22,LEFT_A,4,18349243691839890210,grpc:Nangert_submission_v4,Sakkirina,1,3,0,1,3,4,
Nangert_submission_v4_vs_Sakkirina,22,LEFT_B,4,4789475788279645058,Sakkirina,grpc:Nangert_submission_v4,3,1,0,1,3,4,
Nangert_submission_v4_vs_Sakkirina,23,LEFT_A,4,11112744444889394808,grpc:Nangert_submission_v4,Sakkirina,3,1,0,3,1,4,
Nangert_submission_v4_vs_Sakkirina,23,LEFT_B,4,15881416089026159321,Sakkirina,grpc:Nangert_submission_v4,2,2,0,2,2,4,
Nangert_submission_v4_vs_Sakkirina,24,LEFT_A,4,15012147886672452107,grpc:Nangert_submission_v4,Sakkirina,4,0,0,4,0,4,
Nangert_submission_v4_vs_Sakkirina,24,LEFT_B,4,17241527701527014536,Sakkirina,grpc:Nangert_submission_v4,2,2,0,2,2,4,
Nangert_submission_v4_vs_Sakkirina,25,LEFT_A,4,9842532960202099081,grpc:Nangert_submission_v4,Sakkirina,1,3,0,1,3,4,
Nangert_submission_v4_vs_Sakkirina,25,LEFT_B,4,2869661785341221406,Sakkirina,grpc:Nangert_submission_v4,3,1,0,1,3,4,
Nangert_submission_v4_vs_Sakkirina,26,LEFT_A,4,3943550819281986112,grpc:Nangert_submission_v4,Sakkirina,1,3,0,1,3,4,
Nangert_submission_v4_vs_Sakkirina,26,LEFT_B,4,6077973360510386819,Sakkirina,grpc:Nangert_submission_v4,3,1,0,1,3,4,
Nangert_submission_v4_vs_Sakkirina,27,LEFT_A,4,16187953567543932670,grpc:Nangert_submission_v4,Sakkirina,1,3,0,1,3,4,
Nangert_submission_v4_vs_Sakkirina,27,LEFT_B,4,15493114252488848120,Sakkirina,grpc:Nangert_submission_v4,3,1,0,1,3,4,
Nangert_submission_v4_vs_Sakkirina,28,LEFT_A,4,3865638949485038329,grpc:Nangert_submission_v4,Sakkirina,2,2,0,2,2,4,
Nangert_submission_v4_vs_Sakkirina,28,LEFT_B,4,12097813092868577324,Sakkirina,grpc:Nangert_submission_v4,4,0,0,0,4,4,
Nangert_submission_v4_vs_Sakkirina,29,LEFT_A,4,1958276887282303787,grpc:Nangert_submission_v4,Sakkirina,0,4,0,0,4,4,
Nangert_submission_v4_vs_Sakkirina,29,LEFT_B,4,7025143426075791893,Sakkirina,grpc:Nangert_submission_v4,2,2,0,2,2,4,
Nangert_submission_v4_vs_Sakkirina,30,LEFT_A,4,13482741277955947768,grpc:Nangert_submission_v4,Sakkirina,1,3,0,1,3,4,
Nangert_submission_v4_vs_Sakkirina,30,LEFT_B,4,2274042996522275102,Sakkirina,grpc:Nangert_submission_v4,1,3,0,3,1,4,
Nangert_submission_v4_vs_Sakkirina,31,LEFT_A,4,7516810061639668821,grpc:Nangert_submission_v4,Sakkirina,3,1,0,3,1,4,
Nangert_submission_v4_vs_Sakkirina,31,LEFT_B,4,11967114845986398160,Sakkirina,grpc:Nangert_submission_v4,2,2,0,2,2,4,
Nangert_submission_v4_vs_Sakkirina,32,LEFT_A,4,4574546102050016936,grpc:Nangert_submission_v4,Sakkirina,1,3,0,1,3,4,
Nangert_submission_v4_vs_Sakkirina,32,LEFT_B,4,16942021467082599029,Sakkirina,grpc:Nangert_submission_v4,2,2,0,2,2,4,
Nangert_submission_v4_vs_Sakkirina,33,LEFT_A,4,11204022223997264288,grpc:Nangert_submission_v4,Sakkirina,3,1,0,3,1,4,
Nangert_submission_v4_vs_Sakkirina,33,LEFT_B,4,5794298688259737408,Sakkirina,grpc:Nangert_submission_v4,3,1,0,1,3,4,
Nangert_submission_v4_vs_Sakkirina,34,LEFT_A,4,4505327913769826180,grpc:Nangert_submission_v4,Sakkirina,2,2,0,2,2,4,
Nangert_submission_v4_vs_Sakkirina,34,LEFT_B,4,11088032227073502009,Sakkirina,grpc:Nangert_submission_v4,2,2,0,2,2,4,
