pair_id,round_idx,side,runs,seed,left,right,p1_wins,p2_wins,draws,mapped_a_wins,mapped_b_wins,games,avg_ms
Nangert_submission_v4_vs_ZMyBot,0,LEFT_A,4,2835438335179553955,grpc:Nangert_submission_v4,grpc:ZMyBot,2,2,0,2,2,4,
Nangert_submission_v4_vs_ZMyBot,0,LEFT_B,4,7950435299331548809,grpc:ZMyBot,grpc:Nangert_submission_v4,4,0,0,0,4,4,
Nangert_submission_v4_vs_ZMyBot,1,LEFT_A,4,2177000920929629685,grpc:Nangert_submission_v4,grpc:ZMyBot,3,1,0,3,1,4,
Nangert_submission_v4_vs_ZMyBot,1,LEFT_B,4,13201184723876342773,grpc:ZMyBot,grpc:Nangert_submission_v4,4,0,0,0,4,4,
Nangert_submission_v4_vs_ZMyBot,2,LEFT_A,4,13885377319390861312,grpc:Nangert_submission_v4,grpc:ZMyBot,2,2,0,2,2,4,
Nangert_submission_v4_vs_ZMyBot,2,LEFT_B,4,8252852550291244937,grpc:ZMyBot,grpc:Nangert_submission_v4,4,0,0,0,4,4,
Nangert_submission_v4_vs_ZMyBot,3,LEFT_A,4,5266912315199394593,grpc:Nangert_submission_v4,grpc:ZMyBot,4,0,0,4,0,4,
Nangert_submission_v4_vs_ZMyBot,3,LEFT_B,4,8017701755812884639,grpc:ZMyBot,grpc:Nangert_submission_v4,3,1,0,1,3,4,
Nangert_submission_v4_vs_ZMyBot,4,LEFT_A,4,7648603410430405298,grpc:Nangert_submission_v4,grpc:ZMyBot,2,2,0,2,2,4,
Nangert_submission_v4_vs_ZMyBot,4,LEFT_B,4,7519556385629049807,grpc:ZMyBot,grpc:Nangert_submission_v4,3,1,0,1,3,4,
Nangert_submission_v4_vs_ZMyBot,5,LEFT_A,4,17731899532941360773,grpc:Nangert_submission_v4,grpc:ZMyBot,4,0,0,4,0,4,
Nangert_submission_v4_vs_ZMyBot,5,LEFT_B,4,10884672756507125389,grpc:ZMyBot,grpc:Nangert_submission_v4,3,1,0,1,3,4,
Nangert_submission_v4_vs_ZMyBot,6,LEFT_A,4,1390102188020056099,grpc:Nangert_submission_v4,grpc:ZMyBot,2,2,0,2,2,4,
Nangert_submission_v4_vs_ZMyBot,6,LEFT_B,4,16070303265690598621,grpc:ZMyBot,grpc:Nangert_submission_v4,3,1,0,1,3,4,
Nangert_submission_v4_vs_ZMyBot,7,LEFT_A,4,2622639347035315748,grpc:Nangert_submission_v4,grpc:ZMyBot,2,2,0,2,2,4,
Nangert_submission_v4_vs_ZMyBot,7,LEFT_B,4,16405220148808897618,grpc:ZMyBot,grpc:Nangert_submission_v4,1,3,0,3,1,4,
Nangert_submission_v4_vs_ZMyBot,8,LEFT_A,4,10173334808506983823,grpc:Nangert_submission_v4,grpc:ZMyBot,3,1,0,3,1,4,
Nangert_submission_v4_vs_ZMyBot,8,LEFT_B,4,659011021340310993,grpc:ZMyBot,grpc:Nangert_submission_v4,1,3,0,3,1,4,
Nangert_submission_v4_vs_ZMyBot,9,LEFT_A,4,16580560422218960972,grpc:Nangert_submission_v4,grpc:ZMyBot,1,3,0,1,3,4,
Nangert_submission_v4_vs_ZMyBot,9,LEFT_B,4,5334010372538915679,grpc:ZMyBot,grpc:Nangert_submission_v4,1,3,0,3,1,4,
Nangert_submission_v4_vs_ZMyBot,10,LEFT_A,4,4243533390323190323,grpc:Nangert_submission_v4,grpc:ZMyBot,1,3,0,1,3,4,
Nangert_submission_v4_vs_ZMyBot,10,LEFT_B,4,10113619126834780957,grpc:ZMyBot,grpc:Nangert_submission_v4,4,0,0,0,4,4,
Nangert_submission_v4_vs_ZMyBot,11,LEFT_A,4,1769310905817744985,grpc:Nangert_submission_v4,grpc:ZMyBot,3,1,0,3,1,4,
Nangert_submission_v4_vs_ZMyBot,11,LEFT_B,4,16818821925979874584,grpc:ZMyBot,grpc:Nangert_submission_v4,3,1,0,1,3,4,
Nangert_submission_v4_vs_ZMyBot,12,LEFT_A,4,10291320388388762306,grpc:Nangert_submission_v4,grpc:ZMyBot,3,1,0,3,1,4,
Nangert_submission_v4_vs_ZMyBot,12,LEFT_B,4,7763088307789289833,grpc:ZMyBot,grpc:Nangert_submission_v4,4,0,0,0,4,4,
Nangert_submission_v4_vs_ZMyBot,13,LEFT_A,4,11595174821387970149,grpc:Nangert_submission_v4,grpc:ZMyBot,1,3,0,1,3,4,
Nangert_submission_v4_vs_ZMyBot,13,LEFT_B,4,8384427570040158657,grpc:ZMyBot,grpc:Nangert_submission_v4,4,0,0,0,4,4,
Nangert_submission_v4_vs_ZMyBot,14,LEFT_A,4,11599196322491129251,grpc:Nangert_submission_v4,grpc:ZMyBot,3,1,0,3,1,4,
Nangert_submission_v4_vs_ZMyBot,14,LEFT_B,4,4056970435008456391,grpc:ZMyBot,grpc:Nangert_submission_v4,3,1,0,1,3,4,
Nangert_submission_v4_vs_ZMyBot,15,LEFT_A,4,10779510650711803339,grpc:Nangert_submission_v4,grpc:ZMyBot,3,1,0,3,1,4,
Nangert_submission_v4_vs_ZMyBot,15,LEFT_B,4,10292851036485259974,grpc:ZMyBot,grpc:Nangert_submission_v4,3,1,0,1,3,4,
Nangert_submission_v4_vs_ZMyBot,16,LEFT_A,4,14890942633776249445,grpc:Nangert_submission_v4,grpc:ZMyBot,2,2,0,2,2,4,
Nangert_submission_v4_vs_ZMyBot,16,LEFT_B,4,613135350641625853,grpc:ZMyBot,grpc:Nangert_submission_v4,2,2,0,2,2,4,
Nangert_submission_v4_vs_ZMyBot,17,LEFT_A,4,11066464019800651254,grpc:Nangert_submission_v4,grpc:ZMyBot,3,1,0,3,1,4,
Nangert_submission_v4_vs_ZMyBot,17,LEFT_B,4,8365885877944834276,grpc:ZMyBot,grpc:Nangert_submission_v4,3,1,0,1,3,4,
Nangert_submission_v4_vs_ZMyBot,18,LEFT_A,4,13398755798322577827,grpc:Nangert_submission_v4,grpc:ZMyBot,2,2,0,2,2,4,
Nangert_submission_v4_vs_ZMyBot,18,LEFT_B,4,5685298986136589359,grpc:ZMyBot,grpc:Nangert_submission_v4,3,1,0,1,3,4,
Nangert_submission_v4_vs_ZMyBot,19,LEFT_A,4,5181822937698372973,grpc:Nangert_submission_v4,grpc:ZMyBot,2,2,0,2,2,4,
Nangert_submission_v4_vs_ZMyBot,19,LEFT_B,4,16260813728582220224,grpc:ZMyBot,grpc:Nangert_submission_v4,2,2,0,2,2,4,
Nangert_submission_v4_vs_ZMyBot,20,LEFT_A,4,4040328619472154416,grpc:Nangert_submission_v4,grpc:ZMyBot,2,2,0,2,2,4,
Nangert_submission_v4_vs_ZMyBot,20,LEFT_B,4,15640176518784424232,grpc:ZMyBot,grpc:Nangert_submission_v4,2,2,0,2,2,4,
Nangert_submission_v4_vs_ZMyBot,21,LEFT_A,4,17169405619494327002,grpc:Nangert_submission_v4,grpc:ZMyBot,4,0,0,4,0,4,
Nangert_submission_v4_vs_ZMyBot,21,LEFT_B,4,10613386317392006153,grpc:ZMyBot,grpc:Nangert_submission_v4,3,1,0,1,3,4,
Nangert_submission_v4_vs_ZMyBot,22,LEFT_A,4,2882246885445623143,grpc:Nangert_submission_v4,grpc:ZMyBot,3,1,0,3,1,4,
Nangert_submission_v4_vs_ZMyBot,22,LEFT_B,4,2039373223983427639,grpc:ZMyBot,grpc:Nangert_submission_v4,1,3,0,3,1,4,
Nangert_submission_v4_vs_ZMyBot,23,LEFT_A,4,15808532172795777789,grpc:Nangert_submission_v4,grpc:ZMyBot,3,1,0,3,1,4,
Nangert_submission_v4_vs_ZMyBot,23,LEFT_B,4,17399654844951892207,grpc:ZMyBot,grpc:Nangert_submission_v4,4,0,0,0,4,4,
Nangert_submission_v4_vs_ZMyBot,24,LEFT_A,4,14031971146803638861,grpc:Nangert_submission_v4,grpc:ZMyBot,3,1,0,3,1,4,
Nangert_submission_v4_vs_ZMyBot,24,LEFT_B,4,14756885940192313959,grpc:ZMyBot,grpc:Nangert_submission_v4,2,2,0,2,2,4,
Nangert_submission_v4_vs_ZMyBot,25,LEFT_A,4,12343493882407385434,grpc:Nangert_submission_v4,grpc:ZMyBot,3,1,0,3,1,4,
Nangert_submission_v4_vs_ZMyBot,25,LEFT_B,4,1532595902312322536,grpc:ZMyBot,grpc:Nangert_submission_v4,2,2,0,2,2,4,
Nangert_submission_v4_vs_ZMyBot,26,LEFT_A,4,18018265237328178730,grpc:Nangert_submission_v4,grpc:ZMyBot,2,2,0,2,2,4,
Nangert_submission_v4_vs_ZMyBot,26,LEFT_B,4,13835466629813210169,grpc:ZMyBot,grpc:Nangert_submission_v4,2,2,0,2,2,4,
Nangert_submission_v4_vs_ZMyBot,27,LEFT_A,4,14180400639689547861,grpc:Nangert_submission_v4,grpc:ZMyBot,2,2,0,2,2,4,
Nangert_submission_v4_vs_ZMyBot,27,LEFT_B,4,1884816688168442411,grpc:ZMyBot,grpc:Nangert_submission_v4,3,1,0,1,3,4,
Nangert_submission_v4_vs_ZMyBot,28,LEFT_A,4,5760153337671920837,grpc:Nangert_submission_v4,grpc:ZMyBot,3,1,0,3,1,4,
Nangert_submission_v4_vs_ZMyBot,28,LEFT_B,4,7287853065506253992,grpc:ZMyBot,grpc:Nangert_submission_v4,1,3,0,3,1,4,
Nangert_submission_v4_vs_ZMyBot,29,LEFT_A,4,10802176511753871160,grpc:Nangert_submission_v4,grpc:ZMyBot,2,2,0,2,2,4,
Nangert_submission_v4_vs_ZMyBot,29,LEFT_B,4,16803717080167519847,grpc:ZMyBot,grpc:Nangert_submission_v4,4,0,0,0,4,4,
Nangert_submission_v4_vs_ZMyBot,30,LEFT_A,4,4009848378059749601,grpc:Nangert_submission_v4,grpc:ZMyBot,2,2,0,2,2,4,
Nangert_submission_v4_vs_ZMyBot,30,LEFT_B,4,330126376852315328,grpc:ZMyBot,grpc:Nangert_submission_v4,4,0,0,0,4,4,
Nangert_submission_v4_vs_ZMyBot,31,LEFT_A,4,1537257087128391375,grpc:Nangert_submission_v4,grpc:ZMyBot,3,1,0,3,1,4,
Nangert_submission_v4_vs_ZMyBot,31,LEFT_B,4,8576360843889569858,grpc:ZMyBot,grpc:Nangert_submission_v4,3,1,0,1,3,4,
Nangert_submission_v4_vs_ZMyBot,32,LEFT_A,4,2113613494523151632,grpc:Nangert_submission_v4,grpc:ZMyBot,4,0,0,4,0,4,
Nangert_submission_v4_vs_ZMyBot,32,LEFT_B,4,3344224724816298958,grpc:ZMyBot,grpc:Nangert_submission_v4,3,1,0,1,3,4,
Nangert_submission_v4_vs_ZMyBot,33,LEFT_A,4,14882973711115827262,grpc:Nangert_submission_v4,grpc:ZMyBot,2,2,0,2,2,4,
Nangert_submission_v4_vs_ZMyBot,33,LEFT_B,4,643402346912436536,grpc:ZMyBot,grpc:Nangert_submission_v4,2,2,0,2,2,4,
Nangert_submission_v4_vs_ZMyBot,34,LEFT_A,4,7660583403934553928,grpc:Nangert_submission_v4,grpc:ZMyBot,1,3,0,1,3,4,
Nangert_submission_v4_vs_ZMyBot,34,LEFT_B,4,13108755113293678697,grpc:ZMyBot,grpc:Nangert_submission_v4,1,3,0,3,1,4,
