pair_id,round_idx,side,runs,seed,left,right,p1_wins,p2_wins,draws,mapped_a_wins,mapped_b_wins,games,avg_ms
Nangert_submission_v4_vs_SakkirinaSolo,0,LEFT_A,4,3466453437794917565,grpc:Nangert_submission_v4,SakkirinaSolo,2,2,0,2,2,4,
Nangert_submission_v4_vs_SakkirinaSolo,0,LEFT_B,4,1281362532044658273,SakkirinaSolo,grpc:Nangert_submission_v4,3,1,0,1,3,4,
Nangert_submission_v4_vs_SakkirinaSolo,1,LEFT_A,4,12528470400361953571,grpc:Nangert_submission_v4,SakkirinaSolo,2,2,0,2,2,4,
Nangert_submission_v4_vs_SakkirinaSolo,1,LEFT_B,4,4415093055329374068,SakkirinaSolo,grpc:Nangert_submission_v4,3,1,0,1,3,4,
Nangert_submission_v4_vs_SakkirinaSolo,2,LEFT_A,4,9153867813497324834,grpc:Nangert_submission_v4,SakkirinaSolo,4,0,0,4,0,4,
Nangert_submission_v4_vs_SakkirinaSolo,2,LEFT_B,4,2095803754856883998,SakkirinaSolo,grpc:Nangert_submission_v4,3,1,0,1,3,4,
Nangert_submission_v4_vs_SakkirinaSolo,3,LEFT_A,4,8367977139974915140,grpc:Nangert_submission_v4,SakkirinaSolo,4,0,0,4,0,4,
Nangert_submission_v4_vs_SakkirinaSolo,3,LEFT_B,4,7012513533706780407,SakkirinaSolo,grpc:Nangert_submission_v4,2,2,0,2,2,4,
Nangert_submission_v4_vs_SakkirinaSolo,4,LEFT_A,4,2915747773913366878,grpc:Nangert_submission_v4,SakkirinaSolo,3,1,0,3,1,4,
Nangert_submission_v4_vs_SakkirinaSolo,4,LEFT_B,4,15569451875674786712,SakkirinaSolo,grpc:Nangert_submission_v4,2,2,0,2,2,4,
Nangert_submission_v4_vs_SakkirinaSolo,5,LEFT_A,4,13150656355028724574,grpc:Nangert_submission_v4,SakkirinaSolo,2,2,0,2,2,4,
Nangert_submission_v4_vs_SakkirinaSolo,5,LEFT_B,4,6015930691137631029,SakkirinaSolo,grpc:Nangert_submission_v4,4,0,0,0,4,4,
Nangert_submission_v4_vs_SakkirinaSolo,6,LEFT_A,4,6080402246035671673,grpc:Nangert_submission_v4,SakkirinaSolo,3,1,0,3,1,4,
Nangert_submission_v4_vs_SakkirinaSolo,6,LEFT_B,4,17466380573326928867,SakkirinaSolo,grpc:Nangert_submission_v4,4,0,0,0,4,4,
Nangert_submission_v4_vs_SakkirinaSolo,7,LEFT_A,4,3976964397483953603,grpc:Nangert_submission_v4,SakkirinaSolo,4,0,0,4,0,4,
Nangert_submission_v4_vs_SakkirinaSolo,7,LEFT_B,4,13743857075492798845,SakkirinaSolo,grpc:Nangert_submission_v4,2,2,0,2,2,4,
Nangert_submission_v4_vs_SakkirinaSolo,8,LEFT_A,4,4302223118726216715,grpc:Nangert_submission_v4,SakkirinaSolo,2,2,0,2,2,4,
Nangert_submission_v4_vs_SakkirinaSolo,8,LEFT_B,4,589119082171890950,SakkirinaSolo,grpc:Nangert_submission_v4,3,1,0,1,3,4,
Nangert_submission_v4_vs_SakkirinaSolo,9,LEFT_A,4,18366269089272451397,grpc:Nangert_submission_v4,SakkirinaSolo,3,1,0,3,1,4,
Nangert_submission_v4_vs_SakkirinaSolo,9,LEFT_B,4,1478667676743989743,SakkirinaSolo,grpc:Nangert_submission_v4,3,1,0,1,3,4,
Nangert_submission_v4_vs_SakkirinaSolo,10,LEFT_A,4,1231343629251880077,grpc:Nangert_submission_v4,SakkirinaSolo,4,0,0,4,0,4,
Nangert_submission_v4_vs_SakkirinaSolo,10,LEFT_B,4,15833542706997596382,SakkirinaSolo,grpc:Nangert_submission_v4,3,1,0,1,3,4,
Nangert_submission_v4_vs_SakkirinaSolo,11,LEFT_A,4,11028773109892828748,grpc:Nangert_submission_v4,SakkirinaSolo,3,1,0,3,1,4,
Nangert_submission_v4_vs_SakkirinaSolo,11,LEFT_B,4,15320049360773106278,SakkirinaSolo,grpc:Nangert_submission_v4,1,3,0,3,1,4,
Nangert_submission_v4_vs_SakkirinaSolo,12,LEFT_A,4,15471417111661799996,grpc:Nangert_submission_v4,SakkirinaSolo,4,0,0,4,0,4,
Nangert_submission_v4_vs_SakkirinaSolo,12,LEFT_B,4,2617153065746912826,SakkirinaSolo,grpc:Nangert_submission_v4,4,0,0,0,4,4,
Nangert_submission_v4_vs_SakkirinaSolo,13,LEFT_A,4,16014900094569911710,grpc:Nangert_submission_v4,SakkirinaSolo,3,1,0,3,1,4,
Nangert_submission_v4_vs_SakkirinaSolo,13,LEFT_B,4,418684683789110763,SakkirinaSolo,grpc:Nangert_submission_v4,1,3,0,3,1,4,
Nangert_submission_v4_vs_SakkirinaSolo,14,LEFT_A,4,13558706169395159033,grpc:Nangert_submission_v4,SakkirinaSolo,3,1,0,3,1,4,
Nangert_submission_v4_vs_SakkirinaSolo,14,LEFT_B,4,12489558525196536761,SakkirinaSolo,grpc:Nangert_submission_v4,4,0,0,0,4,4,
Nangert_submission_v4_vs_SakkirinaSolo,15,LEFT_A,4,3279130209343884242,grpc:Nangert_submission_v4,SakkirinaSolo,4,0,0,4,0,4,
Nangert_submission_v4_vs_SakkirinaSolo,15,LEFT_B,4,14508986811419834739,SakkirinaSolo,grpc:Nangert_submission_v4,2,2,0,2,2,4,
Nangert_submission_v4_vs_SakkirinaSolo,16,LEFT_A,4,8512962536476400591,grpc:Nangert_submission_v4,SakkirinaSolo,3,1,0,3,1,4,
Nangert_submission_v4_vs_SakkirinaSolo,16,LEFT_B,4,6886253088163799103,SakkirinaSolo,grpc:Nangert_submission_v4,4,0,0,0,4,4,
Nangert_submission_v4_vs_SakkirinaSolo,17,LEFT_A,4,8995021776876597352,grpc:Nangert_submission_v4,SakkirinaSolo,2,2,0,2,2,4,
Nangert_submission_v4_vs_SakkirinaSolo,17,LEFT_B,4,10153758977207662356,SakkirinaSolo,grpc:Nangert_submission_v4,2,2,0,2,2,4,
Nangert_submission_v4_vs_SakkirinaSolo,18,LEFT_A,4,5137272178040466137,grpc:Nangert_submission_v4,SakkirinaSolo,3,1,0,3,1,4,
Nangert_submission_v4_vs_SakkirinaSolo,18,LEFT_B,4,17517428379610352115,SakkirinaSolo,grpc:Nangert_submission_v4,3,1,0,1,3,4,
Nangert_submission_v4_vs_SakkirinaSolo,19,LEFT_A,4,7336948230297446272,grpc:Nangert_submission_v4,SakkirinaSolo,3,1,0,3,1,4,
Nangert_submission_v4_vs_SakkirinaSolo,19,LEFT_B,4,8786473527010761872,SakkirinaSolo,grpc:Nangert_submission_v4,1,3,0,3,1,4,
Nangert_submission_v4_vs_SakkirinaSolo,20,LEFT_A,4,2465840857486141330,grpc:Nangert_submission_v4,SakkirinaSolo,4,0,0,4,0,4,
Nangert_submission_v4_vs_SakkirinaSolo,20,LEFT_B,4,10082921729234504494,SakkirinaSolo,grpc:Nangert_submission_v4,2,2,0,2,2,4,
Nangert_submission_v4_vs_SakkirinaSolo,21,LEFT_A,4,6614691732582859539,grpc:Nangert_submission_v4,SakkirinaSolo,2,2,0,2,2,4,
Nangert_submission_v4_vs_SakkirinaSolo,21,LEFT_B,4,39583089944350955,SakkirinaSolo,grpc:Nangert_submission_v4,3,1,0,1,3,4,
Nangert_submission_v4_vs_SakkirinaSolo,22,LEFT_A,4,6536793858818534949,grpc:Nangert_submission_v4,SakkirinaSolo,3,1,0,3,1,4,
Nangert_submission_v4_vs_SakkirinaSolo,22,LEFT_B,4,17222458168164622893,SakkirinaSolo,grpc:Nangert_submission_v4,3,1,0,1,3,4,
Nangert_submission_v4_vs_SakkirinaSolo,23,LEFT_A,4,3539106433580055836,grpc:Nangert_submission_v4,SakkirinaSolo,2,2,0,2,2,4,
Nangert_submission_v4_vs_SakkirinaSolo,23,LEFT_B,4,2411612717962799144,SakkirinaSolo,grpc:Nangert_submission_v4,2,2,0,2,2,4,
Nangert_submission_v4_vs_SakkirinaSolo,24,LEFT_A,4,684733679093707589,grpc:Nangert_submission_v4,SakkirinaSolo,3,1,0,3,1,4,
Nangert_submission_v4_vs_SakkirinaSolo,24,LEFT_B,4,15702023001193467794,SakkirinaSolo,grpc:Nangert_submission_v4,3,1,0,1,3,4,
Nangert_submission_v4_vs_SakkirinaSolo,25,LEFT_A,4,3561137664331584143,grpc:Nangert_submission_v4,SakkirinaSolo,4,0,0,4,0,4,
Nangert_submission_v4_vs_SakkirinaSolo,25,LEFT_B,4,4977973614185574647,SakkirinaSolo,grpc:Nangert_submission_v4,3,1,0,1,3,4,
Nangert_submission_v4_vs_SakkirinaSolo,26,LEFT_A,4,2424250699601912241,grpc:Nangert_submission_v4,SakkirinaSolo,4,0,0,4,0,4,
Nangert_submission_v4_vs_SakkirinaSolo,26,LEFT_B,4,8467541522383276541,SakkirinaSolo,grpc:Nangert_submission_v4,3,1,0,1,3,4,
Nangert_submission_v4_vs_SakkirinaSolo,27,LEFT_A,4,6279970209781919064,grpc:Nangert_submission_v4,SakkirinaSolo,2,2,0,2,2,4,
Nangert_submission_v4_vs_SakkirinaSolo,27,LEFT_B,4,9646322345357357172,SakkirinaSolo,grpc:Nangert_submission_v4,2,2,0,2,2,4,
Nangert_submission_v4_vs_SakkirinaSolo,28,LEFT_A,4,6609068297810149560,grpc:Nangert_submission_v4,SakkirinaSolo,3,1,0,3,1,4,
Nangert_submission_v4_vs_SakkirinaSolo,28,LEFT_B,4,14241629401460630789,SakkirinaSolo,grpc:Nangert_submission_v4,3,1,0,1,3,4,
Nangert_submission_v4_vs_SakkirinaSolo,29,LEFT_A,4,2148233752383955094,grpc:Nangert_submission_v4,SakkirinaSolo,4,0,0,4,0,4,
Nangert_submission_v4_vs_SakkirinaSolo,29,LEFT_B,4,1835847262817391265,SakkirinaSolo,grpc:Nangert_submission_v4,3,1,0,1,3,4,
Nangert_submission_v4_vs_SakkirinaSolo,30,LEFT_A,4,12022354338751015136,grpc:Nangert_submission_v4,SakkirinaSolo,3,1,0,3,1,4,
Nangert_submission_v4_vs_SakkirinaSolo,30,LEFT_B,4,17659283916876663813,SakkirinaSolo,grpc:Nangert_submission_v4,2,2,0,2,2,4,
Nangert_submission_v4_vs_SakkirinaSolo,31,LEFT_A,4,9977027373808603294,grpc:Nangert_submission_v4,SakkirinaSolo,2,2,0,2,2,4,
Nangert_submission_v4_vs_SakkirinaSolo,31,LEFT_B,4,930931970484955658,SakkirinaSolo,grpc:Nangert_submission_v4,3,1,0,1,3,4,
Nangert_submission_v4_vs_SakkirinaSolo,32,LEFT_A,4,15785462692954219310,grpc:Nangert_submission_v4,SakkirinaSolo,3,1,0,3,1,4,
Nangert_submission_v4_vs_SakkirinaSolo,32,LEFT_B,4,9848579212260737516,SakkirinaSolo,grpc:Nangert_submission_v4,3,1,0,1,3,4,
Nangert_submission_v4_vs_SakkirinaSolo,33,LEFT_A,4,1834436271931826559,grpc:Nangert_submission_v4,SakkirinaSolo,4,0,0,4,0,4,
Nangert_submission_v4_vs_SakkirinaSolo,33,LEFT_B,4,8388819984869561565,SakkirinaSolo,grpc:Nangert_submission_v4,2,2,0,2,2,4,
Nangert_submission_v4_vs_SakkirinaSolo,34,LEFT_A,4,18316875840194896,grpc:Nangert_submission_v4,SakkirinaSolo,3,1,0,3,1,4,
Nangert_submission_v4_vs_SakkirinaSolo,34,LEFT_B,4,16762786879331049246,SakkirinaSolo,grpc:Nangert_submission_v4,1,3,0,3,1,4,
