pair_id,round_idx,side,runs,seed,left,right,p1_wins,p2_wins,draws,mapped_a_wins,mapped_b_wins,games,avg_ms
Sakkirina_vs_ZMyBot,0,LEFT_A,4,5756778905073242534,Sakkirina,grpc:ZMyBot,4,0,0,4,0,4,
Sakkirina_vs_ZMyBot,0,LEFT_B,4,18137294188801442246,grpc:ZMyBot,Sakkirina,0,4,0,4,0,4,
Sakkirina_vs_ZMyBot,1,LEFT_A,4,5700383727940139748,Sakkirina,grpc:ZMyBot,4,0,0,4,0,4,
Sakkirina_vs_ZMyBot,1,LEFT_B,4,15822541597111342191,grpc:ZMyBot,Sakkirina,0,4,0,4,0,4,
Sakkirina_vs_ZMyBot,2,LEFT_A,4,6193382943841695348,Sakkirina,grpc:ZMyBot,3,1,0,3,1,4,
Sakkirina_vs_ZMyBot,2,LEFT_B,4,5349193672735321513,grpc:ZMyBot,Sakkirina,1,3,0,3,1,4,
Sakkirina_vs_ZMyBot,3,LEFT_A,4,14654285658691522012,Sakkirina,grpc:ZMyBot,3,1,0,3,1,4,
Sakkirina_vs_ZMyBot,3,LEFT_B,4,4120862617879231143,grpc:ZMyBot,Sakkirina,0,4,0,4,0,4,
Sakkirina_vs_ZMyBot,4,LEFT_A,4,16837615039817553050,Sakkirina,grpc:ZMyBot,4,0,0,4,0,4,
Sakkirina_vs_ZMyBot,4,LEFT_B,4,14614241604099030565,grpc:ZMyBot,Sakkirina,0,4,0,4,0,4,
Sakkirina_vs_ZMyBot,5,LEFT_A,4,784437952762656174,Sakkirina,grpc:ZMyBot,4,0,0,4,0,4,
Sakkirina_vs_ZMyBot,5,LEFT_B,4,10294267588550472809,grpc:ZMyBot,Sakkirina,0,4,0,4,0,4,
Sakkirina_vs_ZMyBot,6,LEFT_A,4,4792569168968212522,Sakkirina,grpc:ZMyBot,3,1,0,3,1,4,
Sakkirina_vs_ZMyBot,6,LEFT_B,4,13595935651474090786,grpc:ZMyBot,Sakkirina,1,3,0,3,1,4,
Sakkirina_vs_ZMyBot,7,LEFT_A,4,2407199894733475706,Sakkirina,grpc:ZMyBot,4,0,0,4,0,4,
Sakkirina_vs_ZMyBot,7,LEFT_B,4,15292694771898505764,grpc:ZMyBot,Sakkirina,0,4,0,4,0,4,
Sakkirina_vs_ZMyBot,8,LEFT_A,4,303600205750189026,Sakkirina,grpc:ZMyBot,4,0,0,4,0,4,
Sakkirina_vs_ZMyBot,8,LEFT_B,4,11518157884165196905,grpc:ZMyBot,Sakkirina,0,4,0,4,0,4,
Sakkirina_vs_ZMyBot,9,LEFT_A,4,8493019891387997838,Sakkirina,grpc:ZMyBot,4,0,0,4,0,4,
Sakkirina_vs_ZMyBot,9,LEFT_B,4,16757641806132847776,grpc:ZMyBot,Sakkirina,0,4,0,4,0,4,
Sakkirina_vs_ZMyBot,10,LEFT_A,4,1621244479119827090,Sakkirina,grpc:ZMyBot,4,0,0,4,0,4,
Sakkirina_vs_ZMyBot,10,LEFT_B,4,4050023932628188579,grpc:ZMyBot,Sakkirina,0,4,0,4,0,4,
Sakkirina_vs_ZMyBot,11,LEFT_A,4,11877782175243966204,Sakkirina,grpc:ZMyBot,4,0,0,4,0,4,
Sakkirina_vs_ZMyBot,11,LEFT_B,4,18445505990378943397,grpc:ZMyBot,Sakkirina,0,4,0,4,0,4,
Sakkirina_vs_ZMyBot,12,LEFT_A,4,7052037776719346348,Sakkirina,grpc:ZMyBot,4,0,0,4,0,4,
Sakkirina_vs_ZMyBot,12,LEFT_B,4,7590664592730800705,grpc:ZMyBot,Sakkirina,0,4,0,4,0,4,
Sakkirina_vs_ZMyBot,13,LEFT_A,4,12069859617556567701,Sakkirina,grpc:ZMyBot,4,0,0,4,0,4,
Sakkirina_vs_ZMyBot,13,LEFT_B,4,4670545497396439943,grpc:ZMyBot,Sakkirina,0,4,0,4,0,4,
Sakkirina_vs_ZMyBot,14,LEFT_A,4,2549035105619531759,Sakkirina,grpc:ZMyBot,3,1,0,3,1,4,
Sakkirina_vs_ZMyBot,14,LEFT_B,4,13131491138103417145,grpc:ZMyBot,Sakkirina,0,4,0,4,0,4,
Sakkirina_vs_ZMyBot,15,LEFT_A,4,4776458012281369665,Sakkirina,grpc:ZMyBot,4,0,0,4,0,4,
Sakkirina_vs_ZMyBot,15,LEFT_B,4,14700140649828838888,grpc:ZMyBot,Sakkirina,0,4,0,4,0,4,
Sakkirina_vs_ZMyBot,16,LEFT_A,4,1431756411866319789,Sakkirina,grpc:ZMyBot,4,0,0,4,0,4,
Sakkirina_vs_ZMyBot,16,LEFT_B,4,16718156057645275075,grpc:ZMyBot,Sakkirina,0,4,0,4,0,4,
Sakkirina_vs_ZMyBot,17,LEFT_A,4,10127459191435533415,Sakkirina,grpc:ZMyBot,4,0,0,4,0,4,
Sakkirina_vs_ZMyBot,17,LEFT_B,4,8554593793618271045,grpc:ZMyBot,Sakkirina,0,4,0,4,0,4,
Sakkirina_vs_ZMyBot,18,LEFT_A,4,5680018822952932964,Sakkirina,grpc:ZMyBot,4,0,0,4,0,4,
Sakkirina_vs_ZMyBot,18,LEFT_B,4,9909659294393535423,grpc:ZMyBot,Sakkirina,0,4,0,4,0,4,
Sakkirina_vs_ZMyBot,19,LEFT_A,4,15420927331494862951,Sakkirina,grpc:ZMyBot,4,0,0,4,0,4,
Sakkirina_vs_ZMyBot,19,LEFT_B,4,14383765264637990187,grpc:ZMyBot,Sakkirina,0,4,0,4,0,4,
Sakkirina_vs_ZMyBot,20,LEFT_A,4,3468502398481763759,Sakkirina,grpc:ZMyBot,4,0,0,4,0,4,
Sakkirina_vs_ZMyBot,20,LEFT_B,4,2401718039834643043,grpc:ZMyBot,Sakkirina,0,4,0,4,0,4,
Sakkirina_vs_ZMyBot,21,LEFT_A,4,17095901844889937274,Sakkirina,grpc:ZMyBot,4,0,0,4,0,4,
Sakkirina_vs_ZMyBot,21,LEFT_B,4,13863237783898142130,grpc:ZMyBot,Sakkirina,1,3,0,3,1,4,
Sakkirina_vs_ZMyBot,22,LEFT_A,4,14397411914459633285,Sakkirina,grpc:ZMyBot,4,0,0,4,0,4,
Sakkirina_vs_ZMyBot,22,LEFT_B,4,16104321989943320121,grpc:ZMyBot,Sakkirina,0,4,0,4,0,4,
Sakkirina_vs_ZMyBot,23,LEFT_A,4,5809285242511744121,Sakkirina,grpc:ZMyBot,3,1,0,3,1,4,
Sakkirina_vs_ZMyBot,23,LEFT_B,4,16675674943352409048,grpc:ZMyBot,Sakkirina,0,4,0,4,0,4,
Sakkirina_vs_ZMyBot,24,LEFT_A,4,10746457326162178513,Sakkirina,grpc:ZMyBot,4,0,0,4,0,4,
Sakkirina_vs_ZMyBot,24,LEFT_B,4,15078779627805156759,grpc:ZMyBot,Sakkirina,0,4,0,4,0,4,
Sakkirina_vs_ZMyBot,25,LEFT_A,4,9746444130017448096,Sakkirina,grpc:ZMyBot,4,0,0,4,0,4,
Sakkirina_vs_ZMyBot,25,LEFT_B,4,16008316890799401839,grpc:ZMyBot,Sakkirina,0,4,0,4,0,4,
Sakkirina_vs_ZMyBot,26,LEFT_A,4,11074956232967547179,Sakkirina,grpc:ZMyBot,4,0,0,4,0,4,
Sakkirina_vs_ZMyBot,26,LEFT_B,4,742349654970522995,grpc:ZMyBot,Sakkirina,0,4,0,4,0,4,
Sakkirina_vs_ZMyBot,27,LEFT_A,4,15200944304325917216,Sakkirina,grpc:ZMyBot,4,0,0,4,0,4,
Sakkirina_vs_ZMyBot,27,LEFT_B,4,5800656769529930607,grpc:ZMyBot,Sakkirina,0,4,0,4,0,4,
Sakkirina_vs_ZMyBot,28,LEFT_A,4,471226225347602019,Sakkirina,grpc:ZMyBot,3,1,0,3,1,4,
Sakkirina_vs_ZMyBot,28,LEFT_B,4,13570253763162878837,grpc:ZMyBot,Sakkirina,0,4,0,4,0,4,
Sakkirina_vs_ZMyBot,29,LEFT_A,4,4111627846560712244,Sakkirina,grpc:ZMyBot,4,0,0,4,0,4,
Sakkirina_vs_ZMyBot,29,LEFT_B,4,172372147066750296,grpc:ZMyBot,Sakkirina,0,4,0,4,0,4,
Sakkirina_vs_ZMyBot,30,LEFT_A,4,12176791235436219939,Sakkirina,grpc:ZMyBot,4,0,0,4,0,4,
Sakkirina_vs_ZMyBot,30,LEFT_B,4,1230603866010245429,grpc:ZMyBot,Sakkirina,0,4,0,4,0,4,
Sakkirina_vs_ZMyBot,31,LEFT_A,4,2854482590131241410,Sakkirina,grpc:ZMyBot,4,0,0,4,0,4,
Sakkirina_vs_ZMyBot,31,LEFT_B,4,2207191427843659868,grpc:ZMyBot,Sakkirina,1,3,0,3,1,4,
Sakkirina_vs_ZMyBot,32,LEFT_A,4,3840114592741001039,Sakkirina,grpc:ZMyBot,4,0,0,4,0,4,
Sakkirina_vs_ZMyBot,32,LEFT_B,4,12230859084307859902,grpc:ZMyBot,Sakkirina,0,4,0,4,0,4,
Sakkirina_vs_ZMyBot,33,LEFT_A,4,2780494292385166726,Sakkirina,grpc:ZMyBot,4,0,0,4,0,4,
Sakkirina_vs_ZMyBot,33,LEFT_B,4,7415304539362902918,grpc:ZMyBot,Sakkirina,0,4,0,4,0,4,
Sakkirina_vs_ZMyBot,34,LEFT_A,4,9203749864156147113,Sakkirina,grpc:ZMyBot,4,0,0,4,0,4,
Sakkirina_vs_ZMyBot,34,LEFT_B,4,4433308455429738368,grpc:ZMyBot,Sakkirina,0,4,0,4,0,4,
