pair_id,round_idx,side,runs,seed,left,right,p1_wins,p2_wins,draws,mapped_a_wins,mapped_b_wins,games,avg_ms
Sakkirina_vs_SakkirinaSolo,0,LEFT_A,4,2416704478667153935,Sakkirina,SakkirinaSolo,3,1,0,3,1,4,
Sakkirina_vs_SakkirinaSolo,0,LEFT_B,4,4904021885069018341,SakkirinaSolo,Sakkirina,4,0,0,0,4,4,
Sakkirina_vs_SakkirinaSolo,1,LEFT_A,4,5514554592521554119,Sakkirina,SakkirinaSolo,2,2,0,2,2,4,
Sakkirina_vs_SakkirinaSolo,1,LEFT_B,4,15177756386144765669,SakkirinaSolo,Sakkirina,3,1,0,1,3,4,
Sakkirina_vs_SakkirinaSolo,2,LEFT_A,4,4589004680502262727,Sakkirina,SakkirinaSolo,2,2,0,2,2,4,
Sakkirina_vs_SakkirinaSolo,2,LEFT_B,4,6037081200261145186,SakkirinaSolo,Sakkirina,1,3,0,3,1,4,
Sakkirina_vs_SakkirinaSolo,3,LEFT_A,4,9024663055281451204,Sakkirina,SakkirinaSolo,3,1,0,3,1,4,
Sakkirina_vs_SakkirinaSolo,3,LEFT_B,4,1695960044480763608,SakkirinaSolo,Sakkirina,2,2,0,2,2,4,
Sakkirina_vs_SakkirinaSolo,4,LEFT_A,4,16136426511920888974,Sakkirina,SakkirinaSolo,4,0,0,4,0,4,
Sakkirina_vs_SakkirinaSolo,4,LEFT_B,4,4071529397850990257,SakkirinaSolo,Sakkirina,3,1,0,1,3,4,
Sakkirina_vs_SakkirinaSolo,5,LEFT_A,4,8593639676948138089,Sakkirina,SakkirinaSolo,2,2,0,2,2,4,
Sakkirina_vs_SakkirinaSolo,5,LEFT_B,4,16297049104223406058,SakkirinaSolo,Sakkirina,3,1,0,1,3,4,
Sakkirina_vs_SakkirinaSolo,6,LEFT_A,4,12667437145855607424,Sakkirina,SakkirinaSolo,1,3,0,1,3,4,
Sakkirina_vs_SakkirinaSolo,6,LEFT_B,4,2831649677663872619,SakkirinaSolo,Sakkirina,2,2,0,2,2,4,
Sakkirina_vs_SakkirinaSolo,7,LEFT_A,4,10786015585633890478,Sakkirina,SakkirinaSolo,1,3,0,1,3,4,
Sakkirina_vs_SakkirinaSolo,7,LEFT_B,4,1646384934304075148,SakkirinaSolo,Sakkirina,3,1,0,1,3,4,
Sakkirina_vs_SakkirinaSolo,8,LEFT_A,4,10292511821265439243,Sakkirina,SakkirinaSolo,2,2,0,2,2,4,
Sakkirina_vs_SakkirinaSolo,8,LEFT_B,4,852043711160622518,SakkirinaSolo,Sakkirina,3,1,0,1,3,4,
Sakkirina_vs_SakkirinaSolo,9,LEFT_A,4,7131926598315533569,Sakkirina,SakkirinaSolo,2,2,0,2,2,4,
Sakkirina_vs_SakkirinaSolo,9,LEFT_B,4,9427432649239521988,SakkirinaSolo,Sakkirina,3,1,0,1,3,4,
Sakkirina_vs_SakkirinaSolo,10,LEFT_A,4,13545207261336491711,Sakkirina,SakkirinaSolo,3,1,0,3,1,4,
Sakkirina_vs_SakkirinaSolo,10,LEFT_B,4,3991563067042478235,SakkirinaSolo,Sakkirina,3,1,0,1,3,4,
Sakkirina_vs_SakkirinaSolo,11,LEFT_A,4,805859622342123077,Sakkirina,SakkirinaSolo,3,1,0,3,1,4,
Sakkirina_vs_SakkirinaSolo,11,LEFT_B,4,11563738620367305897,SakkirinaSolo,Sakkirina,2,2,0,2,2,4,
Sakkirina_vs_SakkirinaSolo,12,LEFT_A,4,17588800576360125117,Sakkirina,SakkirinaSolo,3,1,0,3,1,4,
Sakkirina_vs_SakkirinaSolo,12,LEFT_B,4,11289386549598983174,SakkirinaSolo,Sakkirina,4,0,0,0,4,4,
Sakkirina_vs_SakkirinaSolo,13,LEFT_A,4,16648706059839405797,Sakkirina,SakkirinaSolo,3,1,0,3,1,4,
Sakkirina_vs_SakkirinaSolo,13,LEFT_B,4,4342051201095696939,SakkirinaSolo,Sakkirina,4,0,0,0,4,4,
Sakkirina_vs_SakkirinaSolo,14,LEFT_A,4,7977757801358765920,Sakkirina,SakkirinaSolo,4,0,0,4,0,4,
Sakkirina_vs_SakkirinaSolo,14,LEFT_B,4,2501721375426642127,SakkirinaSolo,Sakkirina,1,3,0,3,1,4,
Sakkirina_vs_SakkirinaSolo,15,LEFT_A,4,18280776146581326030,Sakkirina,SakkirinaSolo,4,0,0,4,0,4,
Sakkirina_vs_SakkirinaSolo,15,LEFT_B,4,5764155181265231545,SakkirinaSolo,Sakkirina,2,2,0,2,2,4,
Sakkirina_vs_SakkirinaSolo,16,LEFT_A,4,13683489868325982488,Sakkirina,SakkirinaSolo,2,2,0,2,2,4,
Sakkirina_vs_SakkirinaSolo,16,LEFT_B,4,13965096954973567318,SakkirinaSolo,Sakkirina,3,1,0,1,3,4,
Sakkirina_vs_SakkirinaSolo,17,LEFT_A,4,18257062306579243933,Sakkirina,SakkirinaSolo,2,2,0,2,2,4,
Sakkirina_vs_SakkirinaSolo,17,LEFT_B,4,2429116617368209505,SakkirinaSolo,Sakkirina,4,0,0,0,4,4,
Sakkirina_vs_SakkirinaSolo,18,LEFT_A,4,419946430409195817,Sakkirina,SakkirinaSolo,1,3,0,1,3,4,
Sakkirina_vs_SakkirinaSolo,18,LEFT_B,4,5282267227389446535,SakkirinaSolo,Sakkirina,4,0,0,0,4,4,
Sakkirina_vs_SakkirinaSolo,19,LEFT_A,4,11065118025431495243,Sakkirina,SakkirinaSolo,3,1,0,3,1,4,
Sakkirina_vs_SakkirinaSolo,19,LEFT_B,4,2571910233907785876,SakkirinaSolo,Sakkirina,4,0,0,0,4,4,
Sakkirina_vs_SakkirinaSolo,20,LEFT_A,4,15674527542556220970,Sakkirina,SakkirinaSolo,0,4,0,0,4,4,
Sakkirina_vs_SakkirinaSolo,20,LEFT_B,4,2561040829695986490,SakkirinaSolo,Sakkirina,3,1,0,1,3,4,
Sakkirina_vs_SakkirinaSolo,21,LEFT_A,4,1439742954849357322,Sakkirina,SakkirinaSolo,3,1,0,3,1,4,
Sakkirina_vs_SakkirinaSolo,21,LEFT_B,4,2115314538503022730,SakkirinaSolo,Sakkirina,4,0,0,0,4,4,
Sakkirina_vs_SakkirinaSolo,22,LEFT_A,4,18067852806426782930,Sakkirina,SakkirinaSolo,3,1,0,3,1,4,
Sakkirina_vs_SakkirinaSolo,22,LEFT_B,4,2902313245174786055,SakkirinaSolo,Sakkirina,1,3,0,3,1,4,
Sakkirina_vs_SakkirinaSolo,23,LEFT_A,4,14928104423537717037,Sakkirina,SakkirinaSolo,1,3,0,1,3,4,
Sakkirina_vs_SakkirinaSolo,23,LEFT_B,4,14270126999016498713,SakkirinaSolo,Sakkirina,2,2,0,2,2,4,
Sakkirina_vs_SakkirinaSolo,24,LEFT_A,4,3721801753991600202,Sakkirina,SakkirinaSolo,1,3,0,1,3,4,
Sakkirina_vs_SakkirinaSolo,24,LEFT_B,4,9603906407060956483,SakkirinaSolo,Sakkirina,3,1,0,1,3,4,
Sakkirina_vs_SakkirinaSolo,25,LEFT_A,4,14250965489111332342,Sakkirina,SakkirinaSolo,4,0,0,4,0,4,
Sakkirina_vs_SakkirinaSolo,25,LEFT_B,4,8711107162909166411,SakkirinaSolo,Sakkirina,1,3,0,3,1,4,
Sakkirina_vs_SakkirinaSolo,26,LEFT_A,4,10554223791824468834,Sakkirina,SakkirinaSolo,1,3,0,1,3,4,
Sakkirina_vs_SakkirinaSolo,26,LEFT_B,4,6360067690133109284,SakkirinaSolo,Sakkirina,2,2,0,2,2,4,
Sakkirina_vs_SakkirinaSolo,27,LEFT_A,4,7581682766200827912,Sakkirina,SakkirinaSolo,4,0,0,4,0,4,
Sakkirina_vs_SakkirinaSolo,27,LEFT_B,4,900978234200664555,SakkirinaSolo,Sakkirina,3,1,0,1,3,4,
Sakkirina_vs_SakkirinaSolo,28,LEFT_A,4,4831257780133447738,Sakkirina,SakkirinaSolo,2,2,0,2,2,4,
Sakkirina_vs_SakkirinaSolo,28,LEFT_B,4,12386251645228322130,SakkirinaSolo,Sakkirina,3,1,0,1,3,4,
Sakkirina_vs_SakkirinaSolo,29,LEFT_A,4,3021759927760510667,Sakkirina,SakkirinaSolo,3,1,0,3,1,4,
Sakkirina_vs_SakkirinaSolo,29,LEFT_B,4,17559941978357561621,SakkirinaSolo,Sakkirina,0,4,0,4,0,4,
Sakkirina_vs_SakkirinaSolo,30,LEFT_A,4,12836474998875257574,Sakkirina,SakkirinaSolo,2,2,0,2,2,4,
Sakkirina_vs_SakkirinaSolo,30,LEFT_B,4,2143027189544187179,SakkirinaSolo,Sakkirina,4,0,0,0,4,4,
Sakkirina_vs_SakkirinaSolo,31,LEFT_A,4,3263386374423600161,Sakkirina,SakkirinaSolo,2,2,0,2,2,4,
Sakkirina_vs_SakkirinaSolo,31,LEFT_B,4,10324861961338381159,SakkirinaSolo,Sakkirina,1,3,0,3,1,4,
Sakkirina_vs_SakkirinaSolo,32,LEFT_A,4,706644593898833076,Sakkirina,SakkirinaSolo,3,1,0,3,1,4,
Sakkirina_vs_SakkirinaSolo,32,LEFT_B,4,5162196805768649481,SakkirinaSolo,Sakkirina,3,1,0,1,3,4,
Sakkirina_vs_SakkirinaSolo,33,LEFT_A,4,13126767858326429577,Sakkirina,SakkirinaSolo,1,3,0,1,3,4,
Sakkirina_vs_SakkirinaSolo,33,LEFT_B,4,5559751910472035270,SakkirinaSolo,Sakkirina,4,0,0,0,4,4,
Sakkirina_vs_SakkirinaSolo,34,LEFT_A,4,331860047604585372,Sakkirina,SakkirinaSolo,2,2,0,2,2,4,
Sakkirina_vs_SakkirinaSolo,34,LEFT_B,4,10058526046659404780,SakkirinaSolo,Sakkirina,3,1,0,1,3,4,
