pair_id,round_idx,side,runs,seed,left,right,p1_wins,p2_wins,draws,mapped_a_wins,mapped_b_wins,games,avg_ms
SakkirinaSolo_vs_ZMyBot,0,LEFT_A,4,7380907419937002290,SakkirinaSolo,grpc:ZMyBot,4,0,0,4,0,4,
SakkirinaSolo_vs_ZMyBot,0,LEFT_B,4,16257017215454405455,grpc:ZMyBot,SakkirinaSolo,0,4,0,4,0,4,
SakkirinaSolo_vs_ZMyBot,1,LEFT_A,4,12220429460379489043,SakkirinaSolo,grpc:ZMyBot,4,0,0,4,0,4,
SakkirinaSolo_vs_ZMyBot,1,LEFT_B,4,12350051631106192461,grpc:ZMyBot,SakkirinaSolo,1,3,0,3,1,4,
SakkirinaSolo_vs_ZMyBot,2,LEFT_A,4,13182527007870612220,SakkirinaSolo,grpc:ZMyBot,4,0,0,4,0,4,
SakkirinaSolo_vs_ZMyBot,2,LEFT_B,4,235351252164537730,grpc:ZMyBot,SakkirinaSolo,0,4,0,4,0,4,
SakkirinaSolo_vs_ZMyBot,3,LEFT_A,4,13937509624613150582,SakkirinaSolo,grpc:ZMyBot,3,1,0,3,1,4,
SakkirinaSolo_vs_ZMyBot,3,LEFT_B,4,2526917762916116020,grpc:ZMyBot,SakkirinaSolo,1,3,0,3,1,4,
SakkirinaSolo_vs_ZMyBot,4,LEFT_A,4,12314654289013823331,SakkirinaSolo,grpc:ZMyBot,4,0,0,4,0,4,
SakkirinaSolo_vs_ZMyBot,4,LEFT_B,4,13653333065766951292,grpc:ZMyBot,SakkirinaSolo,0,4,0,4,0,4,
SakkirinaSolo_vs_ZMyBot,5,LEFT_A,4,11457346298724200236,SakkirinaSolo,grpc:ZMyBot,4,0,0,4,0,4,
SakkirinaSolo_vs_ZMyBot,5,LEFT_B,4,8760680445842166064,grpc:ZMyBot,SakkirinaSolo,0,4,0,4,0,4,
SakkirinaSolo_vs_ZMyBot,6,LEFT_A,4,12391946959941175453,SakkirinaSolo,grpc:ZMyBot,4,0,0,4,0,4,
SakkirinaSolo_vs_ZMyBot,6,LEFT_B,4,16999970647173862391,grpc:ZMyBot,SakkirinaSolo,0,4,0,4,0,4,
SakkirinaSolo_vs_ZMyBot,7,LEFT_A,4,11574620150168286134,SakkirinaSolo,grpc:ZMyBot,4,0,0,4,0,4,
SakkirinaSolo_vs_ZMyBot,7,LEFT_B,4,5201845345270008604,grpc:ZMyBot,SakkirinaSolo,1,3,0,3,1,4,
SakkirinaSolo_vs_ZMyBot,8,LEFT_A,4,3025808129739918612,SakkirinaSolo,grpc:ZMyBot,4,0,0,4,0,4,
SakkirinaSolo_vs_ZMyBot,8,LEFT_B,4,11230315161964209426,grpc:ZMyBot,SakkirinaSolo,0,4,0,4,0,4,
SakkirinaSolo_vs_ZMyBot,9,LEFT_A,4,2357207704497618906,SakkirinaSolo,grpc:ZMyBot,4,0,0,4,0,4,
SakkirinaSolo_vs_ZMyBot,9,LEFT_B,4,18248272287523074707,grpc:ZMyBot,SakkirinaSolo,0,4,0,4,0,4,
SakkirinaSolo_vs_ZMyBot,10,LEFT_A,4,8803438475146254699,SakkirinaSolo,grpc:ZMyBot,4,0,0,4,0,4,
SakkirinaSolo_vs_ZMyBot,10,LEFT_B,4,2013144720601143691,grpc:ZMyBot,SakkirinaSolo,0,4,0,4,0,4,
SakkirinaSolo_vs_ZMyBot,11,LEFT_A,4,17128727078339296260,SakkirinaSolo,grpc:ZMyBot,4,0,0,4,0,4,
SakkirinaSolo_vs_ZMyBot,11,LEFT_B,4,13114610720571086155,grpc:ZMyBot,SakkirinaSolo,0,4,0,4,0,4,
SakkirinaSolo_vs_ZMyBot,12,LEFT_A,4,11099630826745513530,SakkirinaSolo,grpc:ZMyBot,3,1,0,3,1,4,
SakkirinaSolo_vs_ZMyBot,12,LEFT_B,4,18240578849791057528,grpc:ZMyBot,SakkirinaSolo,0,4,0,4,0,4,
SakkirinaSolo_vs_ZMyBot,13,LEFT_A,4,14934529937176597592,SakkirinaSolo,grpc:ZMyBot,4,0,0,4,0,4,
SakkirinaSolo_vs_ZMyBot,13,LEFT_B,4,9432744230168196753,grpc:ZMyBot,SakkirinaSolo,0,4,0,4,0,4,
SakkirinaSolo_vs_ZMyBot,14,LEFT_A,4,517665318453439770,SakkirinaSolo,grpc:ZMyBot,3,1,0,3,1,4,
SakkirinaSolo_vs_ZMyBot,14,LEFT_B,4,9655191523954074918,grpc:ZMyBot,SakkirinaSolo,0,4,0,4,0,4,
SakkirinaSolo_vs_ZMyBot,15,LEFT_A,4,16673518923048182971,SakkirinaSolo,grpc:ZMyBot,4,0,0,4,0,4,
SakkirinaSolo_vs_ZMyBot,15,LEFT_B,4,15416977365077473315,grpc:ZMyBot,SakkirinaSolo,1,3,0,3,1,4,
SakkirinaSolo_vs_ZMyBot,16,LEFT_A,4,13912772317645649879,SakkirinaSolo,grpc:ZMyBot,3,1,0,3,1,4,
SakkirinaSolo_vs_ZMyBot,16,LEFT_B,4,3670819523201376016,grpc:ZMyBot,SakkirinaSolo,1,3,0,3,1,4,
SakkirinaSolo_vs_ZMyBot,17,LEFT_A,4,13990750119507270675,SakkirinaSolo,grpc:ZMyBot,4,0,0,4,0,4,
SakkirinaSolo_vs_ZMyBot,17,LEFT_B,4,1876908845657816361,grpc:ZMyBot,SakkirinaSolo,0,4,0,4,0,4,
SakkirinaSolo_vs_ZMyBot,18,LEFT_A,4,12388965789477813214,SakkirinaSolo,grpc:ZMyBot,4,0,0,4,0,4,
SakkirinaSolo_vs_ZMyBot,18,LEFT_B,4,6833409453405009148,grpc:ZMyBot,SakkirinaSolo,0,4,0,4,0,4,
SakkirinaSolo_vs_ZMyBot,19,LEFT_A,4,11259282109887460824,SakkirinaSolo,grpc:ZMyBot,4,0,0,4,0,4,
SakkirinaSolo_vs_ZMyBot,19,LEFT_B,4,16365978384921138632,grpc:ZMyBot,SakkirinaSolo,0,4,0,4,0,4,
SakkirinaSolo_vs_ZMyBot,20,LEFT_A,4,10188280310948048713,SakkirinaSolo,grpc:ZMyBot,4,0,0,4,0,4,
SakkirinaSolo_vs_ZMyBot,20,LEFT_B,4,3548474184459964517,grpc:ZMyBot,SakkirinaSolo,0,4,0,4,0,4,
SakkirinaSolo_vs_ZMyBot,21,LEFT_A,4,16649680951790379173,SakkirinaSolo,grpc:ZMyBot,4,0,0,4,0,4,
SakkirinaSolo_vs_ZMyBot,21,LEFT_B,4,1350047831977230860,grpc:ZMyBot,SakkirinaSolo,0,4,0,4,0,4,
SakkirinaSolo_vs_ZMyBot,22,LEFT_A,4,13216239617101368204,SakkirinaSolo,grpc:ZMyBot,4,0,0,4,0,4,
SakkirinaSolo_vs_ZMyBot,22,LEFT_B,4,9487720824841169716,grpc:ZMyBot,SakkirinaSolo,1,3,0,3,1,4,
SakkirinaSolo_vs_ZMyBot,23,LEFT_A,4,4801468146408173748,SakkirinaSolo,grpc:ZMyBot,4,0,0,4,0,4,
SakkirinaSolo_vs_ZMyBot,23,LEFT_B,4,15688645739934911653,grpc:ZMyBot,SakkirinaSolo,0,4,0,4,0,4,
SakkirinaSolo_vs_ZMyBot,24,LEFT_A,4,16139397541654271286,SakkirinaSolo,grpc:ZMyBot,3,1,0,3,1,4,
SakkirinaSolo_vs_ZMyBot,24,LEFT_B,4,15133275385346263610,grpc:ZMyBot,SakkirinaSolo,2,2,0,2,2,4,
SakkirinaSolo_vs_ZMyBot,25,LEFT_A,4,5536153896987853102,SakkirinaSolo,grpc:ZMyBot,4,0,0,4,0,4,
SakkirinaSolo_vs_ZMyBot,25,LEFT_B,4,4413243768116689482,grpc:ZMyBot,SakkirinaSolo,0,4,0,4,0,4,
SakkirinaSolo_vs_ZMyBot,26,LEFT_A,4,18390127970954318283,SakkirinaSolo,grpc:ZMyBot,4,0,0,4,0,4,
SakkirinaSolo_vs_ZMyBot,26,LEFT_B,4,8974546028151366726,grpc:ZMyBot,SakkirinaSolo,0,4,0,4,0,4,
SakkirinaSolo_vs_ZMyBot,27,LEFT_A,4,5592648996949412983,SakkirinaSolo,grpc:ZMyBot,4,0,0,4,0,4,
SakkirinaSolo_vs_ZMyBot,27,LEFT_B,4,17463990522505694862,grpc:ZMyBot,SakkirinaSolo,0,4,0,4,0,4,
SakkirinaSolo_vs_ZMyBot,28,LEFT_A,4,15056137213256398756,SakkirinaSolo,grpc:ZMyBot,4,0,0,4,0,4,
SakkirinaSolo_vs_ZMyBot,28,LEFT_B,4,116187404021740541,grpc:ZMyBot,SakkirinaSolo,0,4,0,4,0,4,
SakkirinaSolo_vs_ZMyBot,29,LEFT_A,4,16513256570809540114,SakkirinaSolo,grpc:ZMyBot,4,0,0,4,0,4,
SakkirinaSolo_vs_ZMyBot,29,LEFT_B,4,15864831426997101237,grpc:ZMyBot,SakkirinaSolo,0,4,0,4,0,4,
SakkirinaSolo_vs_ZMyBot,30,LEFT_A,4,11946225756828700991,SakkirinaSolo,grpc:ZMyBot,3,1,0,3,1,4,
SakkirinaSolo_vs_ZMyBot,30,LEFT_B,4,12151565756820125896,grpc:ZMyBot,SakkirinaSolo,0,4,0,4,0,4,
SakkirinaSolo_vs_ZMyBot,31,LEFT_A,4,8044350242146130298,SakkirinaSolo,grpc:ZMyBot,3,1,0,3,1,4,
SakkirinaSolo_vs_ZMyBot,31,LEFT_B,4,5653765582687160944,grpc:ZMyBot,SakkirinaSolo,0,4,0,4,0,4,
SakkirinaSolo_vs_ZMyBot,32,LEFT_A,4,17835696902307527880,SakkirinaSolo,grpc:ZMyBot,3,1,0,3,1,4,
SakkirinaSolo_vs_ZMyBot,32,LEFT_B,4,5100189481372179091,grpc:ZMyBot,SakkirinaSolo,1,3,0,3,1,4,
SakkirinaSolo_vs_ZMyBot,33,LEFT_A,4,1154141489958162334,SakkirinaSolo,grpc:ZMyBot,4,0,0,4,0,4,
SakkirinaSolo_vs_ZMyBot,33,LEFT_B,4,11563385088292260419,grpc:ZMyBot,SakkirinaSolo,0,4,0,4,0,4,
SakkirinaSolo_vs_ZMyBot,34,LEFT_A,4,15697047916941470802,SakkirinaSolo,grpc:ZMyBot,4,0,0,4,0,4,
SakkirinaSolo_vs_ZMyBot,34,LEFT_B,4,14553035733395216521,grpc:ZMyBot,SakkirinaSolo,0,4,0,4,0,4,
