round_idx,__host,round_idx_interleaved
0,hostA,1
0,hostB,2
1,hostA,3
1,hostB,4
2,hostA,5
2,hostB,6
3,hostA,7
3,hostB,8
4,hostA,9
4,hostB,10
5,hostA,11
5,hostB,12
6,hostA,13
6,hostB,14
7,hostA,15
7,hostB,16
8,hostA,17
8,hostB,18
9,hostA,19
9,hostB,20
10,hostA,21
10,hostB,22
11,hostA,23
11,hostB,24
12,hostA,25
12,hostB,26
13,hostA,27
13,hostB,28
14,hostA,29
14,hostB,30
15,hostA,31
15,hostB,32
16,hostA,33
16,hostB,34
17,hostA,35
17,hostB,36
18,hostA,37
18,hostB,38
19,hostA,39
19,hostB,40
20,hostA,41
20,hostB,42
21,hostA,43
21,hostB,44
22,hostA,45
22,hostB,46
23,hostA,47
23,hostB,48
24,hostA,49
24,hostB,50
25,hostA,51
25,hostB,52
26,hostA,53
26,hostB,54
27,hostA,55
27,hostB,56
28,hostA,57
28,hostB,58
29,hostA,59
29,hostB,60
30,hostA,61
30,hostB,62
31,hostA,63
31,hostB,64
32,hostA,65
32,hostB,66
33,hostA,67
33,hostB,68
34,hostA,69
34,hostB,70
35,hostA,71
35,hostB,72
36,hostB,74
