{
  "generated_at": 1755365457,
  "bots": [
    "AIFBotMCTS",
    "BestMCTS3",
    "Council_of_two_bot",
    "EBot_C",
    "EBot_F",
    "HQL_Plus_BOT",
    "MaltheMCTS",
    "NangertAI",
    "Sakkirina",
    "SakkirinaSolo",
    "ZMyBot"
  ],
  "ranking_live": [
    {
      "bot": "SakkirinaSolo",
      "wins": 4080,
      "draws": 0,
      "games": 5696,
      "losses": 1616,
      "eff_wr": 0.7162921348314607,
      "eff_wr_pct": 71.62921348314607
    },
    {
      "bot": "Sakkirina",
      "wins": 4023,
      "draws": 0,
      "games": 5704,
      "losses": 1681,
      "eff_wr": 0.7052945301542777,
      "eff_wr_pct": 70.52945301542776
    },
    {
      "bot": "HQL_Plus_BOT",
      "wins": 3954,
      "draws": 0,
      "games": 5712,
      "losses": 1758,
      "eff_wr": 0.6922268907563025,
      "eff_wr_pct": 69.22268907563026
    },
    {
      "bot": "BestMCTS3",
      "wins": 3805,
      "draws": 0,
      "games": 5760,
      "losses": 1955,
      "eff_wr": 0.6605902777777778,
      "eff_wr_pct": 66.05902777777779
    },
    {
      "bot": "EBot_C",
      "wins": 3223,
      "draws": 0,
      "games": 5728,
      "losses": 2505,
      "eff_wr": 0.5626745810055865,
      "eff_wr_pct": 56.267458100558656
    },
    {
      "bot": "EBot_F",
      "wins": 2970,
      "draws": 0,
      "games": 5712,
      "losses": 2742,
      "eff_wr": 0.5199579831932774,
      "eff_wr_pct": 51.99579831932773
    },
    {
      "bot": "AIFBotMCTS",
      "wins": 2953,
      "draws": 0,
      "games": 5764,
      "losses": 2811,
      "eff_wr": 0.5123178348369188,
      "eff_wr_pct": 51.231783483691885
    },
    {
      "bot": "NangertAI",
      "wins": 2861,
      "draws": 0,
      "games": 5688,
      "losses": 2827,
      "eff_wr": 0.5029887482419128,
      "eff_wr_pct": 50.29887482419127
    },
    {
      "bot": "Council_of_two_bot",
      "wins": 1317,
      "draws": 0,
      "games": 5712,
      "losses": 4395,
      "eff_wr": 0.23056722689075632,
      "eff_wr_pct": 23.05672268907563
    },
    {
      "bot": "ZMyBot",
      "wins": 1197,
      "draws": 0,
      "games": 5688,
      "losses": 4491,
      "eff_wr": 0.21044303797468356,
      "eff_wr_pct": 21.044303797468356
    },
    {
      "bot": "MaltheMCTS",
      "wins": 1053,
      "draws": 0,
      "games": 5708,
      "losses": 4655,
      "eff_wr": 0.1844779257182901,
      "eff_wr_pct": 18.447792571829012
    }
  ]
}