host,round_idx,status,reason
hostA,0,KEPT,OK
hostA,1,KEPT,OK
hostA,2,KEPT,OK
hostA,3,KEPT,OK
hostA,4,KEPT,OK
hostA,5,KEPT,OK
hostA,6,KEPT,OK
hostA,7,KEPT,OK
hostA,8,KEPT,OK
hostA,9,KEPT,OK
hostA,10,KEPT,OK
hostA,11,KEPT,OK
hostA,12,KEPT,OK
hostA,13,KEPT,OK
hostA,14,KEPT,OK
hostA,15,KEPT,OK
hostA,16,KEPT,OK
hostA,17,KEPT,OK
hostA,18,KEPT,OK
hostA,19,KEPT,OK
hostA,20,KEPT,OK
hostA,21,KEPT,OK
hostA,22,KEPT,OK
hostA,23,KEPT,OK
hostA,24,KEPT,OK
hostA,25,KEPT,OK
hostA,26,KEPT,OK
hostA,27,KEPT,OK
hostA,28,KEPT,OK
hostA,29,KEPT,OK
hostA,30,KEPT,OK
hostA,31,KEPT,OK
hostA,32,KEPT,OK
hostA,33,KEPT,OK
hostA,34,KEPT,OK
hostB,0,KEPT,OK
hostB,1,KEPT,OK
hostB,2,KEPT,OK
hostB,3,KEPT,OK
hostB,4,KEPT,OK
hostB,5,KEPT,OK
hostB,6,KEPT,OK
hostB,7,KEPT,OK
hostB,8,KEPT,OK
hostB,9,KEPT,OK
hostB,10,KEPT,OK
hostB,11,KEPT,OK
hostB,12,KEPT,OK
hostB,13,KEPT,OK
hostB,14,KEPT,OK
hostB,15,KEPT,OK
hostB,16,KEPT,OK
hostB,17,KEPT,OK
hostB,18,KEPT,OK
hostB,19,KEPT,OK
hostB,20,KEPT,OK
hostB,21,KEPT,OK
hostB,22,KEPT,OK
hostB,23,KEPT,OK
hostB,24,KEPT,OK
hostB,25,REJECTED,UNEQUAL_GAMES
hostB,26,KEPT,OK
hostB,27,KEPT,OK
hostB,28,KEPT,OK
hostB,29,KEPT,OK
hostB,30,KEPT,OK
hostB,31,KEPT,OK
hostB,32,KEPT,OK
hostB,33,KEPT,OK
hostB,34,REJECTED,UNEQUAL_GAMES
hostB,35,REJECTED,UNEQUAL_GAMES
