obvious_moves,nonobvious_moves
84,35
105,63
88,45
130,58
120,87
175,84
83,66
147,62
153,62
192,118
163,95
119,56
126,72
123,65
126,75
115,67
118,53
95,43
139,67
133,61
143,74
134,57
143,49
146,63
55,27
68,30
143,117
150,66
182,97
172,86
149,89
144,79
123,76
105,40
117,66
118,59
165,86
161,80
113,58
115,61
116,67
115,47
105,45
93,44
128,67
128,54
113,64
110,53
103,46
78,41
113,40
122,67
79,51
114,54
118,61
138,69
147,64
89,51
129,89
137,63
58,31
123,60
143,95
129,54
100,56
109,60
97,49
171,130
174,88
149,74
99,66
92,53
78,29
158,101
119,77
108,61
182,118
174,114
96,49
87,41
239,129
196,118
68,38
105,64
180,99
168,110
222,122
219,169
170,113
255,205
267,164
116,75
118,64
136,76
275,175
274,161
59,34
148,96
156,107
191,110
168,111
94,48
131,72
175,127
171,99
114,61
230,141
221,132
180,121
183,98
270,180
261,219
119,62
130,70
229,146
211,141
168,95
138,83
101,46
220,118
170,112
109,50
281,187
261,184
127,87
106,61
96,49
229,173
250,150
89,49
130,84
177,106
159,96
88,56
227,153
206,138
84,42
249,136
224,149
89,51
179,116
172,95
121,69
151,93
247,150
224,160
332,264
323,248
61,35
166,127
169,109
180,95
238,160
228,134
174,103
156,96
111,68
120,68
151,98
127,69
114,60
285,192
293,168
100,60
90,47
145,81
144,77
178,96
152,94
98,54
201,120
200,123
104,67
141,88
110,63
133,80
129,75
138,78
37,29
254,155
266,171
127,78
115,71
192,133
174,109
118,63
140,82
104,52
72,36
118,65
187,170
196,119
185,126
184,108
273,156
258,170
60,29
211,128
197,119
115,61
226,121
193,131
119,64
94,45
241,182
228,151
135,83
76,42
63,37
297,171
277,167
119,72
95,49
198,108
170,111
153,94
103,63
82,50
225,148
234,148
144,87
234,157
250,157
209,148
180,106
238,178
250,175
88,46
254,188
277,176
134,81
116,65
122,64
264,161
267,173
263,190
263,160
165,99
152,88
64,34
125,70
130,76
117,54
187,127
195,124
237,168
211,139
82,43
259,148
243,161
269,203
275,178
197,129
192,125
110,52
185,143
186,115
112,54
200,128
189,109
147,93
100,49
215,160
212,120
223,131
202,128
275,215
315,233
302,160
266,178
239,151
197,151
110,63
259,155
268,165
131,98
131,90
134,71
134,72
114,58
156,86
238,142
246,150
92,63
175,108
179,110
239,139
242,164
105,60
110,56
63,30
255,160
239,176
89,53
262,160
249,153
63,30
225,156
222,146
138,80
141,91
304,191
287,199
101,52
153,67
147,85
81,46
145,86
117,81
238,157
238,139
176,128
170,104
259,169
254,156
131,92
129,72
254,145
247,160
107,58
149,93
97,53
115,70
135,80
153,104
156,80
123,91
122,69
114,76
112,58
183,104
133,97
145,104
76,50
117,64
147,86
161,99
155,90
124,63
161,110
148,108
125,74
133,76
197,107
183,107
122,72
95,68
99,54
164,90
151,86
99,62
126,75
117,77
119,93
91,61
91,54
153,102
176,107
174,115
132,62
117,61
147,83
136,87
128,75
106,70
88,35
160,76
152,105
126,83
145,89
138,86
176,114
176,137
131,79
138,71
167,95
174,110
183,99
183,114
89,61
96,61
98,52
88,47
207,117
188,113
162,98
143,111
107,69
108,43
137,76
146,76
146,82
87,44
94,55
81,42
73,47
166,103
154,90
125,79
147,114
162,98
79,39
79,40
139,77
121,68
111,62
112,65
123,66
99,63
92,55
153,81
67,39
122,78
105,61
139,104
147,105
102,78
221,134
130,58
97,57
152,101
162,89
66,34
70,40
127,96
135,78
116,53
108,73
115,63
107,49
159,111
160,93
137,87
146,88
157,103
167,101
162,101
94,34
146,85
89,42
112,51
158,95
157,112
141,97
137,85
166,98
166,92
110,50
177,116
186,93
151,94
152,84
89,41
88,47
126,74
125,72
125,80
123,68
131,72
110,61
137,73
155,102
141,91
149,78
144,87
147,73
163,109
161,88
188,114
202,120
127,82
137,80
138,80
155,106
86,61
96,51
171,113
103,80
107,77
150,91
139,85
126,81
130,80
93,61
171,106
170,109
61,35
133,92
85,47
91,46
143,96
153,83
147,88
141,95
137,76
137,82
94,48
111,56
104,64
120,59
142,74
109,61
115,57
101,68
100,52
123,72
145,75
128,88
144,88
137,76
155,84
147,83
138,76
133,78
172,126
151,78
123,68
146,74
106,56
107,55
111,82
115,73
113,69
113,63
112,55
108,70
112,61
84,40
91,43
165,100
171,100
77,37
78,38
167,109
160,117
162,83
127,95
132,81
168,138
162,93
197,164
193,135
166,96
171,99
132,111
143,95
97,59
104,60
163,123
174,113
109,58
143,81
137,79
76,40
135,91
140,80
107,66
75,43
74,43
123,66
125,66
130,60
157,96
164,94
157,104
167,84
92,58
96,50
179,105
171,102
142,70
175,96
179,126
145,117
103,54
151,108
151,94
161,124
152,88
102,68
110,53
122,64
120,69
183,114
121,98
114,76
111,70
103,46
97,57
126,87
120,70
136,115
103,66
117,62
103,62
126,66
167,127
159,91
132,85
134,81
53,30
141,78
139,83
69,42
69,56
147,88
144,84
109,67
189,144
181,158
174,121
140,71
106,61
94,55
97,52
137,93
193,129
202,151
120,81
139,74
134,76
106,61
131,91
126,88
96,44
149,86
116,66
175,137
171,108
152,102
147,102
157,111
74,52
130,106
128,81
136,95
137,78
87,80
101,56
77,41
122,77
93,60
147,96
142,83
138,93
122,80
80,56
117,84
131,69
191,149
190,146
84,36
137,95
151,95
98,52
221,130
145,108
110,66
94,49
99,47
92,51
152,114
158,100
175,155
185,120
38,15
125,68
126,77
195,150
215,139
131,93
131,80
95,56
128,84
137,87
129,81
127,95
117,92
115,84
150,110
157,118
97,53
94,55
93,55
193,120
180,138
123,69
118,95
130,80
108,78
114,75
69,43
144,88
139,101
82,48
91,40
0,0
0,0
5,0
5,0
92,23
189,49
190,47
71,18
246,62
54,12
86,21
54,12
355,79
333,83
136,35
139,34
65,16
240,60
46,11
5,0
5,0
5,0
66,15
342,84
348,85
101,21
364,81
365,81
84,18
224,55
233,55
72,16
86,21
247,47
208,54
212,40
161,38
85,17
341,85
346,84
66,15
205,51
188,50
266,56
217,57
40,9
375,91
388,91
107,23
441,85
378,91
96,20
201,47
166,45
250,51
219,56
147,39
150,39
102,19
203,48
186,48
264,59
244,61
216,55
231,54
223,51
234,52
94,22
86,18
65,15
136,29
360,80
305,82
431,83
340,84
96,19
147,35
172,35
101,21
187,40
177,38
98,26
112,27
349,84
406,86
282,56
204,59
101,25
97,23
92,22
479,91
380,93
122,25
66,17
84,22
249,57
243,55
72,16
94,20
167,37
145,36
41,9
122,26
74,18
468,88
374,89
135,32
149,34
80,18
90,19
259,52
203,52
66,17
383,85
351,86
99,24
66,14
106,21
56,11
81,18
432,79
327,81
225,60
250,64
155,34
128,31
119,25
96,24
99,24
58,13
242,56
289,59
107,25
90,23
356,79
327,81
388,80
327,80
96,21
95,23
263,64
269,70
71,17
209,52
204,51
99,22
274,59
261,61
76,18
77,20
317,81
355,81
242,59
219,56
209,53
198,53
102,22
71,21
118,27
108,26
115,25
112,26
223,46
180,45
238,58
262,59
56,12
90,20
173,42
209,46
297,76
273,72
63,14
196,41
159,40
95,21
209,65
209,53
235,53
210,52
356,80
329,80
68,16
142,35
147,34
194,45
186,49
463,78
295,78
82,18
71,18
118,25
356,79
356,79
95,21
74,18
78,19
232,47
222,51
220,56
206,55
232,55
222,53
262,55
212,54
299,67
269,66
74,19
366,82
331,82
467,79
347,78
59,13
314,72
266,71
116,24
68,16
306,71
286,70
99,25
104,24
311,72
319,71
250,57
217,55
373,83
374,83
201,53
192,49
170,44
181,42
333,82
343,83
57,14
356,79
328,82
201,55
214,51
97,19
81,21
98,23
363,97
364,96
225,51
236,54
82,23
83,22
366,79
421,78
92,19
68,17
98,22
85,19
75,15
111,24
362,81
331,81
68,15
173,43
158,39
235,46
186,50
40,9
67,16
108,29
102,26
181,41
171,38
68,16
159,37
134,33
93,21
187,44
173,43
227,52
262,56
47,12
59,15
115,23
472,91
392,90
108,21
105,24
108,24
392,88
357,90
70,18
169,33
157,31
338,83
352,84
72,16
249,60
237,60
68,15
211,50
210,47
61,15
74,18
71,18
111,26
220,49
183,45
307,57
230,56
95,20
76,19
91,20
66,18
59,13
253,60
226,55
120,27
141,27
86,22
203,50
182,47
320,72
324,72
99,22
148,37
140,33
65,17
255,52
209,52
158,40
140,39
76,18
193,45
205,44
144,40
152,38
223,55
228,55
41,9
251,47
173,44
369,90
369,91
326,76
324,72
81,18
356,79
432,79
117,23
341,79
308,76
102,22
211,56
209,49
320,72
295,72
320,72
324,73
108,22
55,12
84,20
167,39
157,39
117,32
115,29
292,74
329,75
68,17
77,18
141,33
133,33
165,43
141,37
350,86
311,87
382,85
384,87
123,28
124,28
143,40
171,38
68,16
253,50
228,72
61,15
400,80
336,82
208,48
253,50
146,36
120,32
94,21
464,104
463,103
58,14
66,15
124,31
127,29
94,21
132,31
144,30
97,23
214,53
210,51
356,79
326,80
118,33
109,28
118,29
123,36
438,80
335,82
97,20
306,75
357,72
157,37
129,36
218,51
187,47
57,14
382,85
389,87
73,18
87,18
129,28
317,78
322,78
70,16
72,16
57,12
105,24
87,21
92,22
211,47
182,46
114,30
108,24
165,38
141,40
89,22
81,16
66,17
228,52
272,57
300,75
303,74
64,15
165,36
142,36
355,79
326,80
85,19
85,19
365,81
364,81
455,101
454,101
99,22
55,11
77,17
107,20
94,21
410,91
409,91
118,22
81,18
392,87
392,87
77,17
90,17
116,23
125,24
355,79
355,79
102,20
356,79
356,79
382,85
382,85
391,87
392,87
401,89
400,89
81,16
373,83
373,83
72,16
129,24
355,79
355,79
81,18
392,87
392,87
81,18
62,12
114,22
356,79
356,79
373,83
374,83
553,123
553,123
37,7
364,81
364,81
355,79
355,79
85,19
90,20
373,83
373,83
364,81
365,81
77,17
90,20
382,85
382,85
400,89
401,89
117,26
383,85
382,85
136,26
409,91
409,91
99,22
90,20
355,79
355,79
364,81
364,81
41,8
355,79
355,79
401,89
400,89
373,83
373,83
76,17
67,15
365,81
365,81
428,95
428,95
81,18
356,79
356,79
356,79
356,79
374,83
374,83
59,13
131,25
364,81
364,81
383,85
383,85
90,20
355,79
356,79
72,16
81,18
427,95
428,95
382,85
382,85
436,97
436,97
445,99
446,99
400,89
401,89
382,85
382,85
356,79
356,79
355,79
355,79
365,81
364,81
94,18
95,18
364,81
364,81
364,81
364,81
81,18
81,18
365,81
364,81
464,103
463,103
81,18
410,91
410,91
77,17
373,83
373,83
25,5
365,81
364,81
364,81
364,81
355,79
355,79
86,19
356,79
355,79
103,20
374,83
373,83
116,22
409,91
409,91
78,15
59,13
383,85
382,85
120,22
105,21
355,79
356,79
401,89
401,89
68,15
106,20
67,15
117,21
81,18
391,87
391,87
46,9
60,12
68,15
63,14
87,16
104,23
94,21
383,85
382,85
98,19
109,21
63,14
123,24
365,81
365,81
373,83
374,83
374,83
373,83
365,81
365,81
374,83
374,83
356,79
356,79
66,13
409,91
409,91
383,85
383,85
99,22
76,17
410,91
409,91
58,13
141,26
374,83
374,83
72,16
121,27
81,18
85,19
137,25
409,91
410,91
71,17
56,11
76,17
401,89
401,89
77,17
356,79
356,79
77,17
374,83
373,83
121,23
102,20
356,79
355,79
356,79
355,79
365,81
365,81
117,23
72,16
383,85
382,85
365,81
364,81
98,23
365,81
365,81
63,14
67,15
382,85
383,85
383,85
382,85
36,7
356,79
355,79
85,19
364,81
364,81
72,16
117,22
72,16
365,81
364,81
81,16
72,16
94,17
364,81
364,81
81,18
112,21
356,79
355,79
355,79
355,79
401,89
401,89
92,18
400,89
400,89
373,83
373,83
111,21
365,81
365,81
112,22
436,97
436,97
427,95
427,95
109,21
99,22
81,18
356,79
355,79
355,79
356,79
400,89
401,89
112,21
355,79
355,79
382,85
382,85
90,20
114,22
77,17
356,79
355,79
364,81
364,81
356,79
355,79
410,91
410,91
364,81
364,81
436,97
436,97
86,17
51,10
58,13
77,15
113,22
67,15
355,79
355,79
419,93
418,93
81,18
373,83
373,83
104,20
365,81
364,81
103,23
373,83
373,83
383,85
382,85
410,91
410,91
37,7
68,15
54,12
97,18
103,23
356,79
355,79
124,24
128,25
61,12
373,83
374,83
374,83
374,83
46,9
355,79
355,79
100,20
95,19
356,79
355,79
76,17
373,83
373,83
355,79
356,79
410,91
410,91
401,89
400,89
365,81
365,81
86,19
40,8
383,85
383,85
356,79
355,79
90,20
355,79
356,79
383,85
383,85
383,85
383,85
72,16
59,13
76,17
356,79
356,79
382,85
382,85
67,15
401,89
401,89
409,91
410,91
419,93
418,93
107,20
473,105
473,105
355,79
355,79
364,81
364,81
400,89
400,89
81,18
400,89
400,89
110,22
365,81
364,81
373,83
373,83
356,79
356,79
117,22
356,79
356,79
428,95
428,95
98,19
68,13
419,93
418,93
374,83
374,83
373,83
373,83
86,15
382,85
382,85
365,81
364,81
81,18
364,81
365,81
356,79
355,79
356,79
356,79
481,107
482,107
85,19
131,25
63,14
365,81
365,81
31,6
86,19
418,93
418,93
455,101
454,101
383,85
382,85
382,85
382,85
125,23
87,17
104,23
383,85
382,85
373,83
373,83
356,79
355,79
76,17
128,24
76,17
383,85
382,85
85,20
77,17
54,12
68,15
365,81
365,81
355,79
355,79
418,93
419,93
106,20
100,20
86,19
355,79
356,79
365,81
365,81
356,79
355,79
58,11
85,19
90,20
356,79
356,79
365,81
365,81
112,22
374,83
374,83
63,14
67,15
72,16
93,18
82,16
365,81
364,81
98,19
87,17
59,13
126,28
382,85
383,85
102,20
364,81
365,81
67,15
392,87
391,87
147,28
356,79
356,79
86,19
374,83
374,83
77,17
364,81
365,81
72,16
356,79
356,79
85,19
410,91
410,91
409,91
410,91
356,79
355,79
419,93
419,93
409,91
410,91
77,17
67,15
374,83
373,83
365,81
365,81
410,91
409,91
76,17
72,16
126,28
59,13
365,81
365,81
418,93
418,93
77,17
89,17
356,79
356,79
57,11
356,79
355,79
81,18
113,21
92,18
52,10
500,111
500,111
374,83
373,83
72,16
356,79
356,79
82,16
77,15
95,21
374,83
374,83
374,83
374,83
108,24
356,79
355,79
78,15
72,16
364,81
364,81
126,24
355,79
356,79
364,81
364,81
72,16
437,97
436,97
374,83
374,83
85,19
464,103
464,103
356,79
355,79
81,18
81,18
482,107
482,107
85,19
401,89
400,89
105,20
50,10
90,20
85,19
499,111
500,111
383,85
382,85
401,89
401,89
356,79
355,79
383,85
382,85
41,8
68,15
365,81
364,81
382,85
383,85
72,16
373,83
373,83
81,15
392,87
391,87
400,89
401,89
103,23
355,79
355,79
365,81
364,81
99,22
72,16
400,89
400,89
83,16
382,85
383,85
127,24
72,16
52,10
87,17
382,85
382,85
356,79
356,79
105,20
102,19
401,89
401,89
77,17
113,22
401,89
400,89
373,83
373,83
401,89
401,89
365,81
364,81
94,18
428,95
428,95
72,16
86,17
100,19
87,16
51,10
101,20
383,85
382,85
383,85
383,85
31,6
392,87
391,87
90,18
373,83
374,83
121,23
107,20
99,22
373,83
373,83
81,18
428,95
428,95
382,85
382,85
364,81
365,81
59,13
356,79
356,79
392,87
392,87
383,85
383,85
365,81
365,81
63,14
364,81
365,81
81,18
81,15
356,79
356,79
365,81
364,81
161,31
54,10
356,79
356,79
72,16
374,83
373,83
81,18
67,15
374,83
374,83
76,17
355,79
356,79
90,20
409,91
409,91
392,87
392,87
104,20
97,19
76,17
374,83
374,83
54,12
52,10
85,19
86,19
373,83
373,83
401,89
400,89
364,81
364,81
364,81
364,81
105,20
356,79
356,79
90,20
110,21
401,89
401,89
454,101
455,101
454,101
455,101
57,11
356,79
356,79
81,18
76,15
446,99
445,99
122,23
113,21
356,79
356,79
99,19
63,14
94,21
116,23
71,13
356,79
356,79
89,17
364,81
364,81
356,79
356,79
364,81
365,81
72,16
356,79
356,79
374,83
374,83
365,81
364,81
373,83
374,83
99,22
94,21
58,13
99,19
391,87
392,87
119,23
67,15
81,18
365,81
365,81
72,14
355,79
356,79
365,81
365,81
365,81
365,81
355,79
356,79
110,21
356,79
355,79
45,9
356,79
355,79
76,17
76,17
86,19
365,81
364,81
410,91
409,91
90,20
374,83
374,83
373,83
373,83
67,13
81,18
356,79
356,79
75,15
374,83
373,83
374,83
373,83
103,23
92,18
87,17
373,83
373,83
382,85
383,85
382,85
382,85
401,89
401,89
374,83
373,83
400,89
401,89
383,85
382,85
72,16
409,91
409,91
72,16
81,16
72,16
419,93
419,93
455,101
454,101
418,93
418,93
374,83
374,83
91,18
364,81
365,81
72,16
98,18
140,25
356,79
356,79
364,81
364,81
365,81
364,81
90,20
364,81
364,81
95,21
355,79
355,79
102,20
355,79
356,79
356,79
355,79
355,79
355,79
85,17
356,79
355,79
419,93
419,93
110,21
67,15
58,11
94,21
81,18
51,10
99,22
90,20
365,81
364,81
410,91
410,91
35,7
356,79
356,79
54,12
107,21
71,14
445,99
446,99
446,99
445,99
355,79
355,79
136,26
391,87
391,87
436,97
437,97
392,87
391,87
63,14
356,79
355,79
81,18
356,79
355,79
96,18
364,81
365,81
383,85
382,85
391,87
391,87
356,79
356,79
392,87
391,87
67,13
66,16
81,18
392,87
391,87
90,18
63,14
115,22
491,109
491,109
472,105
473,105
409,91
410,91
419,93
419,93
79,15
67,13
47,9
409,91
410,91
409,91
410,91
110,21
72,16
355,79
355,79
90,20
355,79
356,79
54,12
365,81
364,81
428,95
427,95
67,15
365,81
364,81
382,85
382,85
69,13
364,81
364,81
52,10
364,81
364,81
150,29
391,87
391,87
81,18
356,79
356,79
81,18
374,83
374,83
76,17
365,81
365,81
356,79
355,79
90,20
365,81
365,81
81,18
383,85
382,85
131,26
356,79
355,79
116,22
374,83
373,83
356,79
356,79
365,81
54,12
364,81
85,19
356,79
356,79
31,7
115,22
355,79
356,79
436,97
437,97
509,113
509,113
59,11
355,79
356,79
66,13
364,81
365,81
373,83
373,83
110,22
365,81
365,81
76,17
108,21
374,83
373,83
86,19
365,81
365,81
355,79
356,79
365,81
365,81
91,18
355,79
356,79
76,15
545,121
544,121
364,81
365,81
76,17
454,101
454,101
57,11
373,83
374,83
374,83
373,83
107,21
356,79
356,79
95,21
373,83
373,83
77,17
365,81
365,81
41,8
77,17
365,81
365,81
364,81
365,81
374,83
374,83
145,27
114,21
108,20
37,7
108,24
143,27
374,83
373,83
374,83
373,83
94,21
356,79
356,79
126,24
356,79
355,79
356,79
355,79
107,19
373,83
373,83
373,83
373,83
93,18
373,83
374,83
355,79
355,79
382,85
383,85
401,89
401,89
83,16
105,20
81,15
103,20
445,99
446,99
374,83
373,83
27,6
373,83
374,83
81,18
81,18
86,19
106,20
365,81
364,81
81,18
355,79
355,79
121,25
365,81
365,81
365,81
364,81
364,81
364,81
143,27
392,87
391,87
72,16
418,93
418,93
132,26
355,79
356,79
77,17
364,81
365,81
68,15
68,15
364,81
364,81
76,15
355,79
355,79
76,17
374,83
373,83
356,79
356,79
373,83
373,83
59,13
53,10
383,85
382,85
373,83
373,83
356,79
356,79
133,25
391,87
391,87
364,81
365,81
400,89
400,89
85,19
119,23
356,79
355,79
68,15
101,20
356,79
355,79
356,79
355,79
99,22
355,79
355,79
90,20
401,89
400,89
356,79
355,79
45,10
446,99
446,99
365,81
365,81
355,79
355,79
373,83
374,83
99,19
66,13
90,17
125,24
365,81
365,81
81,18
364,81
364,81
356,79
355,79
76,17
75,14
78,15
374,83
374,83
436,97
437,97
364,81
365,81
365,81
364,81
71,14
382,85
382,85
72,14
418,93
418,93
374,83
374,83
427,95
428,95
374,83
373,83
364,81
364,81
77,15
364,81
365,81
355,79
355,79
365,81
364,81
103,20
392,87
392,87
103,20
88,16
112,21
68,15
76,17
392,87
391,87
113,25
437,97
436,97
355,79
355,79
355,79
355,79
58,11
356,79
355,79
355,79
356,79
364,81
364,81
67,15
355,79
355,79
364,81
365,81
400,89
401,89
72,16
419,93
419,93
72,16
365,81
364,81
58,13
428,95
427,95
86,19
77,17
356,79
356,79
72,16
374,83
374,83
382,85
382,85
364,81
364,81
355,79
355,79
121,27
364,81
364,81
68,15
500,111
499,111
373,83
374,83
383,85
383,85
103,23
85,17
132,26
125,24
63,14
391,87
391,87
364,81
365,81
427,95
427,95
364,81
364,81
383,85
382,85
85,19
364,81
364,81
102,19
356,79
356,79
383,85
383,85
365,81
364,81
437,97
436,97
85,19
356,79
355,79
85,19
410,91
410,91
97,19
355,79
355,79
374,83
373,83
392,87
391,87
499,111
500,111
112,21
94,18
68,15
356,79
355,79
30,6
91,18
75,15
90,20
374,83
373,83
76,17
383,85
383,85
382,85
382,85
356,79
355,79
400,89
400,89
355,79
356,79
112,25
365,81
364,81
63,14
55,11
436,97
436,97
373,83
374,83
374,83
374,83
391,87
392,87
401,89
400,89
418,93
418,93
365,81
364,81
48,9
355,79
356,79
130,24
365,81
364,81
70,14
87,17
67,15
108,20
133,25
76,17
67,15
72,16
355,79
355,79
374,83
374,83
364,81
365,81
490,109
491,109
101,20
355,79
356,79
40,9
355,79
356,79
364,81
364,81
356,79
356,79
85,20
108,21
382,85
383,85
356,79
355,79
170,32
356,79
355,79
104,23
383,85
383,85
89,17
73,13
365,81
364,81
364,81
365,81
355,79
356,79
93,18
382,85
382,85
72,16
355,79
355,79
71,14
356,79
356,79
103,20
40,8
72,16
410,91
356,79
409,91
355,79
355,79
355,79
401,89
400,89
356,79
356,79
364,81
364,81
86,19
383,85
383,85
445,99
446,99
383,85
382,85
58,13
81,18
110,21
392,87
391,87
106,21
365,81
364,81
68,15
355,79
356,79
97,19
355,79
355,79
356,79
356,79
77,17
436,97
437,97
72,16
356,79
355,79
64,12
355,79
355,79
95,21
76,18
63,14
374,83
373,83
81,18
356,79
355,79
63,14
99,22
365,81
365,81
69,13
81,18
355,79
355,79
355,79
355,79
365,81
365,81
500,111
500,111
364,81
364,81
356,79
355,79
112,23
41,9
40,8
72,16
76,17
392,87
392,87
92,18
117,26
128,26
42,8
120,23
89,17
373,83
374,83
90,20
374,83
374,83
96,19
67,13
72,16
355,79
355,79
107,21
355,79
356,79
81,18
508,113
508,113
76,17
365,81
364,81
409,91
410,91
436,97
436,97
81,16
67,15
123,25
68,15
104,23
77,17
72,16
136,25
80,19
97,19
365,81
364,81
383,85
383,85
58,13
355,79
355,79
365,81
365,81
356,79
355,79
67,15
473,105
473,105
392,87
391,87
54,12
90,20
76,17
355,79
356,79
117,26
454,101
455,101
373,83
374,83
356,79
355,79
91,18
401,89
400,89
63,14
364,81
364,81
482,107
481,107
356,79
355,79
355,79
355,79
72,16
355,79
356,79
410,91
409,91
473,105
473,105
85,19
410,91
409,91
102,19
72,16
364,81
365,81
355,79
355,79
119,23
102,20
57,11
374,83
374,83
172,32
23,5
110,21
96,19
95,21
76,17
356,79
356,79
400,89
400,89
364,81
365,81
355,79
355,79
364,81
365,81
99,22
365,81
365,81
80,16
364,81
364,81
94,18
90,20
69,13
409,91
409,91
67,13
374,83
374,83
103,20
373,83
374,83
356,79
355,79
68,13
85,19
93,18
391,87
392,87
355,79
355,79
85,19
68,15
374,83
373,83
365,81
364,81
58,13
365,81
364,81
101,20
108,24
482,107
482,107
419,93
419,93
85,19
72,16
365,81
365,81
72,16
356,79
355,79
61,12
76,17
391,87
392,87
81,18
355,79
355,79
356,79
356,79
365,81
365,81
418,93
419,93
392,87
392,87
94,21
52,10
373,83
374,83
446,99
445,99
104,20
72,16
59,13
355,79
355,79
355,79
356,79
109,21
77,17
382,85
382,85
365,81
365,81
382,85
382,85
68,15
365,81
364,81
373,83
373,83
90,20
356,79
356,79
391,87
391,87
68,13
68,15
382,85
382,85
383,85
382,85
117,23
365,81
364,81
67,15
67,15
382,85
382,85
482,107
481,107
364,81
364,81
383,85
382,85
76,17
410,91
410,91
47,9
355,79
356,79
355,79
355,79
373,83
373,83
85,19
355,79
356,79
98,23
382,85
382,85
96,18
135,26
54,12
81,18
140,27
374,83
374,83
138,25
147,29
356,79
356,79
364,81
364,81
410,91
409,91
365,81
365,81
445,99
445,99
89,17
418,93
419,93
72,16
115,22
117,22
56,11
419,93
418,93
364,81
365,81
76,18
364,81
365,81
94,21
355,79
356,79
33,6
112,25
355,79
355,79
130,24
374,83
374,83
63,14
94,21
72,16
63,14
105,20
355,79
355,79
365,81
364,81
355,79
355,79
409,91
410,91
72,16
356,79
355,79
355,79
356,79
374,83
373,83
355,79
355,79
91,18
90,18
76,17
392,87
391,87
77,17
91,17
365,81
364,81
72,16
392,87
392,87
77,17
85,19
72,16
356,79
355,79
401,89
400,89
95,21
374,83
374,83
86,19
62,12
356,79
356,79
455,101
454,101
85,19
46,9
355,79
355,79
90,20
382,85
382,85
382,85
382,85
355,79
355,79
68,15
400,89
400,89
59,13
81,18
356,79
355,79
85,19
365,81
365,81
365,81
364,81
85,19
356,79
355,79
355,79
356,79
75,15
56,11
99,22
52,10
365,81
364,81
355,79
355,79
114,22
86,19
356,79
355,79
138,26
463,103
464,103
355,79
355,79
365,81
364,81
392,87
391,87
85,19
63,14
84,17
86,19
67,15
391,87
391,87
81,18
118,23
85,19
373,83
373,83
100,18
446,99
446,99
365,81
364,81
76,17
356,79
355,79
45,10
356,79
355,79
71,17
365,81
365,81
81,18
374,83
374,83
124,24
374,83
373,83
356,79
355,79
383,85
382,85
108,21
99,19
96,18
86,19
35,7
383,85
382,85
365,81
365,81
401,89
400,89
95,21
373,83
374,83
365,81
364,81
391,87
391,87
374,83
374,83
356,79
355,79
86,19
374,83
374,83
364,81
364,81
373,83
373,83
85,19
125,25
374,83
373,83
86,17
409,91
410,91
81,18
89,17
77,17
427,95
427,95
81,18
364,81
364,81
355,79
355,79
79,15
123,24
401,89
400,89
391,87
392,87
72,16
81,18
102,20
63,14
86,17
47,9
409,91
410,91
76,17
373,83
373,83
383,85
382,85
81,18
392,87
391,87
81,18
81,18
45,10
46,9
464,103
464,103
103,20
57,11
500,111
500,111
373,83
373,83
355,79
355,79
126,24
104,20
364,81
365,81
392,87
391,87
107,20
90,20
81,18
356,79
355,79
374,83
373,83
86,19
374,83
374,83
356,79
356,79
77,15
437,97
436,97
81,18
392,87
391,87
391,87
391,87
103,20
364,81
45,10
365,81
374,83
373,83
419,93
419,93
86,17
419,93
418,93
115,23
86,19
81,16
365,81
365,81
90,20
51,10
90,20
419,93
419,93
81,18
126,24
374,83
374,83
391,87
391,87
62,12
86,19
382,85
382,85
455,101
454,101
400,89
400,89
83,16
365,81
365,81
63,14
392,87
391,87
364,81
365,81
355,79
355,79
123,24
383,85
382,85
53,10
86,19
63,14
77,17
130,24
391,87
391,87
72,16
392,87
391,87
118,22
72,16
46,9
63,14
86,19
113,20
97,19
383,85
383,85
427,95
428,95
97,19
93,18
401,89
401,89
46,9
355,79
355,79
86,17
356,79
355,79
119,23
87,17
58,13
72,16
99,22
81,18
76,17
427,95
427,95
107,20
95,18
77,17
71,14
356,79
356,79
401,89
401,89
93,18
355,79
355,79
95,18
72,16
88,17
356,79
356,79
355,79
356,79
365,81
364,81
104,20
356,79
355,79
83,16
517,115
517,115
118,22
63,14
356,79
355,79
374,83
373,83
356,79
355,79
374,83
373,83
364,81
365,81
102,20
373,83
374,83
464,103
464,103
383,85
382,85
68,15
356,79
355,79
68,13
67,15
355,79
356,79
76,17
356,79
356,79
355,79
355,79
355,79
356,79
373,83
373,83
81,16
96,19
51,10
455,101
455,101
109,20
45,9
364,81
364,81
99,22
106,21
107,25
374,83
374,83
374,83
374,83
401,89
401,89
355,79
356,79
365,81
365,81
84,16
436,97
437,97
103,23
76,17
383,85
382,85
72,16
92,18
401,89
401,89
58,11
356,79
356,79
71,14
108,21
383,85
382,85
94,17
364,81
364,81
383,85
382,85
455,101
455,101
391,87
391,87
107,21
115,22
355,79
356,79
355,79
356,79
373,83
373,83
77,17
391,87
392,87
356,79
355,79
365,81
365,81
82,16
382,85
382,85
67,15
382,85
383,85
463,103
464,103
130,24
437,97
437,97
81,18
374,83
373,83
86,19
365,81
364,81
382,85
382,85
104,22
356,79
355,79
96,18
108,20
89,17
85,16
152,29
374,83
373,83
72,16
107,21
76,17
365,81
364,81
72,16
365,81
365,81
392,87
391,87
356,79
356,79
77,17
54,12
72,16
70,14
121,23
94,18
81,18
68,15
409,91
410,91
419,93
418,93
365,81
364,81
84,16
63,14
63,14
72,16
68,15
356,79
355,79
77,17
109,20
90,20
383,85
383,85
374,83
373,83
67,15
110,22
122,24
90,17
436,97
436,97
67,15
409,91
410,91
409,91
410,91
374,83
374,83
90,18
374,83
373,83
391,87
391,87
382,85
382,85
81,16
90,20
356,79
356,79
392,87
391,87
122,23
472,105
472,105
72,16
383,85
382,85
110,21
68,15
67,15
383,85
382,85
437,97
436,97
355,79
356,79
364,81
365,81
364,81
365,81
51,10
374,83
373,83
68,15
365,81
365,81
356,79
356,79
72,16
355,79
355,79
383,85
382,85
446,99
445,99
72,16
72,16
105,20
133,25
356,79
355,79
419,93
419,93
108,20
374,83
374,83
355,79
356,79
383,85
382,85
356,79
355,79
356,79
355,79
401,89
400,89
94,21
71,14
418,93
418,93
82,16
52,10
81,18
419,93
418,93
56,11
455,101
455,101
445,99
445,99
75,16
81,18
94,21
63,14
92,17
383,85
383,85
63,14
120,22
365,81
364,81
86,19
356,79
355,79
85,17
72,16
383,85
382,85
356,79
355,79
85,19
446,99
445,99
93,22
76,15
364,81
364,81
124,24
127,24
81,18
382,85
383,85
356,79
355,79
383,85
382,85
365,81
364,81
95,20
81,18
355,79
355,79
356,79
355,79
105,20
409,91
410,91
96,18
400,89
401,89
364,81
364,81
68,15
355,79
355,79
94,21
76,17
365,81
364,81
373,83
374,83
400,89
400,89
90,20
374,83
374,83
86,19
356,79
355,79
562,125
563,125
382,85
63,12
382,85
373,83
373,83
400,89
401,89
355,79
356,79
454,101
455,101
364,81
365,81
365,81
365,81
119,22
72,16
374,83
373,83
355,79
356,79
71,14
391,87
391,87
365,81
365,81
356,79
355,79
355,79
81,18
356,79
401,89
400,89
428,95
427,95
356,79
356,79
356,79
355,79
103,20
365,81
365,81
364,81
365,81
374,83
373,83
116,23
77,17
72,16
86,19
418,93
418,93
356,79
355,79
383,85
383,85
364,81
364,81
99,22
81,18
81,18
109,21
101,21
77,17
78,14
355,79
356,79
104,23
374,83
373,83
68,15
391,87
391,87
68,15
374,83
373,83
356,79
356,79
365,81
364,81
77,15
72,16
63,14
374,83
373,83
63,14
115,22
382,85
382,85
355,79
355,79
68,15
112,22
419,93
419,93
355,79
355,79
364,81
364,81
356,79
355,79
374,83
374,83
364,81
365,81
356,79
355,79
365,81
364,81
125,25
95,21
68,15
72,16
382,85
382,85
356,79
355,79
124,22
383,85
382,85
62,15
400,89
400,89
115,21
436,97
437,97
72,16
59,11
355,79
356,79
78,15
81,18
126,28
63,14
374,83
374,83
72,16
115,22
40,8
382,85
382,85
400,89
400,89
355,79
355,79
56,11
356,79
355,79
112,21
374,83
373,83
392,87
391,87
364,81
364,81
383,85
382,85
72,16
72,16
400,89
382,85
401,89
382,85
96,19
373,83
373,83
401,89
401,89
364,81
365,81
90,20
401,89
400,89
77,14
62,12
356,79
356,79
436,97
437,97
355,79
355,79
355,79
355,79
427,95
428,95
356,79
355,79
90,20
356,79
355,79
152,29
446,99
445,99
356,79
355,79
409,91
409,91
356,79
355,79
67,15
72,16
391,87
391,87
392,87
392,87
72,16
72,16
113,22
374,83
373,83
122,23
67,13
67,15
365,81
365,81
383,85
382,85
409,91
410,91
91,18
61,12
356,79
355,79
355,79
355,79
108,24
356,79
356,79
67,15
374,83
374,83
59,13
68,15
63,14
122,23
356,79
356,79
365,81
365,81
67,15
72,16
355,79
355,79
355,79
355,79
72,16
67,16
72,16
108,20
61,11
401,89
400,89
35,7
373,83
374,83
356,79
355,79
374,83
373,83
401,89
400,89
409,91
410,91
85,20
364,81
364,81
81,18
70,13
81,18
76,17
54,12
437,97
436,97
81,16
427,95
428,95
364,81
365,81
364,81
365,81
85,19
355,79
355,79
392,87
391,87
72,16
392,87
391,87
355,79
356,79
355,79
355,79
59,13
409,91
410,91
77,17
66,13
373,83
373,83
63,14
86,19
99,22
72,14
83,16
355,79
355,79
92,18
109,21
89,17
131,24
101,19
355,79
355,79
374,83
374,83
373,83
373,83
365,81
364,81
72,16
128,25
86,19
86,17
43,8
67,15
409,91
410,91
72,16
356,79
355,79
85,19
77,17
400,89
401,89
392,87
391,87
401,89
401,89
85,19
365,81
365,81
46,9
355,79
356,79
81,18
99,22
355,79
355,79
356,79
356,79
72,16
365,81
364,81
115,21
400,89
400,89
91,19
40,8
105,21
61,12
78,17
77,15
76,17
57,14
75,15
86,19
90,18
98,18
100,20
50,11
82,16
104,22
75,15
140,28
105,21
127,28
65,13
111,21
90,18
86,19
85,19
62,12
81,18
54,12
80,19
95,19
76,17
61,11
95,19
129,27
59,11
99,22
60,12
145,27
45,10
89,19
96,21
27,6
119,25
90,18
94,20
43,8
43,8
85,17
121,27
55,11
86,19
90,20
94,20
356,79
356,79
91,18
72,16
80,16
59,13
72,16
75,15
85,19
40,9
61,14
123,23
100,20
40,8
95,19
94,21
76,17
100,20
100,20
105,21
80,16
83,16
107,21
106,23
89,19
36,8
108,24
75,15
364,81
365,81
114,22
58,13
88,17
122,23
28,5
95,19
113,25
110,22
129,28
25,5
85,17
95,19
80,16
46,9
356,79
355,79
54,12
88,17
70,14
45,10
40,8
106,20
103,20
68,15
99,22
66,14
95,19
85,18
143,27
364,81
365,81
53,10
63,14
55,11
55,10
85,19
77,17
100,20
80,16
76,17
140,28
107,20
60,12
85,17
81,18
97,18
65,13
55,11
84,16
72,16
81,18
65,13
60,12
356,79
355,79
85,17
105,19
94,20
77,17
45,10
101,19
90,18
39,7
81,18
32,7
54,12
81,18
70,14
145,29
97,21
110,22
50,10
90,18
151,27
81,18
105,20
95,19
45,9
76,17
63,14
72,16
54,12
80,16
374,83
374,83
160,32
135,26
90,20
95,19
100,20
92,18
65,13
62,12
106,19
72,16
374,83
373,83
134,28
373,83
373,83
86,16
22,5
58,13
55,11
70,14
45,10
91,18
109,19
45,9
30,6
70,14
50,10
80,16
93,18
50,10
85,17
85,20
50,10
132,30
25,5
63,14
27,6
86,17
77,15
90,18
65,13
68,15
40,8
103,18
63,14
65,13
59,13
80,16
52,10
97,18
90,18
86,15
123,22
40,9
81,18
77,15
45,10
72,15
101,19
68,15
74,16
356,79
356,79
424,56
75,15
58,13
133,26
109,21
356,79
356,79
130,24
1649,107
49,11
45,9
68,16
49,11
188,34
65,13
80,16
59,13
100,20
50,10
365,81
365,81
80,16
1641,108
65,13
103,22
80,16
96,19
90,20
76,20
73,14
58,13
54,12
373,83
373,83
85,20
1398,111
355,79
356,79
428,95
427,95
1373,114
392,87
392,87
356,79
355,79
1637,116
59,13
54,12
72,16
108,21
429,57
65,13
50,10
84,16
396,68
59,13
55,11
58,13
50,10
111,21
75,15
80,16
65,13
54,12
60,12
70,14
54,12
54,12
75,15
90,18
355,79
365,81
355,79
364,81
422,52
57,11
356,79
355,79
374,83
373,83
1632,108
410,91
409,91
409,91
410,91
1651,97
60,12
45,9
57,11
50,10
24,5
355,79
356,79
355,79
356,79
1250,250
395,79
94,19
61,12
55,11
60,12
36,8
40,9
45,9
50,10
90,18
45,9
55,11
65,14
32,7
200,40
90,18
50,11
50,10
200,40
55,11
66,13
65,13
45,10
27,6
57,12
111,22
98,19
421,59
83,18
56,12
356,79
57,11
1250,250
427,95
428,95
46,9
118,23
1644,104
66,13
59,13
392,87
392,87
45,9
61,12
54,12
49,11
65,13
66,13
49,11
32,7
63,14
40,8
124,24
44,11
60,13
49,11
51,10
68,15
51,10
383,85
383,85
77,17
95,19
35,7
44,10
65,13
45,9
75,15
63,14
50,10
80,16
90,20
75,18
59,13
60,12
77,15
60,12
45,10
355,79
356,79
60,12
58,13
40,8
55,11
65,13
40,8
85,19
45,9
55,11
58,13
66,13
50,10
60,12
56,11
59,13
355,79
355,79
65,13
60,12
50,10
65,13
383,85
382,85
65,14
82,16
54,13
75,15
47,9
64,14
78,14
65,13
356,79
355,79
60,12
67,13
61,12
45,10
67,15
50,11
445,99
446,99
50,10
49,11
54,12
45,9
40,8
50,10
50,11
40,8
55,11
355,79
356,79
54,12
86,19
70,14
55,11
55,11
64,14
52,10
55,11
49,9
55,11
36,7
54,12
63,14
46,9
50,10
46,9
81,18
40,8
45,9
418,93
418,93
40,10
130,25
94,20
40,9
58,13
55,11
55,11
36,7
65,13
44,10
56,11
55,11
55,11
55,11
54,12
356,79
356,79
75,15
57,11
40,9
55,11
536,119
536,119
81,18
45,9
50,10
84,20
40,8
60,12
41,9
72,16
373,83
374,83
117,26
45,9
373,83
374,83
364,81
364,81
356,79
355,79
356,79
356,79
400,89
401,89
365,81
365,81
57,14
374,83
373,83
445,99
446,99
102,20
356,79
356,79
356,79
356,79
66,13
374,83
373,83
125,23
364,81
365,81
27,6
60,11
356,79
356,79
392,87
392,87
401,89
401,89
60,12
383,85
382,85
356,79
356,79
373,83
374,83
355,79
356,79
53,10
96,19
419,93
418,93
373,83
374,83
383,85
382,85
72,16
65,13
58,13
355,79
356,79
81,18
89,17
392,87
392,87
40,8
147,29
373,83
373,83
139,26
356,79
355,79
63,14
35,7
400,89
400,89
365,81
365,81
79,17
90,20
355,79
355,79
86,19
107,22
112,21
455,101
454,101
67,15
391,87
391,87
94,21
517,115
518,115
76,17
55,11
85,19
383,85
382,85
356,79
356,79
81,18
115,21
115,21
67,15
63,14
81,18
103,23
163,31
374,83
373,83
373,83
374,83
364,81
365,81
109,21
109,21
81,18
140,28
364,81
365,81
112,25
111,22
373,83
374,83
355,79
355,79
81,18
68,15
76,17
129,24
356,79
355,79
97,21
392,87
392,87
364,81
364,81
139,26
355,79
355,79
55,11
356,79
355,79
105,20
355,79
355,79
23,5
81,18
77,17
72,16
27,6
365,81
365,81
56,11
72,16
63,14
108,20
67,13
50,10
355,79
355,79
374,83
374,83
63,14
436,97
437,97
77,15
50,11
117,23
410,91
409,91
382,85
383,85
472,105
473,105
77,17
63,14
374,83
373,83
355,79
356,79
446,99
446,99
355,79
355,79
35,8
355,79
355,79
373,83
373,83
114,22
356,79
355,79
55,11
72,16
374,83
373,83
428,95
427,95
419,93
419,93
401,89
400,89
401,89
400,89
76,17
355,79
356,79
355,79
356,79
365,81
364,81
356,79
355,79
60,12
92,18
383,85
382,85
101,19
131,29
55,11
104,20
93,18
92,18
30,6
86,19
355,79
355,79
108,21
50,10
392,87
391,87
365,81
364,81
356,79
355,79
473,105
472,105
142,27
374,83
373,83
53,13
364,81
364,81
383,85
382,85
85,19
76,17
96,19
373,83
374,83
60,12
41,8
364,81
364,81
86,19
71,17
90,20
409,91
410,91
80,16
364,81
364,81
383,85
382,85
58,11
481,107
481,107
36,8
464,103
464,103
356,79
356,79
61,12
365,81
364,81
64,14
391,87
392,87
400,89
400,89
92,18
67,15
391,87
391,87
77,17
364,81
364,81
72,16
64,12
68,15
356,79
355,79
374,83
374,83
117,22
77,17
50,11
410,91
410,91
356,79
355,79
436,97
436,97
355,79
356,79
55,11
383,85
382,85
50,10
365,81
364,81
61,12
356,79
356,79
373,83
373,83
364,81
365,81
364,81
364,81
52,10
92,17
81,18
383,85
383,85
410,91
409,91
101,20
78,15
118,22
355,79
356,79
508,113
509,113
374,83
373,83
95,25
79,15
365,81
364,81
106,20
55,11
77,17
499,111
500,111
147,27
373,83
374,83
100,19
50,10
73,14
62,12
374,83
373,83
446,99
445,99
67,13
92,18
74,14
50,10
392,87
391,87
364,81
365,81
105,20
436,97
436,97
409,91
410,91
75,18
464,103
463,103
102,25
419,93
418,93
76,17
373,83
373,83
89,17
50,10
427,95
428,95
104,23
71,14
410,91
409,91
125,23
111,21
374,83
374,83
356,79
356,79
100,20
115,22
356,79
356,79
95,21
90,20
54,12
374,83
374,83
76,17
94,21
77,15
391,87
392,87
355,79
356,79
60,13
365,81
365,81
355,79
355,79
85,19
436,97
437,97
58,13
85,19
86,19
90,20
61,12
84,20
64,12
108,24
67,15
72,16
55,11
51,10
355,79
355,79
100,19
88,17
54,12
409,91
409,91
86,19
103,23
81,18
81,18
81,18
59,13
95,21
365,81
364,81
355,79
356,79
392,87
392,87
37,8
392,87
391,87
400,89
400,89
481,107
481,107
400,89
400,89
84,16
355,79
355,79
69,15
374,83
374,83
419,93
419,93
81,18
59,13
104,23
427,95
427,95
446,99
445,99
63,14
356,79
355,79
63,14
125,24
356,79
355,79
40,8
40,8
131,24
409,91
410,91
401,89
400,89
72,16
55,11
81,18
374,83
374,83
36,7
22,5
373,83
373,83
119,23
81,18
40,8
117,23
401,89
400,89
91,18
382,85
382,85
40,9
72,16
499,111
499,111
120,24
400,89
400,89
383,85
382,85
57,14
410,91
409,91
355,79
355,79
104,23
72,16
135,25
46,9
364,81
365,81
81,16
355,79
356,79
25,5
436,97
436,97
400,89
400,89
410,91
409,91
57,11
41,8
374,83
374,83
356,79
355,79
149,28
365,81
364,81
33,7
68,15
76,15
356,79
355,79
56,11
80,19
409,91
410,91
409,91
410,91
75,15
374,83
373,83
373,83
374,83
365,81
365,81
45,9
400,89
400,89
70,14
374,83
373,83
99,19
72,16
37,7
58,13
94,21
355,79
355,79
76,17
30,6
35,7
383,85
383,85
111,22
365,81
364,81
50,10
96,18
482,107
481,107
365,81
364,81
437,97
437,97
392,87
392,87
105,20
99,19
60,12
54,12
382,85
382,85
410,91
410,91
364,81
364,81
67,15
365,81
365,81
68,15
99,19
373,83
373,83
99,22
81,15
50,10
109,21
392,87
391,87
122,23
355,79
356,79
365,81
364,81
374,83
373,83
50,10
55,11
114,22
91,18
54,12
104,19
77,17
382,85
383,85
364,81
365,81
72,16
113,21
355,79
355,79
81,18
356,79
355,79
69,13
106,21
124,24
356,79
355,79
45,10
392,87
391,87
355,79
356,79
86,19
67,15
400,89
400,89
50,11
401,89
400,89
42,8
127,23
116,21
545,121
545,121
50,11
61,12
356,79
355,79
392,87
392,87
36,8
436,97
437,97
509,113
508,113
86,19
392,87
391,87
365,81
365,81
54,12
63,14
46,9
364,81
365,81
355,79
355,79
41,8
356,79
355,79
365,81
365,81
18,4
103,23
355,79
355,79
108,24
436,97
436,97
76,17
374,83
373,83
76,17
373,83
374,83
356,79
355,79
180,36
382,85
383,85
373,83
373,83
112,21
76,17
99,22
85,19
50,10
373,83
373,83
364,81
364,81
356,79
356,79
382,85
383,85
55,11
46,9
356,79
355,79
355,79
355,79
410,91
409,91
54,12
365,81
364,81
18,4
356,79
356,79
355,79
356,79
18,4
392,87
391,87
112,21
418,93
418,93
98,19
28,6
65,13
382,85
382,85
374,83
373,83
364,81
364,81
355,79
355,79
355,79
355,79
110,20
86,19
355,79
356,79
85,19
364,81
365,81
54,12
72,16
400,89
400,89
383,85
382,85
59,13
112,21
50,10
72,16
382,85
382,85
39,10
383,85
383,85
99,22
401,89
401,89
419,93
419,93
27,6
104,20
63,14
112,25
364,81
365,81
356,79
356,79
51,10
373,83
374,83
63,14
356,79
355,79
50,10
374,83
373,83
356,79
356,79
20,4
67,15
72,16
365,81
364,81
383,85
382,85
23,5
111,21
123,24
138,27
383,85
382,85
437,97
436,97
100,20
391,87
392,87
100,19
382,85
382,85
85,16
45,9
130,25
418,93
419,93
364,81
364,81
36,8
400,89
401,89
427,95
109,21
428,95
129,24
383,85
382,85
50,10
365,81
364,81
76,17
364,81
365,81
84,18
410,91
409,91
391,87
392,87
72,16
89,17
72,16
72,16
60,12
113,25
90,20
75,14
51,10
86,19
83,16
427,95
427,95
365,81
364,81
59,13
355,79
355,79
391,87
391,87
59,13
356,79
356,79
91,18
373,83
373,83
81,18
391,87
391,87
55,11
355,79
355,79
119,23
72,16
55,11
383,85
383,85
365,81
364,81
365,81
364,81
383,85
383,85
45,10
364,81
364,81
382,85
382,85
455,101
454,101
115,21
59,13
391,87
392,87
455,101
455,101
373,83
373,83
410,91
409,91
50,11
365,81
364,81
455,101
455,101
96,18
127,24
95,21
365,81
364,81
90,20
98,19
75,15
68,15
364,81
365,81
91,18
107,20
356,79
355,79
355,79
355,79
356,79
356,79
71,14
445,99
445,99
95,19
409,91
409,91
409,91
409,91
391,87
392,87
85,19
120,22
356,79
355,79
121,24
355,79
355,79
71,14
365,81
365,81
427,95
428,95
114,22
86,19
59,13
355,79
355,79
373,83
373,83
365,81
364,81
419,93
419,93
81,18
392,87
391,87
49,12
92,18
365,81
365,81
142,27
81,15
40,8
418,93
418,93
427,95
428,95
55,11
410,91
410,91
392,87
391,87
72,16
427,95
428,95
364,81
365,81
77,17
50,10
374,83
374,83
427,95
427,95
68,15
364,81
364,81
365,81
365,81
374,83
374,83
72,16
85,17
355,79
356,79
31,7
81,18
364,81
365,81
86,19
102,20
464,103
464,103
54,12
382,85
383,85
446,99
446,99
113,22
383,85
382,85
98,19
365,81
365,81
63,14
50,11
91,18
365,81
364,81
104,20
81,18
50,10
365,81
364,81
383,85
382,85
418,93
418,93
355,79
355,79
356,79
355,79
80,16
383,85
382,85
125,24
356,79
355,79
85,19
436,97
436,97
67,13
67,15
374,83
374,83
54,12
427,95
428,95
58,13
364,81
364,81
90,18
364,81
365,81
108,21
392,87
391,87
68,13
383,85
382,85
365,81
364,81
428,95
427,95
355,79
355,79
194,35
62,12
84,16
87,17
90,20
66,13
56,11
365,81
365,81
92,17
391,87
391,87
365,81
365,81
1129,251
356,79
356,79
90,20
81,18
391,87
392,87
356,79
355,79
110,20
374,83
373,83
427,95
428,95
107,21
77,15
364,81
365,81
81,18
118,23
92,18
98,19
419,93
418,93
445,99
446,99
455,101
455,101
76,17
95,21
392,87
391,87
355,79
356,79
128,24
71,14
437,97
436,97
373,83
374,83
68,15
103,20
121,22
50,10
40,8
383,85
383,85
419,93
419,93
63,14
100,20
373,83
374,83
104,23
62,12
65,13
356,79
355,79
373,83
374,83
40,8
81,18
90,20
77,17
99,19
355,79
356,79
103,23
76,15
365,81
364,81
382,85
383,85
68,15
72,16
88,17
59,13
36,8
418,93
419,93
373,83
373,83
76,17
437,97
437,97
60,12
40,8
110,21
136,26
436,97
436,97
60,12
400,89
401,89
356,79
356,79
131,28
95,21
45,9
108,20
410,91
409,91
64,12
40,8
80,19
62,15
400,89
401,89
41,9
356,79
355,79
91,18
100,19
383,85
382,85
72,16
90,20
61,12
374,83
373,83
365,81
365,81
51,10
91,18
95,21
118,22
120,23
374,83
374,83
54,12
107,21
392,87
391,87
355,79
356,79
54,12
103,19
114,22
23,5
151,29
481,107
481,107
60,12
356,79
355,79
374,83
374,83
72,16
133,26
95,19
32,7
141,27
72,16
374,83
374,83
85,19
373,83
374,83
70,14
109,21
103,20
401,89
400,89
437,97
436,97
60,12
356,79
356,79
356,79
355,79
63,14
67,15
115,22
106,20
50,10
106,21
364,81
364,81
67,15
401,89
400,89
77,17
401,89
400,89
59,13
427,95
428,95
356,79
356,79
63,14
355,79
355,79
72,16
116,24
76,15
37,8
85,19
81,18
382,85
382,85
128,24
97,19
127,25
60,12
68,15
77,15
72,16
63,14
22,5
373,83
373,83
392,87
392,87
99,22
130,29
76,17
112,22
34,10
356,79
356,79
446,99
445,99
374,83
374,83
382,85
383,85
76,17
58,14
365,81
364,81
46,9
473,105
472,105
81,18
80,16
60,12
364,81
364,81
365,81
364,81
89,16
382,85
382,85
63,14
48,9
100,19
72,16
40,8
63,15
374,83
374,83
392,87
391,87
365,81
365,81
391,87
391,87
373,83
373,83
365,81
365,81
45,8
374,83
374,83
89,19
72,16
437,97
436,97
108,21
428,95
427,95
72,16
382,85
383,85
374,83
373,83
75,15
90,20
47,9
445,99
446,99
437,97
436,97
356,79
355,79
76,17
94,21
355,79
356,79
365,81
365,81
356,79
356,79
137,30
401,89
401,89
71,17
409,91
409,91
365,81
364,81
410,91
409,91
364,81
364,81
102,20
50,11
124,23
374,83
374,83
72,16
355,79
356,79
122,23
374,83
373,83
392,87
392,87
58,13
86,19
428,95
428,95
81,18
56,11
72,16
85,19
63,14
107,21
72,16
76,17
67,15
355,79
355,79
72,16
355,79
355,79
102,24
77,17
90,20
364,81
365,81
491,109
490,109
107,22
392,87
391,87
59,13
72,16
39,10
356,79
355,79
81,18
373,83
373,83
383,85
383,85
102,20
31,6
374,83
373,83
50,10
72,16
455,101
454,101
58,13
95,21
410,91
409,91
50,10
400,89
400,89
94,21
364,81
364,81
391,87
392,87
50,10
101,20
356,79
355,79
374,83
373,83
383,85
382,85
84,16
98,19
517,115
517,115
81,18
72,16
65,13
76,17
401,89
400,89
365,81
364,81
63,12
374,83
373,83
374,83
373,83
51,10
52,10
418,93
419,93
355,79
356,79
365,81
365,81
107,21
355,79
355,79
123,24
54,12
76,17
364,81
364,81
113,21
85,19
446,99
445,99
410,91
410,91
74,16
356,79
356,79
356,79
355,79
383,85
382,85
391,87
391,87
99,22
374,83
374,83
60,12
373,83
374,83
464,103
464,103
49,11
52,10
72,16
49,11
374,83
373,83
41,9
68,15
94,21
81,18
356,79
356,79
89,17
356,79
355,79
98,19
42,9
392,87
392,87
102,20
365,81
364,81
410,91
410,91
373,83
373,83
419,93
419,93
51,10
374,83
373,83
400,89
400,89
355,79
356,79
374,83
374,83
67,15
364,81
365,81
74,14
81,18
365,81
364,81
67,15
107,21
374,83
374,83
356,79
355,79
85,19
428,95
427,95
365,81
365,81
374,83
373,83
119,23
79,15
401,89
400,89
92,18
410,91
410,91
364,81
364,81
401,89
401,89
77,17
374,83
374,83
365,81
364,81
365,81
365,81
72,16
1125,250
365,81
364,81
373,83
373,83
437,97
437,97
392,87
392,87
36,8
365,81
364,81
364,81
365,81
58,13
410,91
410,91
365,81
364,81
115,22
40,9
392,87
391,87
356,79
356,79
110,21
365,81
364,81
52,10
49,11
364,81
364,81
96,20
104,23
129,24
57,11
86,17
63,14
356,79
356,79
90,17
392,87
391,87
62,12
355,79
356,79
81,18
107,21
113,22
72,16
90,20
71,14
92,18
355,79
356,79
118,22
356,79
356,79
94,18
382,85
383,85
76,17
355,79
356,79
81,18
356,79
355,79
365,81
364,81
383,85
382,85
356,79
355,79
356,79
356,79
445,99
446,99
1141,250
54,12
365,81
364,81
86,17
365,81
364,81
64,12
60,12
553,123
554,123
94,21
392,87
391,87
365,81
364,81
66,13
70,14
356,79
356,79
81,18
68,13
53,10
72,16
95,18
355,79
355,79
67,15
373,83
374,83
54,12
84,16
102,20
134,25
382,85
383,85
76,17
107,21
59,13
365,81
365,81
391,87
391,87
145,28
68,15
355,79
355,79
428,95
427,95
94,18
50,10
373,83
374,83
90,20
58,13
95,21
98,19
409,91
410,91
473,105
472,105
85,19
76,17
67,16
464,103
463,103
382,85
383,85
95,21
63,14
37,7
85,20
355,79
355,79
69,15
383,85
383,85
445,99
446,99
365,81
365,81
72,16
356,79
356,79
117,22
105,21
383,85
383,85
445,99
446,99
85,19
90,20
122,24
419,93
419,93
374,83
374,83
136,26
364,81
364,81
90,18
85,19
392,87
391,87
392,87
392,87
77,17
42,8
454,101
454,101
59,13
76,15
92,18
67,15
99,22
355,79
356,79
374,83
374,83
355,79
355,79
84,17
56,11
365,81
364,81
356,79
356,79
82,16
75,15
99,19
73,14
364,81
364,81
69,15
94,18
83,16
90,20
365,81
365,81
63,14
374,83
374,83
69,13
94,21
90,20
81,18
382,85
382,85
75,16
67,15
95,18
356,79
355,79
99,22
98,19
90,20
355,79
355,79
50,10
383,85
383,85
76,17
400,89
401,89
373,83
374,83
90,17
418,93
418,93
45,9
50,10
72,16
418,93
419,93
107,21
83,16
67,15
374,83
374,83
56,11
72,16
116,23
374,83
373,83
355,79
355,79
355,79
356,79
383,85
383,85
120,22
356,79
355,79
85,19
134,25
356,79
356,79
45,9
364,81
365,81
356,79
356,79
76,17
109,26
373,83
373,83
355,79
356,79
68,15
392,87
391,87
86,19
41,9
72,16
72,16
63,14
66,13
76,17
77,14
76,17
63,14
70,14
373,83
373,83
76,15
115,22
108,21
355,79
355,79
409,91
410,91
64,12
54,12
356,79
356,79
58,13
111,22
383,85
382,85
409,91
409,91
94,21
382,85
383,85
67,15
356,79
356,79
455,101
455,101
114,22
383,85
382,85
123,24
356,79
355,79
55,11
81,18
464,103
463,103
373,83
374,83
374,83
374,83
427,95
427,95
52,14
355,79
355,79
356,79
355,79
410,91
409,91
364,81
364,81
40,9
108,24
138,27
61,12
67,15
90,20
365,81
365,81
119,22
56,16
356,79
355,79
67,15
46,9
63,12
112,21
117,26
75,15
409,91
409,91
117,26
90,18
373,83
373,83
90,20
374,83
373,83
436,97
436,97
72,16
70,14
95,21
85,19
98,20
356,79
355,79
77,15
133,25
99,18
81,16
47,9
365,81
364,81
464,103
463,103
77,17
355,79
356,79
137,27
54,12
365,81
364,81
391,87
391,87
119,23
58,13
392,87
392,87
391,87
392,87
50,10
25,5
76,17
373,83
374,83
45,9
355,79
356,79
356,79
356,79
76,17
373,83
373,83
59,13
99,19
109,21
364,81
365,81
356,79
355,79
106,20
365,81
364,81
365,81
365,81
108,20
355,79
355,79
383,85
382,85
71,17
68,15
374,83
373,83
114,21
85,19
76,17
356,79
355,79
81,18
356,79
355,79
68,15
77,17
47,9
90,20
355,79
355,79
463,103
464,103
54,12
410,91
409,91
401,89
400,89
112,22
86,19
87,17
1136,250
95,21
86,19
85,19
356,79
355,79
113,21
107,21
391,87
391,87
76,17
355,79
355,79
72,14
43,8
356,79
356,79
81,18
365,81
364,81
85,19
355,79
355,79
76,17
96,19
67,15
86,19
364,81
365,81
365,81
365,81
110,21
85,19
94,21
81,18
85,19
81,18
67,13
101,20
72,16
491,109
491,109
401,89
401,89
86,19
101,20
32,7
52,10
72,16
392,87
391,87
472,105
473,105
59,13
355,79
356,79
374,83
373,83
383,85
382,85
81,18
383,85
383,85
95,21
374,83
373,83
374,83
374,83
76,17
355,79
356,79
47,9
364,81
365,81
140,27
92,18
76,17
382,85
382,85
77,17
122,23
364,81
364,81
373,83
374,83
125,23
130,26
365,81
364,81
374,83
374,83
67,15
70,14
102,20
108,24
400,89
400,89
400,89
401,89
63,14
401,89
401,89
355,79
355,79
365,81
364,81
85,19
356,79
355,79
382,85
383,85
410,91
409,91
63,14
364,81
365,81
365,81
364,81
86,19
63,12
364,81
364,81
99,22
63,14
63,12
436,97
437,97
68,15
401,89
400,89
135,26
374,83
373,83
374,83
374,83
92,18
87,17
73,14
437,97
436,97
95,18
90,20
81,16
365,81
364,81
67,15
365,81
365,81
356,79
355,79
437,97
436,97
95,21
383,85
382,85
365,81
365,81
58,13
383,85
383,85
112,25
356,79
355,79
98,19
356,79
356,79
46,9
99,22
98,19
55,10
374,83
374,83
410,91
409,91
63,14
76,17
106,20
67,15
80,19
115,23
62,15
364,81
364,81
67,15
427,95
427,95
400,89
400,89
94,21
374,83
373,83
123,24
383,85
383,85
72,16
355,79
382,85
355,79
382,85
59,13
355,79
356,79
83,16
81,18
67,15
383,85
382,85
100,19
392,87
392,87
92,18
391,87
391,87
428,95
428,95
409,91
410,91
365,81
364,81
356,79
356,79
355,79
356,79
72,16
373,83
373,83
401,89
400,89
382,85
382,85
130,25
365,81
364,81
355,79
356,79
364,81
365,81
116,23
427,95
427,95
81,18
78,15
392,87
391,87
144,28
364,81
365,81
86,19
364,81
364,81
356,79
355,79
63,14
76,17
436,97
437,97
356,79
355,79
81,18
97,18
157,29
355,79
355,79
63,14
364,81
365,81
77,17
52,10
115,23
365,81
364,81
373,83
374,83
400,89
400,89
82,16
355,79
355,79
401,89
401,89
94,21
392,87
392,87
409,91
409,91
373,83
373,83
401,89
400,89
76,17
436,97
436,97
401,89
401,89
81,18
401,89
401,89
356,79
356,79
356,79
355,79
355,79
355,79
58,11
82,17
90,20
41,8
374,83
374,83
81,18
356,79
355,79
105,20
54,12
373,83
374,83
105,20
356,79
355,79
105,20
400,89
401,89
85,16
356,79
355,79
72,16
355,79
356,79
104,23
365,81
364,81
356,79
355,79
119,23
68,15
374,83
374,83
106,21
106,21
77,15
401,89
400,89
365,81
365,81
116,22
68,15
391,87
392,87
391,87
392,87
97,19
401,89
401,89
401,89
400,89
392,87
391,87
55,11
76,17
77,17
124,24
365,81
364,81
374,83
374,83
356,79
355,79
418,93
419,93
72,16
72,16
72,16
428,95
427,95
105,20
116,23
76,17
382,85
383,85
364,81
364,81
355,79
355,79
356,79
356,79
428,95
427,95
401,89
401,89
119,22
382,85
383,85
401,89
400,89
409,91
409,91
374,83
373,83
383,85
383,85
123,23
72,16
86,16
391,87
391,87
392,87
391,87
104,20
410,91
410,91
63,14
59,13
111,21
355,79
355,79
63,14
106,20
410,91
410,91
130,25
95,18
72,16
374,83
373,83
121,23
90,20
80,19
355,79
356,79
355,79
355,79
355,79
355,79
383,85
383,85
41,9
392,87
391,87
68,15
90,20
365,81
365,81
72,16
355,79
355,79
382,85
382,85
113,22
67,15
101,19
42,9
52,10
104,23
92,18
93,18
392,87
391,87
92,18
392,87
391,87
59,13
83,16
356,79
356,79
23,5
373,83
374,83
98,19
90,20
418,93
418,93
364,81
365,81
86,19
56,11
356,79
356,79
356,79
355,79
355,79
355,79
65,13
139,26
92,18
364,81
364,81
151,28
401,89
401,89
90,20
72,16
355,79
355,79
373,83
373,83
401,89
401,89
131,23
95,21
373,83
374,83
409,91
409,91
356,79
355,79
374,83
374,83
401,89
401,89
401,89
400,89
85,19
373,83
373,83
76,17
365,81
365,81
356,79
355,79
410,91
410,91
67,15
364,81
365,81
55,11
68,15
72,16
72,16
63,14
123,23
392,87
392,87
356,79
355,79
365,81
364,81
58,13
356,79
356,79
139,27
63,14
150,29
62,12
391,87
392,87
365,81
365,81
437,97
436,97
90,20
77,17
374,83
374,83
364,81
365,81
355,79
356,79
58,13
68,15
103,20
356,79
355,79
68,15
373,83
374,83
114,22
355,79
356,79
63,14
58,13
400,89
400,89
101,19
356,79
355,79
382,85
382,85
437,97
437,97
365,81
364,81
356,79
355,79
373,83
374,83
76,17
76,17
104,20
409,91
409,91
99,22
90,20
49,11
446,99
446,99
66,13
90,20
66,13
410,91
409,91
102,20
99,22
356,79
356,79
94,21
113,22
102,20
373,83
374,83
365,81
365,81
76,17
103,20
364,81
364,81
59,13
81,18
365,81
445,99
364,81
446,99
68,15
410,91
409,91
68,15
72,16
382,85
382,85
89,17
85,19
428,95
428,95
382,85
383,85
400,89
401,89
364,81
364,81
490,109
491,109
364,81
364,81
356,79
356,79
76,17
383,85
382,85
63,14
391,87
391,87
427,95
428,95
67,13
400,89
400,89
391,87
392,87
100,19
374,83
374,83
81,18
373,83
374,83
66,13
92,18
356,79
355,79
419,93
419,93
355,79
355,79
101,19
356,79
355,79
72,16
364,81
365,81
103,20
419,93
419,93
374,83
374,83
54,10
71,14
81,18
123,23
419,93
418,93
113,25
355,79
356,79
77,17
356,79
356,79
50,9
72,16
373,83
373,83
72,16
373,83
373,83
76,17
67,15
373,83
373,83
77,17
81,18
63,14
59,11
437,97
437,97
48,9
97,18
72,16
68,15
108,21
85,19
373,83
373,83
143,26
356,79
355,79
72,16
365,81
365,81
355,79
356,79
72,16
364,81
365,81
91,18
383,85
382,85
67,15
81,18
66,13
30,6
51,10
143,28
119,23
356,79
355,79
95,18
374,83
374,83
419,93
419,93
374,83
373,83
103,23
72,16
76,17
419,93
419,93
99,19
75,15
356,79
355,79
365,81
365,81
92,18
446,99
445,99
355,79
355,79
99,22
365,81
364,81
365,81
364,81
391,87
391,87
356,79
355,79
365,81
364,81
356,79
356,79
400,89
400,89
356,79
355,79
374,83
373,83
364,81
364,81
72,16
355,79
355,79
95,21
76,17
96,19
356,79
355,79
67,15
123,23
67,13
365,81
364,81
80,16
63,14
383,85
382,85
365,81
365,81
392,87
391,87
392,87
391,87
126,24
108,21
72,16
391,87
391,87
355,79
355,79
103,19
90,20
365,81
364,81
68,15
89,17
382,85
382,85
446,99
446,99
401,89
400,89
355,79
355,79
373,83
374,83
80,16
365,81
364,81
77,15
355,79
356,79
365,81
365,81
108,21
72,16
58,13
373,83
374,83
374,83
374,83
77,17
382,85
383,85
355,79
356,79
96,19
90,20
364,81
365,81
482,107
482,107
63,14
76,17
391,87
391,87
99,18
373,83
373,83
90,20
133,24
356,79
355,79
410,91
409,91
68,15
90,20
93,18
107,21
446,99
445,99
446,99
445,99
374,83
373,83
383,85
382,85
77,17
365,81
364,81
85,19
76,17
81,18
77,17
62,12
356,79
356,79
410,91
409,91
410,91
409,91
373,83
373,83
373,83
374,83
365,81
364,81
355,79
356,79
409,91
410,91
356,79
355,79
391,87
391,87
106,20
114,22
98,19
365,81
364,81
77,17
365,81
364,81
355,79
355,79
90,20
391,87
391,87
355,79
356,79
364,81
365,81
103,23
356,79
355,79
67,15
75,15
383,85
382,85
383,85
383,85
85,19
373,83
374,83
63,14
63,14
65,12
85,19
68,15
81,18
365,81
364,81
364,81
365,81
81,18
356,79
356,79
356,79
355,79
355,79
355,79
364,81
364,81
72,16
153,30
69,13
382,85
383,85
104,23
50,10
95,19
92,18
356,79
355,79
99,22
98,19
356,79
355,79
135,25
95,18
382,85
383,85
118,22
135,30
90,20
108,21
128,25
86,19
67,15
364,81
365,81
356,79
356,79
102,20
81,18
419,93
419,93
356,79
355,79
419,93
418,93
355,79
355,79
130,25
356,79
355,79
418,93
418,93
126,24
356,79
355,79
355,79
356,79
374,83
373,83
63,14
436,97
437,97
90,20
101,19
76,15
365,81
364,81
400,89
400,89
88,17
88,17
374,83
373,83
364,81
364,81
365,81
364,81
472,105
472,105
68,15
109,21
374,83
373,83
356,79
355,79
437,97
437,97
374,83
373,83
437,97
437,97
383,85
382,85
91,18
355,79
355,79
356,79
355,79
374,83
374,83
63,14
391,87
391,87
427,95
427,95
364,81
364,81
365,81
364,81
81,16
356,79
355,79
365,81
365,81
383,85
382,85
61,11
63,14
76,17
70,14
365,81
365,81
355,79
356,79
86,19
427,95
428,95
86,19
67,15
364,81
364,81
446,99
446,99
68,15
365,81
364,81
356,79
355,79
356,79
356,79
102,20
373,83
374,83
355,79
356,79
409,91
410,91
409,91
410,91
391,87
392,87
90,18
419,93
419,93
373,83
373,83
364,81
365,81
63,14
355,79
355,79
117,26
111,22
364,81
364,81
72,16
355,79
356,79
90,20
85,16
373,83
364,81
374,83
365,81
53,13
85,19
355,79
355,79
373,83
374,83
68,15
355,79
356,79
77,17
119,23
97,19
68,15
365,81
365,81
364,81
365,81
400,89
401,89
132,25
365,81
364,81
72,16
104,20
356,79
356,79
77,17
418,93
418,93
364,81
364,81
72,14
67,15
356,79
27,6
355,79
68,15
365,81
364,81
92,18
365,81
364,81
355,79
355,79
72,16
374,83
373,83
134,25
409,91
410,91
76,17
356,79
355,79
96,19
85,19
392,87
392,87
95,21
356,79
355,79
97,19
356,79
355,79
97,18
383,85
382,85
364,81
364,81
392,87
391,87
382,85
382,85
365,81
364,81
392,87
392,87
98,18
111,22
133,26
473,105
472,105
72,16
84,20
364,81
364,81
392,87
392,87
382,85
382,85
373,83
374,83
374,83
374,83
129,24
356,79
356,79
392,87
392,87
392,87
392,87
107,22
355,79
356,79
374,83
373,83
365,81
365,81
392,87
391,87
355,79
356,79
392,87
391,87
81,16
392,87
392,87
455,101
454,101
383,85
382,85
99,18
392,87
391,87
446,99
445,99
374,83
374,83
401,89
400,89
374,83
374,83
66,13
97,19
355,79
355,79
121,23
89,21
392,87
392,87
374,83
373,83
355,79
355,79
100,19
72,16
67,13
94,21
86,19
63,14
58,13
356,79
355,79
77,17
94,18
108,24
76,17
382,85
382,85
356,79
355,79
45,9
81,18
63,14
63,14
76,15
364,81
365,81
365,81
364,81
464,103
464,103
46,9
100,19
62,12
356,79
355,79
67,15
365,81
365,81
392,87
392,87
99,22
436,97
436,97
373,83
374,83
356,79
356,79
436,97
436,97
517,115
517,115
383,85
383,85
112,22
355,79
355,79
76,17
356,79
356,79
392,87
392,87
67,15
383,85
383,85
373,83
374,83
418,93
419,93
410,91
409,91
68,15
356,79
356,79
68,15
80,15
112,25
72,16
121,23
373,83
374,83
419,93
419,93
92,18
99,22
355,79
355,79
90,20
47,9
374,83
373,83
119,23
410,91
68,15
374,83
373,83
72,16
120,23
96,18
392,87
392,87
86,19
356,79
356,79
100,20
72,16
67,15
401,89
400,89
67,15
365,81
365,81
63,14
81,18
355,79
356,79
383,85
383,85
365,81
365,81
83,16
392,87
391,87
75,14
94,21
428,95
427,95
401,89
400,89
102,19
31,6
400,89
400,89
356,79
355,79
67,15
103,20
117,21
117,26
355,79
355,79
134,24
63,14
67,15
355,79
356,79
391,87
392,87
59,13
355,79
356,79
95,21
392,87
391,87
102,20
77,17
364,81
364,81
374,83
373,83
374,83
374,83
382,85
383,85
106,20
374,83
373,83
113,22
72,16
125,24
67,15
374,83
373,83
365,81
365,81
473,105
473,105
117,23
103,20
382,85
382,85
355,79
356,79
356,79
355,79
77,17
374,83
373,83
364,81
364,81
374,83
373,83
88,17
90,20
63,14
87,17
365,81
364,81
365,81
365,81
356,79
356,79
373,83
373,83
107,20
98,19
94,21
63,14
364,81
365,81
72,16
133,24
91,18
356,79
355,79
85,16
77,17
356,79
355,79
446,99
445,99
409,91
409,91
355,79
356,79
95,21
77,17
383,85
382,85
95,18
392,87
391,87
91,18
72,16
95,18
392,87
391,87
364,81
364,81
113,25
356,79
355,79
98,19
382,85
383,85
67,15
117,26
41,8
455,101
454,101
356,79
356,79
356,79
355,79
125,24
355,79
355,79
63,14
85,16
364,81
364,81
86,17
373,83
374,83
481,107
482,107
436,97
436,97
374,83
373,83
364,81
365,81
123,23
382,85
383,85
49,12
374,83
374,83
77,17
481,107
482,107
94,21
58,13
355,79
356,79
67,15
355,79
355,79
94,18
90,20
391,87
391,87
81,18
355,79
355,79
90,20
400,89
400,89
355,79
356,79
383,85
383,85
356,79
355,79
356,79
356,79
383,85
383,85
83,16
374,83
374,83
72,16
104,20
392,87
392,87
365,81
365,81
373,83
373,83
71,14
392,87
392,87
104,20
95,21
383,85
383,85
400,89
400,89
71,13
63,14
436,97
436,97
356,79
356,79
97,19
71,14
81,18
373,83
374,83
54,12
98,19
94,18
72,16
81,16
364,81
364,81
68,15
392,87
392,87
77,17
85,19
356,79
355,79
66,16
104,20
65,12
373,83
374,83
68,15
68,15
400,89
400,89
374,83
373,83
77,17
99,22
382,85
383,85
383,85
383,85
356,79
355,79
86,19
401,89
400,89
365,81
364,81
446,99
445,99
365,81
60,11
364,81
365,81
392,87
365,81
391,87
52,10
374,83
373,83
356,79
355,79
383,85
383,85
365,81
365,81
355,79
356,79
74,14
382,85
383,85
365,81
364,81
58,13
58,13
419,93
418,93
102,20
392,87
392,87
410,91
409,91
364,81
364,81
355,79
356,79
382,85
382,85
81,18
107,21
105,21
59,11
118,22
355,79
355,79
356,79
355,79
500,111
500,111
401,89
400,89
383,85
383,85
86,19
146,27
125,24
356,79
355,79
374,83
374,83
383,85
382,85
93,18
108,24
103,20
81,18
63,14
94,21
472,105
472,105
364,81
364,81
374,83
374,83
77,17
365,81
364,81
117,22
364,81
364,81
94,21
63,14
374,83
373,83
391,87
392,87
81,18
126,24
356,79
355,79
401,89
401,89
88,17
144,28
99,22
373,83
373,83
401,89
400,89
437,97
437,97
77,17
355,79
356,79
382,85
383,85
364,81
364,81
86,16
383,85
383,85
99,19
100,19
482,107
481,107
122,24
365,81
365,81
58,11
365,81
365,81
68,15
77,17
54,12
364,81
365,81
364,81
365,81
88,17
355,79
356,79
356,79
355,79
364,81
364,81
94,18
355,79
356,79
86,19
383,85
382,85
365,81
365,81
83,16
95,21
54,12
106,20
419,93
419,93
125,24
104,20
355,79
356,79
81,18
356,79
355,79
68,15
86,17
374,83
374,83
364,81
365,81
63,14
364,81
364,81
111,22
77,17
103,23
364,81
365,81
58,13
382,85
382,85
374,83
374,83
382,85
383,85
365,81
364,81
517,115
517,115
81,18
356,79
356,79
72,14
418,93
419,93
86,19
355,79
356,79
63,14
58,13
373,83
374,83
499,111
500,111
374,83
374,83
62,12
356,79
355,79
72,16
365,81
365,81
382,85
382,85
356,79
355,79
89,17
436,97
437,97
126,28
355,79
356,79
81,18
67,15
77,17
356,79
355,79
86,17
356,79
356,79
374,83
374,83
109,20
57,14
364,81
364,81
77,17
365,81
364,81
85,17
89,17
81,18
382,85
382,85
391,87
392,87
392,87
392,87
356,79
355,79
111,22
437,97
436,97
143,27
374,83
373,83
98,19
374,83
373,83
356,79
356,79
72,16
67,15
124,24
446,99
446,99
54,12
105,19
418,93
419,93
96,20
365,81
364,81
50,10
400,89
400,89
63,14
58,13
95,21
137,26
382,85
382,85
97,19
72,16
391,87
391,87
410,91
409,91
45,10
365,81
365,81
59,13
392,87
391,87
58,13
81,18
121,23
95,17
98,18
54,12
373,83
373,83
85,19
382,85
382,85
81,18
356,79
356,79
391,87
392,87
72,16
81,18
73,14
364,81
365,81
112,21
78,14
392,87
392,87
107,21
108,24
365,81
365,81
114,21
392,87
392,87
132,25
108,24
67,15
382,85
382,85
391,87
391,87
383,85
382,85
77,17
103,20
382,85
383,85
356,79
355,79
94,21
427,95
428,95
85,19
392,87
392,87
365,81
365,81
419,93
418,93
97,20
129,25
76,17
464,103
464,103
124,24
77,15
76,17
57,11
383,85
383,85
418,93
419,93
80,19
364,81
365,81
130,24
356,79
355,79
81,18
355,79
355,79
364,81
365,81
110,21
356,79
355,79
103,20
356,79
355,79
113,22
66,13
76,17
94,18
482,107
481,107
383,85
382,85
383,85
383,85
373,83
373,83
72,16
67,15
103,20
116,22
356,79
356,79
391,87
391,87
356,79
355,79
364,81
365,81
355,79
356,79
374,83
373,83
63,14
364,81
364,81
133,25
463,103
463,103
83,16
355,79
356,79
400,89
400,89
373,83
373,83
365,81
365,81
391,87
391,87
81,18
356,79
356,79
76,15
383,85
382,85
81,16
63,14
427,95
428,95
63,14
374,83
373,83
365,81
364,81
383,85
382,85
76,17
383,85
382,85
67,15
68,15
116,21
355,79
356,79
356,79
356,79
356,79
355,79
52,10
58,13
81,18
401,89
401,89
382,85
383,85
401,89
400,89
383,85
383,85
110,21
72,16
85,19
355,79
356,79
365,81
364,81
85,17
142,27
42,8
437,97
436,97
77,17
365,81
364,81
365,81
365,81
355,79
355,79
365,81
365,81
99,22
92,18
81,18
356,79
355,79
355,79
355,79
383,85
382,85
66,13
400,89
400,89
112,25
400,89
401,89
127,24
90,20
81,18
99,22
63,12
76,14
355,79
355,79
68,15
85,19
409,91
410,91
110,21
364,81
364,81
72,16
365,81
364,81
365,81
364,81
72,16
355,79
356,79
382,85
383,85
85,19
91,17
63,14
81,18
116,23
118,23
128,24
86,17
86,19
63,14
427,95
428,95
114,22
355,79
355,79
63,14
374,83
374,83
95,19
374,83
374,83
81,18
36,7
81,18
355,79
355,79
383,85
383,85
391,87
391,87
355,79
355,79
401,89
401,89
383,85
382,85
373,83
373,83
86,19
99,22
355,79
355,79
383,85
382,85
63,14
355,79
356,79
144,27
117,23
72,16
71,14
373,83
374,83
72,16
67,15
67,15
103,23
374,83
373,83
382,85
383,85
55,10
410,91
410,91
76,17
49,11
95,19
63,14
105,20
356,79
356,79
382,85
383,85
382,85
383,85
373,83
373,83
356,79
356,79
114,22
102,20
400,89
401,89
383,85
382,85
63,14
96,19
102,19
383,85
383,85
131,27
364,81
364,81
72,16
100,19
392,87
391,87
122,23
72,16
400,89
400,89
60,11
95,19
365,81
365,81
365,81
365,81
419,93
419,93
383,85
383,85
364,81
365,81
35,7
90,20
356,79
473,105
355,79
472,105
382,85
383,85
401,89
400,89
109,21
392,87
392,87
68,15
68,15
102,20
86,17
391,87
392,87
365,81
365,81
454,101
455,101
383,85
383,85
410,91
410,91
374,83
373,83
356,79
356,79
93,18
392,87
391,87
90,20
76,17
118,22
85,19
419,93
418,93
101,21
355,79
355,79
364,81
365,81
383,85
382,85
355,79
356,79
401,89
401,89
118,23
418,93
418,93
373,83
374,83
76,17
92,18
124,23
77,17
374,83
373,83
365,81
365,81
365,81
365,81
409,91
409,91
463,103
463,103
76,17
356,79
356,79
81,18
77,17
365,81
365,81
88,17
391,87
392,87
72,16
410,91
409,91
135,25
72,16
374,83
373,83
463,103
463,103
63,14
86,19
72,16
63,14
392,87
391,87
373,83
373,83
67,15
364,81
365,81
356,79
355,79
400,89
400,89
356,79
356,79
391,87
392,87
109,20
41,8
364,81
365,81
373,83
383,85
373,83
382,85
392,87
392,87
463,103
463,103
81,18
373,83
374,83
67,15
68,15
50,10
145,28
117,23
68,15
115,23
85,19
365,81
364,81
103,23
355,79
356,79
356,79
355,79
365,81
365,81
410,91
409,91
356,79
356,79
118,23
383,85
382,85
76,17
355,79
356,79
96,19
77,17
96,18
364,81
365,81
364,81
364,81
66,13
410,91
409,91
473,105
473,105
136,26
383,85
382,85
102,20
373,83
373,83
364,81
364,81
103,23
418,93
418,93
401,89
401,89
355,79
355,79
75,15
400,89
400,89
374,83
373,83
409,91
409,91
356,79
355,79
86,16
374,83
374,83
356,79
356,79
437,97
436,97
392,87
392,87
382,85
383,85
68,15
373,83
374,83
68,13
83,16
77,17
373,83
373,83
90,17
356,79
356,79
72,16
427,95
427,95
159,30
364,81
365,81
356,79
356,79
355,79
356,79
72,16
401,89
401,89
58,13
82,16
392,87
391,87
77,17
112,22
409,91
409,91
81,18
410,91
410,91
356,79
356,79
72,16
374,83
373,83
365,81
364,81
364,81
364,81
72,16
68,15
81,18
373,83
373,83
373,83
374,83
118,24
117,23
391,87
392,87
94,21
382,85
383,85
63,14
356,79
355,79
99,19
365,81
365,81
374,83
373,83
383,85
383,85
109,21
418,93
418,93
364,81
365,81
124,24
391,87
391,87
400,89
401,89
97,19
84,16
355,79
356,79
374,83
374,83
365,81
364,81
374,83
374,83
364,81
355,79
365,81
356,79
90,20
365,81
365,81
382,85
382,85
383,85
382,85
131,25
86,19
364,81
365,81
365,81
365,81
47,9
138,27
103,23
472,105
472,105
75,14
445,99
445,99
125,24
103,20
100,19
401,89
400,89
76,17
355,79
355,79
118,23
364,81
365,81
436,97
436,97
104,20
409,91
409,91
118,23
45,9
99,22
105,20
77,17
111,21
76,17
77,17
81,18
62,12
374,83
374,83
67,15
81,18
383,85
382,85
49,9
81,18
67,15
400,89
400,89
61,12
392,87
391,87
90,20
355,79
355,79
41,9
401,89
401,89
63,14
108,24
51,10
436,97
436,97
382,85
382,85
94,18
391,87
392,87
111,21
102,19
374,83
373,83
72,16
355,79
355,79
365,81
365,81
99,22
383,85
382,85
410,91
410,91
90,20
94,21
85,19
72,16
356,79
355,79
58,13
130,24
365,81
364,81
355,79
355,79
55,11
63,14
455,101
455,101
86,19
455,101
454,101
72,16
364,81
365,81
374,83
374,83
365,81
365,81
129,25
81,18
58,13
356,79
355,79
90,20
108,24
76,15
355,79
356,79
139,27
365,81
365,81
81,18
63,14
419,93
418,93
383,85
382,85
97,19
355,79
355,79
106,21
401,89
400,89
383,85
382,85
355,79
355,79
365,81
365,81
392,87
392,87
391,87
392,87
355,79
356,79
108,21
364,81
364,81
355,79
356,79
373,83
374,83
365,81
364,81
107,21
356,79
355,79
364,81
365,81
72,16
365,81
365,81
356,79
356,79
77,17
356,79
355,79
373,83
374,83
81,18
374,83
373,83
382,85
382,85
382,85
383,85
374,83
374,83
77,17
85,19
32,7
374,83
374,83
85,19
364,81
364,81
455,101
454,101
85,19
41,9
356,79
355,79
93,17
356,79
355,79
364,81
364,81
383,85
382,85
374,83
373,83
374,83
374,83
76,16
68,15
364,81
365,81
400,89
400,89
89,17
113,22
107,21
365,81
364,81
428,95
427,95
401,89
400,89
72,16
418,93
419,93
99,22
76,17
120,23
355,79
355,79
99,22
374,83
373,83
67,15
70,14
98,19
356,79
356,79
63,14
355,79
356,79
57,11
364,81
365,81
131,25
95,18
418,93
419,93
76,17
535,119
536,119
63,14
355,79
355,79
392,87
392,87
109,20
77,17
428,95
427,95
364,81
365,81
72,16
134,25
85,19
364,81
365,81
112,22
35,7
91,17
95,19
356,79
355,79
81,18
29,5
108,24
100,19
70,13
95,19
100,20
110,22
91,20
99,22
75,15
140,26
111,22
85,19
86,18
418,93
419,93
100,20
115,23
125,25
40,8
42,8
122,29
81,18
145,29
36,7
116,21
81,18
84,16
40,8
105,21
94,21
100,20
104,23
70,14
70,14
100,20
66,16
79,15
40,8
80,16
58,13
108,24
85,17
88,17
81,18
68,15
25,5
76,17
68,15
111,22
374,83
373,83
103,23
100,20
75,15
97,20
90,18
91,18
95,21
107,21
60,12
75,15
85,17
72,16
70,14
108,21
90,20
105,21
65,12
86,16
90,18
63,14
145,29
90,20
44,8
30,6
170,34
75,15
75,15
98,18
86,19
85,17
70,14
92,18
105,23
119,25
110,22
67,15
81,18
109,21
63,14
98,19
120,24
41,9
16,3
105,20
77,17
76,17
39,7
90,18
90,20
115,23
105,21
126,27
77,15
95,19
58,13
97,18
65,13
40,8
356,79
356,79
75,15
54,12
51,9
100,19
70,14
63,14
110,22
42,9
85,17
90,18
80,16
37,7
100,19
115,23
66,13
45,10
30,6
58,13
42,8
72,16
50,10
75,15
100,20
60,12
115,23
99,18
55,11
107,21
92,17
75,15
73,14
72,16
90,20
45,10
55,11
88,17
92,20
60,12
45,9
107,21
54,12
65,13
63,14
55,11
97,18
86,16
139,24
70,14
86,19
392,87
391,87
356,79
356,79
90,20
31,7
45,10
124,24
55,11
99,20
85,17
45,9
72,16
97,19
94,18
80,16
71,14
80,16
60,12
103,18
132,26
134,23
104,22
55,11
55,11
107,19
72,16
75,15
18,4
54,12
97,19
100,20
80,16
18,4
80,16
84,18
80,16
60,12
69,13
105,21
45,9
55,11
74,16
55,11
68,15
70,14
80,19
72,16
92,17
401,89
41,9
401,89
80,16
47,9
110,22
50,10
50,10
446,99
446,99
81,18
100,20
122,22
65,13
65,13
383,85
383,85
428,58
45,10
86,17
54,12
364,81
365,81
364,81
364,81
1378,108
65,13
55,11
121,23
90,20
72,16
1616,109
64,13
251,44
45,9
61,12
60,12
50,10
103,23
58,13
95,22
65,13
55,11
80,16
373,83
374,83
200,40
58,13
75,15
67,15
58,13
31,7
50,10
32,7
169,29
59,13
50,10
205,37
108,24
55,11
59,13
45,9
50,10
84,16
61,13
93,18
272,46
60,12
65,13
60,12
71,14
140,28
81,16
113,21
81,18
58,13
67,15
40,8
356,79
395,79
99,22
374,83
373,83
1250,250
360,80
200,40
57,10
65,14
36,7
67,15
395,79
200,40
360,80
356,79
195,39
356,79
356,79
356,79
355,79
1125,250
58,11
77,15
1250,250
1125,250
56,11
400,89
400,89
75,15
119,23
1369,112
45,10
65,13
58,13
106,20
60,12
356,79
355,79
424,74
70,15
355,79
356,79
41,9
30,6
66,13
51,10
50,10
45,10
45,10
94,23
417,57
50,11
373,83
374,83
365,81
364,81
1360,116
355,79
26,5
54,12
1647,101
68,15
23,5
77,17
81,19
138,26
61,12
50,10
50,11
65,13
71,14
364,81
365,81
90,20
365,81
364,81
45,9
44,11
55,12
32,7
55,11
54,12
57,11
79,17
35,7
383,85
383,85
60,12
60,12
473,105
472,105
46,9
74,16
58,13
55,11
77,19
64,14
65,13
55,11
35,7
75,15
391,87
391,87
365,81
364,81
63,14
60,12
54,12
60,12
45,9
45,9
35,7
50,10
99,22
81,18
71,14
53,13
59,13
57,11
55,11
61,12
54,12
90,20
70,14
75,15
80,16
60,12
50,10
63,12
59,13
55,11
84,16
49,9
55,11
41,8
60,12
410,91
409,91
67,13
65,13
62,15
355,79
356,79
99,22
54,12
50,10
70,14
63,14
50,10
55,11
45,9
104,21
58,13
85,19
80,16
35,7
27,6
45,9
95,19
54,12
50,11
55,11
56,11
113,22
62,12
55,11
46,9
49,11
356,79
355,79
59,13
45,9
53,10
65,14
45,9
55,11
50,11
65,13
50,11
58,13
50,10
93,22
52,10
356,79
80,16
355,79
50,10
60,12
80,16
50,10
80,16
63,14
77,19
53,10
40,9
355,79
355,79
50,10
45,10
356,79
40,8
356,79
55,11
45,9
50,10
54,12
93,18
99,22
99,22
373,83
373,83
78,15
55,11
109,21
446,99
445,99
72,16
85,19
88,17
427,95
427,95
70,14
128,24
140,26
355,79
356,79
383,85
382,85
72,16
81,18
56,11
63,14
94,21
105,21
427,95
427,95
116,21
36,8
356,79
356,79
41,8
63,14
409,91
409,91
356,79
356,79
410,91
410,91
374,83
374,83
59,13
373,83
373,83
355,79
355,79
85,19
356,79
356,79
41,8
364,81
365,81
38,7
25,5
125,24
72,16
75,14
419,93
418,93
76,17
81,18
54,12
355,79
356,79
99,22
364,81
365,81
98,19
65,13
63,14
90,20
356,79
356,79
392,87
391,87
90,20
99,22
391,87
391,87
83,19
355,79
356,79
364,81
365,81
77,17
86,19
110,21
113,22
365,81
365,81
90,20
73,17
365,81
364,81
72,16
45,9
81,16
373,83
374,83
60,12
122,22
355,79
356,79
117,23
119,22
31,6
373,83
373,83
59,13
63,14
625,139
626,139
355,79
356,79
46,9
41,8
99,19
75,15
383,85
382,85
373,83
373,83
98,19
535,119
536,119
109,21
35,7
427,95
428,95
383,85
383,85
50,10
133,24
499,111
500,111
356,79
356,79
55,11
59,13
400,89
401,89
127,24
383,85
382,85
356,79
355,79
54,12
428,95
428,95
113,21
87,17
107,21
62,12
81,18
56,11
68,15
364,81
365,81
382,85
383,85
97,18
115,22
50,10
90,20
52,10
35,7
428,95
428,95
364,81
364,81
81,18
382,85
383,85
50,10
100,19
355,79
355,79
72,16
81,18
383,85
382,85
55,11
81,18
364,81
364,81
482,107
481,107
355,79
356,79
50,11
107,21
418,93
418,93
72,16
392,87
392,87
59,13
77,17
61,12
54,12
365,81
364,81
68,13
45,9
96,19
356,79
356,79
365,81
365,81
93,18
410,91
410,91
382,85
382,85
356,79
355,79
364,81
364,81
210,42
89,17
419,93
419,93
31,6
392,87
391,87
59,13
72,16
77,17
383,85
382,85
400,89
401,89
81,18
365,81
365,81
356,79
355,79
60,13
355,79
355,79
89,21
59,11
63,14
103,23
364,81
365,81
392,87
392,87
374,83
373,83
56,11
356,79
355,79
374,83
374,83
373,83
373,83
356,79
356,79
72,16
364,81
364,81
100,20
81,18
355,79
355,79
454,101
455,101
68,13
66,13
51,10
364,81
364,81
355,79
356,79
55,11
86,17
95,21
95,21
401,89
400,89
135,26
52,10
81,18
365,81
364,81
98,19
98,19
355,79
355,79
103,23
96,19
356,79
355,79
58,13
77,17
356,79
355,79
249,51
76,18
356,79
355,79
63,14
53,10
418,93
419,93
55,11
134,26
68,15
76,17
355,79
356,79
36,8
356,79
356,79
382,85
382,85
106,21
400,89
400,89
70,14
355,79
356,79
81,18
355,79
355,79
382,85
382,85
409,91
410,91
95,21
105,19
60,12
107,21
455,101
454,101
111,22
67,15
355,79
355,79
67,15
356,79
356,79
85,17
115,20
102,19
445,99
445,99
436,97
436,97
70,14
355,79
355,79
382,85
382,85
118,23
72,14
50,10
81,18
67,15
126,25
445,99
446,99
81,18
365,81
365,81
46,9
356,79
355,79
410,91
409,91
55,11
109,20
436,97
436,97
79,15
383,85
382,85
60,12
364,81
364,81
66,16
72,16
129,24
355,79
355,79
93,18
63,14
410,91
409,91
76,17
63,14
110,21
49,11
58,13
96,18
364,81
364,81
77,17
102,20
57,11
58,13
437,97
437,97
373,83
374,83
60,12
356,79
356,79
63,14
391,87
391,87
383,85
383,85
77,17
80,16
364,81
365,81
382,85
383,85
392,87
392,87
55,11
101,20
355,79
356,79
355,79
355,79
77,17
146,27
392,87
391,87
85,19
35,7
76,17
72,16
355,79
355,79
364,81
365,81
365,81
364,81
58,11
55,11
111,21
90,20
392,87
392,87
365,81
365,81
473,105
472,105
132,26
56,11
383,85
383,85
104,20
64,14
81,18
374,83
373,83
90,20
67,15
392,87
391,87
364,81
364,81
140,26
356,79
355,79
61,12
53,12
355,79
355,79
455,101
454,101
544,121
544,121
54,12
392,87
391,87
77,17
96,19
410,91
410,91
355,79
356,79
55,11
106,20
401,89
400,89
72,16
35,7
107,20
373,83
373,83
356,79
356,79
364,81
364,81
123,24
47,9
46,9
55,11
382,85
382,85
87,17
72,14
106,21
45,10
374,83
374,83
418,93
419,93
436,97
437,97
365,81
364,81
55,11
374,83
373,83
464,103
463,103
58,13
355,79
355,79
75,15
356,79
356,79
401,89
400,89
108,24
374,83
373,83
131,25
392,87
391,87
50,10
374,83
374,83
356,79
355,79
85,19
90,17
365,81
364,81
409,91
409,91
67,15
81,18
356,79
355,79
63,14
62,12
133,25
409,91
409,91
92,18
72,16
72,16
54,12
77,17
77,17
374,83
374,83
373,83
374,83
68,15
383,85
383,85
98,19
78,18
104,20
373,83
373,83
72,16
491,109
491,109
78,15
72,16
59,11
373,83
373,83
374,83
373,83
90,20
108,21
401,89
401,89
355,79
356,79
65,13
41,9
356,79
355,79
61,12
149,27
124,24
365,81
364,81
365,81
364,81
70,14
374,83
373,83
382,85
383,85
51,10
30,6
373,83
373,83
382,85
382,85
383,85
382,85
401,89
400,89
373,83
374,83
50,10
104,23
355,79
356,79
418,93
418,93
373,83
373,83
49,11
364,81
365,81
365,81
365,81
54,12
401,89
401,89
57,11
373,83
374,83
108,21
80,16
79,15
419,93
418,93
355,79
355,79
365,81
364,81
91,17
364,81
364,81
56,11
80,19
72,16
383,85
383,85
391,87
391,87
364,81
364,81
55,11
112,22
374,83
373,83
356,79
355,79
409,91
409,91
108,21
70,14
392,87
391,87
374,83
374,83
356,79
355,79
401,89
401,89
364,81
364,81
69,15
356,79
356,79
117,22
26,5
437,97
436,97
72,16
99,19
99,22
94,21
34,8
419,93
418,93
392,87
391,87
94,18
85,19
72,16
116,22
128,24
56,11
356,79
355,79
391,87
391,87
116,23
67,15
355,79
355,79
63,14
58,13
117,23
25,5
374,83
373,83
81,18
383,85
383,85
20,4
365,81
364,81
472,105
472,105
90,20
382,85
382,85
54,12
374,83
373,83
55,11
68,15
355,79
356,79
72,16
374,83
374,83
91,17
68,15
410,91
410,91
373,83
373,83
356,79
356,79
63,14
95,18
48,9
355,79
356,79
383,85
383,85
365,81
364,81
89,17
428,95
427,95
92,18
75,15
81,18
382,85
382,85
99,22
410,91
409,91
50,10
99,22
364,81
364,81
382,85
382,85
97,19
410,91
410,91
356,79
356,79
355,79
356,79
86,19
67,15
72,16
110,21
68,15
355,79
355,79
27,6
47,9
356,79
356,79
97,19
382,85
383,85
86,19
41,8
374,83
373,83
73,14
88,17
382,85
383,85
134,26
77,17
81,18
75,15
364,81
365,81
364,81
364,81
105,19
27,6
419,93
418,93
373,83
374,83
111,22
67,15
71,14
32,7
81,18
83,16
63,12
356,79
355,79
72,16
93,17
49,11
85,19
77,15
59,13
410,91
409,91
355,79
356,79
40,9
81,18
517,115
518,115
75,18
66,13
63,14
355,79
355,79
50,10
374,83
374,83
382,85
382,85
90,20
391,87
391,87
51,10
103,23
46,9
99,22
113,21
77,17
41,9
364,81
364,81
54,12
391,87
392,87
153,28
355,79
355,79
382,85
382,85
63,14
473,105
472,105
63,14
66,13
356,79
355,79
373,83
374,83
119,23
427,95
428,95
60,12
499,111
500,111
85,19
72,16
54,12
76,17
50,11
72,16
63,14
81,18
356,79
356,79
110,21
117,24
55,11
373,83
374,83
364,81
364,81
94,21
81,18
382,85
382,85
67,15
409,91
410,91
102,20
55,11
68,15
113,22
355,79
355,79
355,79
355,79
99,22
77,17
57,11
391,87
392,87
473,105
472,105
86,17
392,87
391,87
76,17
383,85
383,85
355,79
355,79
64,14
116,23
436,97
436,97
365,81
365,81
105,20
77,17
53,13
374,83
373,83
410,91
409,91
61,12
356,79
356,79
76,17
60,12
96,19
445,99
445,99
70,13
81,18
382,85
383,85
51,10
365,81
364,81
391,87
391,87
356,79
356,79
409,91
410,91
81,18
392,87
391,87
364,81
365,81
364,81
364,81
76,17
355,79
356,79
71,17
409,91
409,91
355,79
355,79
355,79
356,79
401,89
401,89
437,97
436,97
355,79
355,79
81,18
104,23
76,17
374,83
373,83
392,87
392,87
1253,253
365,81
365,81
446,99
445,99
392,87
391,87
364,81
365,81
382,85
382,85
135,25
94,21
68,15
72,16
114,22
365,81
365,81
356,79
355,79
356,79
356,79
107,21
113,22
97,18
70,14
374,83
373,83
77,17
356,79
355,79
95,20
72,16
137,26
41,9
88,17
65,13
92,18
108,24
365,81
364,81
373,83
77,17
356,79
355,79
401,89
401,89
365,81
364,81
80,15
374,83
374,83
472,105
473,105
124,23
374,83
374,83
365,81
364,81
81,18
364,81
364,81
107,21
355,79
356,79
52,10
75,15
86,19
374,83
373,83
401,89
400,89
99,22
383,85
382,85
545,121
544,121
401,89
400,89
374,83
373,83
97,19
364,81
364,81
437,97
437,97
77,17
86,19
107,20
373,83
373,83
356,79
355,79
77,17
119,22
111,22
355,79
355,79
419,93
418,93
356,79
355,79
365,81
364,81
68,15
50,10
401,89
400,89
374,83
373,83
58,13
481,107
481,107
365,81
364,81
90,20
374,83
374,83
82,16
85,17
382,85
382,85
80,16
95,18
365,81
365,81
112,21
365,81
365,81
61,12
60,12
355,79
355,79
54,12
356,79
356,79
77,17
68,15
401,89
401,89
68,15
57,11
383,85
382,85
35,7
382,85
383,85
95,21
356,79
356,79
374,83
374,83
428,95
428,95
65,13
127,24
365,81
364,81
482,107
482,107
85,19
355,79
355,79
56,11
68,15
67,12
365,81
365,81
85,19
365,81
365,81
0,0
0,0
0,0
0,0
0,0
0,0
0,0
0,0
0,0
0,0
356,79
355,79
365,81
365,81
77,17
79,15
50,10
63,14
94,18
80,16
100,21
50,10
133,23
48,11
88,17
373,83
374,83
67,15
76,17
68,15
80,19
91,18
120,24
49,11
70,14
50,10
77,17
49,11
80,16
96,19
115,23
111,22
72,16
90,17
82,16
97,19
85,16
374,83
373,83
75,15
90,17
76,15
45,9
95,19
72,16
107,21
428,95
428,95
72,16
59,11
65,13
90,20
85,19
110,22
105,21
77,17
85,17
132,26
75,15
72,16
111,24
90,20
80,16
65,13
55,11
80,16
98,20
75,15
100,20
