round_idx,bot,games,wins,draws,losses,eff_wr,eff_wr_pct
8,AIFBotMCTS,80,42,0,38,0.525,52.5
8,BestMCTS3,80,55,0,25,0.6875,68.75
8,Council_of_two_bot,80,23,0,57,0.2875,28.749999999999996
8,EBot_C,80,49,0,31,0.6125,61.25000000000001
8,EBot_F,80,40,0,40,0.5,50.0
8,HQL_Plus_BOT,80,56,0,24,0.7,70.0
8,MaltheMCTS,80,11,0,69,0.1375,13.750000000000002
8,Nangert_submission_v4,80,38,0,42,0.475,47.5
8,Sakkirina,80,58,0,22,0.725,72.5
8,SakkirinaSolo,80,54,0,26,0.675,67.5
8,ZMyBot,80,14,0,66,0.175,17.5
