round_idx,bot,games,wins,draws,losses,eff_wr,eff_wr_pct
20,AIFBotMCTS,80,48,0,32,0.6,60.0
20,BestMCTS3,80,50,0,30,0.625,62.5
20,Council_of_two_bot,80,16,0,64,0.2,20.0
20,EBot_C,80,49,0,31,0.6125,61.25000000000001
20,EBot_F,80,39,0,41,0.4875,48.75
20,HQL_Plus_BOT,80,51,0,29,0.6375,63.74999999999999
20,MaltheMCTS,80,14,0,66,0.175,17.5
20,Nangert_submission_v4,80,40,0,40,0.5,50.0
20,Sakkirina,80,55,0,25,0.6875,68.75
20,SakkirinaSolo,80,59,0,21,0.7375,73.75
20,ZMyBot,80,19,0,61,0.2375,23.75
