round_idx,bot,games,wins,draws,losses,eff_wr,eff_wr_pct
1,AIFBotMCTS,80,40,0,40,0.5,50.0
1,BestMCTS3,80,56,0,24,0.7,70.0
1,Council_of_two_bot,80,17,0,63,0.2125,21.25
1,EBot_C,80,38,0,42,0.475,47.5
1,EBot_F,80,46,0,34,0.575,57.49999999999999
1,HQL_Plus_BOT,80,51,0,29,0.6375,63.74999999999999
1,MaltheMCTS,80,23,0,57,0.2875,28.749999999999996
1,Nangert_submission_v4,80,45,0,35,0.5625,56.25
1,Sakkirina,80,57,0,23,0.7125,71.25
1,SakkirinaSolo,80,54,0,26,0.675,67.5
1,ZMyBot,80,13,0,67,0.1625,16.25
