round_idx,bot,games,wins,draws,losses,eff_wr,eff_wr_pct
15,AIFBotMCTS,80,42,0,38,0.525,52.5
15,BestMCTS3,80,55,0,25,0.6875,68.75
15,Council_of_two_bot,80,17,0,63,0.2125,21.25
15,EBot_C,80,44,0,36,0.55,55.00000000000001
15,EBot_F,80,41,0,39,0.5125,51.24999999999999
15,HQL_Plus_BOT,80,53,0,27,0.6625,66.25
15,MaltheMCTS,80,16,0,64,0.2,20.0
15,Nangert_submission_v4,80,39,0,41,0.4875,48.75
15,Sakkirina,80,60,0,20,0.75,75.0
15,SakkirinaSolo,80,56,0,24,0.7,70.0
15,ZMyBot,80,17,0,63,0.2125,21.25
