round_idx,bot,games,wins,draws,losses,eff_wr,eff_wr_pct
33,AIFBotMCTS,80,46,0,34,0.575,57.49999999999999
33,BestMCTS3,80,52,0,28,0.65,65.0
33,Council_of_two_bot,80,12,0,68,0.15,15.0
33,EBot_C,80,49,0,31,0.6125,61.25000000000001
33,EBot_F,80,39,0,41,0.4875,48.75
33,HQL_Plus_BOT,80,58,0,22,0.725,72.5
33,MaltheMCTS,80,16,0,64,0.2,20.0
33,Nangert_submission_v4,80,36,0,44,0.45,45.0
33,Sakkirina,80,54,0,26,0.675,67.5
33,SakkirinaSolo,80,61,0,19,0.7625,76.25
33,ZMyBot,80,17,0,63,0.2125,21.25
