round_idx,bot,games,wins,draws,losses,eff_wr,eff_wr_pct
30,AIFBotMCTS,80,39,0,41,0.4875,48.75
30,BestMCTS3,80,54,0,26,0.675,67.5
30,Council_of_two_bot,80,20,0,60,0.25,25.0
30,EBot_C,80,48,0,32,0.6,60.0
30,EBot_F,80,41,0,39,0.5125,51.24999999999999
30,HQL_Plus_BOT,80,58,0,22,0.725,72.5
30,MaltheMCTS,80,17,0,63,0.2125,21.25
30,Nangert_submission_v4,80,41,0,39,0.5125,51.24999999999999
30,Sakkirina,80,56,0,24,0.7,70.0
30,SakkirinaSolo,80,52,0,28,0.65,65.0
30,ZMyBot,80,14,0,66,0.175,17.5
