round_idx,bot,games,wins,draws,losses,eff_wr,eff_wr_pct
11,AIFBotMCTS,80,46,0,34,0.575,57.49999999999999
11,BestMCTS3,80,56,0,24,0.7,70.0
11,Council_of_two_bot,80,13,0,67,0.1625,16.25
11,EBot_C,80,48,0,32,0.6,60.0
11,EBot_F,80,39,0,41,0.4875,48.75
11,HQL_Plus_BOT,80,58,0,22,0.725,72.5
11,MaltheMCTS,80,14,0,66,0.175,17.5
11,Nangert_submission_v4,80,42,0,38,0.525,52.5
11,Sakkirina,80,49,0,31,0.6125,61.25000000000001
11,SakkirinaSolo,80,60,0,20,0.75,75.0
11,ZMyBot,80,15,0,65,0.1875,18.75
