round_idx,bot,games,wins,draws,losses,eff_wr,eff_wr_pct
12,AIFBotMCTS,80,38,0,42,0.475,47.5
12,BestMCTS3,80,51,0,29,0.6375,63.74999999999999
12,Council_of_two_bot,80,21,0,59,0.2625,26.25
12,EBot_C,80,50,0,30,0.625,62.5
12,EBot_F,80,38,0,42,0.475,47.5
12,HQL_Plus_BOT,80,55,0,25,0.6875,68.75
12,MaltheMCTS,80,15,0,65,0.1875,18.75
12,Nangert_submission_v4,80,44,0,36,0.55,55.00000000000001
12,Sakkirina,80,55,0,25,0.6875,68.75
12,SakkirinaSolo,80,56,0,24,0.7,70.0
12,ZMyBot,80,17,0,63,0.2125,21.25
