round_idx,bot,games,wins,draws,losses,eff_wr,eff_wr_pct
3,AIFBotMCTS,80,46,0,34,0.575,57.49999999999999
3,BestMCTS3,80,53,0,27,0.6625,66.25
3,Council_of_two_bot,80,16,0,64,0.2,20.0
3,EBot_C,80,44,0,36,0.55,55.00000000000001
3,EBot_F,80,41,0,39,0.5125,51.24999999999999
3,HQL_Plus_BOT,80,56,0,24,0.7,70.0
3,MaltheMCTS,80,16,0,64,0.2,20.0
3,Nangert_submission_v4,80,42,0,38,0.525,52.5
3,Sakkirina,80,58,0,22,0.725,72.5
3,SakkirinaSolo,80,53,0,27,0.6625,66.25
3,ZMyBot,80,15,0,65,0.1875,18.75
