round_idx,bot,games,wins,draws,losses,eff_wr,eff_wr_pct
24,AIFBotMCTS,80,47,0,33,0.5875,58.75
24,BestMCTS3,80,56,0,24,0.7,70.0
24,Council_of_two_bot,80,18,0,62,0.225,22.5
24,EBot_C,80,47,0,33,0.5875,58.75
24,EBot_F,80,41,0,39,0.5125,51.24999999999999
24,HQL_Plus_BOT,80,48,0,32,0.6,60.0
24,MaltheMCTS,80,9,0,71,0.1125,11.25
24,Nangert_submission_v4,80,41,0,39,0.5125,51.24999999999999
24,Sakkirina,80,56,0,24,0.7,70.0
24,SakkirinaSolo,80,60,0,20,0.75,75.0
24,ZMyBot,80,17,0,63,0.2125,21.25
