round_idx,bot,games,wins,draws,losses,eff_wr,eff_wr_pct
20,AIFBotMCTS,80,40,0,40,0.5,50.0
20,BestMCTS3,80,49,0,31,0.6125,61.25000000000001
20,Council_of_two_bot,80,16,0,64,0.2,20.0
20,EBot_C,80,42,0,38,0.525,52.5
20,EBot_F,80,39,0,41,0.4875,48.75
20,HQL_Plus_BOT,80,51,0,29,0.6375,63.74999999999999
20,MaltheMCTS,80,19,0,61,0.2375,23.75
20,Nangert_submission_v4,80,43,0,37,0.5375,53.75
20,Sakkirina,80,57,0,23,0.7125,71.25
20,SakkirinaSolo,80,67,0,13,0.8375,83.75
20,ZMyBot,80,17,0,63,0.2125,21.25
