round_idx,bot,games,wins,draws,losses,eff_wr,eff_wr_pct
29,AIFBotMCTS,80,43,0,37,0.5375,53.75
29,BestMCTS3,80,50,0,30,0.625,62.5
29,Council_of_two_bot,80,18,0,62,0.225,22.5
29,EBot_C,80,40,0,40,0.5,50.0
29,EBot_F,80,41,0,39,0.5125,51.24999999999999
29,HQL_Plus_BOT,80,60,0,20,0.75,75.0
29,MaltheMCTS,80,17,0,63,0.2125,21.25
29,Nangert_submission_v4,80,37,0,43,0.4625,46.25
29,Sakkirina,80,65,0,15,0.8125,81.25
29,SakkirinaSolo,80,51,0,29,0.6375,63.74999999999999
29,ZMyBot,80,18,0,62,0.225,22.5
