round_idx,bot,games,wins,draws,losses,eff_wr,eff_wr_pct
8,AIFBotMCTS,80,32,0,48,0.4,40.0
8,BestMCTS3,80,52,0,28,0.65,65.0
8,Council_of_two_bot,80,23,0,57,0.2875,28.749999999999996
8,EBot_C,80,45,0,35,0.5625,56.25
8,EBot_F,80,43,0,37,0.5375,53.75
8,HQL_Plus_BOT,80,58,0,22,0.725,72.5
8,MaltheMCTS,80,13,0,67,0.1625,16.25
8,Nangert_submission_v4,80,49,0,31,0.6125,61.25000000000001
8,Sakkirina,80,53,0,27,0.6625,66.25
8,SakkirinaSolo,80,59,0,21,0.7375,73.75
8,ZMyBot,80,13,0,67,0.1625,16.25
