round_idx,bot,games,wins,draws,losses,eff_wr,eff_wr_pct
19,AIFBotMCTS,80,43,0,37,0.5375,53.75
19,BestMCTS3,80,52,0,28,0.65,65.0
19,Council_of_two_bot,80,19,0,61,0.2375,23.75
19,EBot_C,80,42,0,38,0.525,52.5
19,EBot_F,80,39,0,41,0.4875,48.75
19,HQL_Plus_BOT,80,51,0,29,0.6375,63.74999999999999
19,MaltheMCTS,80,16,0,64,0.2,20.0
19,Nangert_submission_v4,80,44,0,36,0.55,55.00000000000001
19,Sakkirina,80,58,0,22,0.725,72.5
19,SakkirinaSolo,80,58,0,22,0.725,72.5
19,ZMyBot,80,18,0,62,0.225,22.5
