round_idx,bot,games,wins,draws,losses,eff_wr,eff_wr_pct
4,AIFBotMCTS,80,45,0,35,0.5625,56.25
4,BestMCTS3,80,51,0,29,0.6375,63.74999999999999
4,Council_of_two_bot,80,21,0,59,0.2625,26.25
4,EBot_C,80,51,0,29,0.6375,63.74999999999999
4,EBot_F,80,38,0,42,0.475,47.5
4,HQL_Plus_BOT,80,50,0,30,0.625,62.5
4,MaltheMCTS,80,15,0,65,0.1875,18.75
4,Nangert_submission_v4,80,37,0,43,0.4625,46.25
4,Sakkirina,80,60,0,20,0.75,75.0
4,SakkirinaSolo,80,57,0,23,0.7125,71.25
4,ZMyBot,80,15,0,65,0.1875,18.75
