round_idx,bot,games,wins,draws,losses,eff_wr,eff_wr_pct
26,AIFBotMCTS,80,42,0,38,0.525,52.5
26,BestMCTS3,80,59,0,21,0.7375,73.75
26,Council_of_two_bot,80,17,0,63,0.2125,21.25
26,EBot_C,80,53,0,27,0.6625,66.25
26,EBot_F,80,39,0,41,0.4875,48.75
26,HQL_Plus_BOT,80,55,0,25,0.6875,68.75
26,MaltheMCTS,80,13,0,67,0.1625,16.25
26,Nangert_submission_v4,80,40,0,40,0.5,50.0
26,Sakkirina,80,53,0,27,0.6625,66.25
26,SakkirinaSolo,80,58,0,22,0.725,72.5
26,ZMyBot,80,11,0,69,0.1375,13.750000000000002
